transaction_id,date,filer,transaction_type,amount,payee,purpose,explanation,target_candidate,support_oppose,amount_toward_target,race,office,district,party,detail_url,first_seen,phase,target_as_filed,district_num,created_at
a_01m4bnexsff9jt0qc245vskc4w,2026-09-15,Safer Maine PAC,Independent Expenditure,131.27,Scale To Win,"PHO - Phone bank, robocalls/texts",Sent texts to Maine voters advocating for Hannah Pingree.,Hannah Pingree,Support,131.27,Governor,Governor,-,Democratic,https://www.mainecampaignfinancedisclosure.com/public/activities/a_01m4bnexsff9jt0qc245vskc4w,2026-10-07 17:13,General,,,2026-10-07 13:09
a_01m4bme5x2evtsdnxmsacz27ef,2026-10-05,MAINE DEMOCRATIC STATE COMMITTEE,Independent Expenditure,82526.02,Convergence Targeted Communication,"ONL - Social media, online ads",Digital Ads,Roger Albert,Oppose,1938.78,Representative District 2,Representative,2,Republican,https://www.mainecampaignfinancedisclosure.com/public/activities/a_01m4bme5x2evtsdnxmsacz27ef,2026-10-07 17:13,General,,2,2026-10-07 12:51
a_01m4bme5x2evtsdnxmsacz27ef,2026-10-05,MAINE DEMOCRATIC STATE COMMITTEE,Independent Expenditure,82526.02,Convergence Targeted Communication,"ONL - Social media, online ads",Digital Ads,Susan Bernard,Oppose,1717.88,Representative District 3,Representative,3,Republican,https://www.mainecampaignfinancedisclosure.com/public/activities/a_01m4bme5x2evtsdnxmsacz27ef,2026-10-07 17:13,General,,3,2026-10-07 12:51
a_01m4bme5x2evtsdnxmsacz27ef,2026-10-05,MAINE DEMOCRATIC STATE COMMITTEE,Independent Expenditure,82526.02,Convergence Targeted Communication,"ONL - Social media, online ads",Digital Ads,Russell P. White,Oppose,2100.73,Representative District 13,Representative,13,Republican,https://www.mainecampaignfinancedisclosure.com/public/activities/a_01m4bme5x2evtsdnxmsacz27ef,2026-10-07 17:13,General,,13,2026-10-07 12:51
a_01m4bme5x2evtsdnxmsacz27ef,2026-10-05,MAINE DEMOCRATIC STATE COMMITTEE,Independent Expenditure,82526.02,Convergence Targeted Communication,"ONL - Social media, online ads",Digital Ads,Steven Matthew Bishop,Oppose,2275.06,Representative District 17,Representative,17,Republican,https://www.mainecampaignfinancedisclosure.com/public/activities/a_01m4bme5x2evtsdnxmsacz27ef,2026-10-07 17:13,General,,17,2026-10-07 12:51
a_01m4bme5x2evtsdnxmsacz27ef,2026-10-05,MAINE DEMOCRATIC STATE COMMITTEE,Independent Expenditure,82526.02,Convergence Targeted Communication,"ONL - Social media, online ads",Digital Ads,Dani O'Halloran,Support,1912.03,Representative District 20,Representative,20,Democratic,https://www.mainecampaignfinancedisclosure.com/public/activities/a_01m4bme5x2evtsdnxmsacz27ef,2026-10-07 17:13,General,,20,2026-10-07 12:51
a_01m4bme5x2evtsdnxmsacz27ef,2026-10-05,MAINE DEMOCRATIC STATE COMMITTEE,Independent Expenditure,82526.02,Convergence Targeted Communication,"ONL - Social media, online ads",Digital Ads,Reagan Paul,Oppose,2229.50,Representative District 37,Representative,37,Republican,https://www.mainecampaignfinancedisclosure.com/public/activities/a_01m4bme5x2evtsdnxmsacz27ef,2026-10-07 17:13,General,,37,2026-10-07 12:51
a_01m4bme5x2evtsdnxmsacz27ef,2026-10-05,MAINE DEMOCRATIC STATE COMMITTEE,Independent Expenditure,82526.02,Convergence Targeted Communication,"ONL - Social media, online ads",Digital Ads,Trent Vellella,Support,2880.77,Representative District 49,Representative,49,Democratic,https://www.mainecampaignfinancedisclosure.com/public/activities/a_01m4bme5x2evtsdnxmsacz27ef,2026-10-07 17:13,General,,49,2026-10-07 12:51
a_01m4bme5x2evtsdnxmsacz27ef,2026-10-05,MAINE DEMOCRATIC STATE COMMITTEE,Independent Expenditure,82526.02,Convergence Targeted Communication,"ONL - Social media, online ads",Digital Ads,Sally Cluchey,Support,2414.73,Representative District 52,Representative,52,Democratic,https://www.mainecampaignfinancedisclosure.com/public/activities/a_01m4bme5x2evtsdnxmsacz27ef,2026-10-07 17:13,General,,52,2026-10-07 12:51
a_01m4bme5x2evtsdnxmsacz27ef,2026-10-05,MAINE DEMOCRATIC STATE COMMITTEE,Independent Expenditure,82526.02,Convergence Targeted Communication,"ONL - Social media, online ads",Digital Ads,Karen Montell,Support,2187.40,Representative District 54,Representative,54,Democratic,https://www.mainecampaignfinancedisclosure.com/public/activities/a_01m4bme5x2evtsdnxmsacz27ef,2026-10-07 17:13,General,,54,2026-10-07 12:51
a_01m4bme5x2evtsdnxmsacz27ef,2026-10-05,MAINE DEMOCRATIC STATE COMMITTEE,Independent Expenditure,82526.02,Convergence Targeted Communication,"ONL - Social media, online ads",Digital Ads,Maureen AuCoin,Support,2422.15,Representative District 55,Representative,55,Democratic,https://www.mainecampaignfinancedisclosure.com/public/activities/a_01m4bme5x2evtsdnxmsacz27ef,2026-10-07 17:13,General,,55,2026-10-07 12:51
a_01m4bme5x2evtsdnxmsacz27ef,2026-10-05,MAINE DEMOCRATIC STATE COMMITTEE,Independent Expenditure,82526.02,Convergence Targeted Communication,"ONL - Social media, online ads",Digital Ads,Katrina Couch Ray-Saulis,Support,2088.84,Representative District 59,Representative,59,Democratic,https://www.mainecampaignfinancedisclosure.com/public/activities/a_01m4bme5x2evtsdnxmsacz27ef,2026-10-07 17:13,General,,59,2026-10-07 12:51
a_01m4bme5x2evtsdnxmsacz27ef,2026-10-05,MAINE DEMOCRATIC STATE COMMITTEE,Independent Expenditure,82526.02,Convergence Targeted Communication,"ONL - Social media, online ads",Digital Ads,William R. Bridgeo,Support,2180.46,Representative District 60,Representative,60,Democratic,https://www.mainecampaignfinancedisclosure.com/public/activities/a_01m4bme5x2evtsdnxmsacz27ef,2026-10-07 17:13,General,,60,2026-10-07 12:51
a_01m4bme5x2evtsdnxmsacz27ef,2026-10-05,MAINE DEMOCRATIC STATE COMMITTEE,Independent Expenditure,82526.02,Convergence Targeted Communication,"ONL - Social media, online ads",Digital Ads,Matthew Channing Townsend,Support,1725.31,Representative District 67,Representative,67,Democratic,https://www.mainecampaignfinancedisclosure.com/public/activities/a_01m4bme5x2evtsdnxmsacz27ef,2026-10-07 17:13,General,,67,2026-10-07 12:51
a_01m4bme5x2evtsdnxmsacz27ef,2026-10-05,MAINE DEMOCRATIC STATE COMMITTEE,Independent Expenditure,82526.02,Convergence Targeted Communication,"ONL - Social media, online ads",Digital Ads,Jennifer Lynn Poirier,Oppose,1510.37,Representative District 70,Representative,70,Republican,https://www.mainecampaignfinancedisclosure.com/public/activities/a_01m4bme5x2evtsdnxmsacz27ef,2026-10-07 17:13,General,,70,2026-10-07 12:51
a_01m4bme5x2evtsdnxmsacz27ef,2026-10-05,MAINE DEMOCRATIC STATE COMMITTEE,Independent Expenditure,82526.02,Convergence Targeted Communication,"ONL - Social media, online ads",Digital Ads,H. Scott Landry,Support,1897.17,Representative District 75,Representative,75,Democratic,https://www.mainecampaignfinancedisclosure.com/public/activities/a_01m4bme5x2evtsdnxmsacz27ef,2026-10-07 17:13,General,,75,2026-10-07 12:51
a_01m4bme5x2evtsdnxmsacz27ef,2026-10-05,MAINE DEMOCRATIC STATE COMMITTEE,Independent Expenditure,82526.02,Convergence Targeted Communication,"ONL - Social media, online ads",Digital Ads,Rachel A. Henderson,Oppose,2171.55,Representative District 78,Representative,78,Republican,https://www.mainecampaignfinancedisclosure.com/public/activities/a_01m4bme5x2evtsdnxmsacz27ef,2026-10-07 17:13,General,,78,2026-10-07 12:51
a_01m4bme5x2evtsdnxmsacz27ef,2026-10-05,MAINE DEMOCRATIC STATE COMMITTEE,Independent Expenditure,82526.02,Convergence Targeted Communication,"ONL - Social media, online ads",Digital Ads,Peter Wood,Oppose,2640.07,Representative District 81,Representative,81,Republican,https://www.mainecampaignfinancedisclosure.com/public/activities/a_01m4bme5x2evtsdnxmsacz27ef,2026-10-07 17:13,General,,81,2026-10-07 12:51
a_01m4bme5x2evtsdnxmsacz27ef,2026-10-05,MAINE DEMOCRATIC STATE COMMITTEE,Independent Expenditure,82526.02,Convergence Targeted Communication,"ONL - Social media, online ads",Digital Ads,Caleb Joshua NESS,Oppose,2565.77,Representative District 82,Representative,82,Republican,https://www.mainecampaignfinancedisclosure.com/public/activities/a_01m4bme5x2evtsdnxmsacz27ef,2026-10-07 17:13,General,,82,2026-10-07 12:51
a_01m4bme5x2evtsdnxmsacz27ef,2026-10-05,MAINE DEMOCRATIC STATE COMMITTEE,Independent Expenditure,82526.02,Convergence Targeted Communication,"ONL - Social media, online ads",Digital Ads,Marygrace Cimino,Oppose,2840.15,Representative District 83,Representative,83,Republican,https://www.mainecampaignfinancedisclosure.com/public/activities/a_01m4bme5x2evtsdnxmsacz27ef,2026-10-07 17:13,General,,83,2026-10-07 12:51
a_01m4bme5x2evtsdnxmsacz27ef,2026-10-05,MAINE DEMOCRATIC STATE COMMITTEE,Independent Expenditure,82526.02,Convergence Targeted Communication,"ONL - Social media, online ads",Digital Ads,Rolf Arthur Olsen Jr.,Oppose,2862.44,Representative District 86,Representative,86,Republican,https://www.mainecampaignfinancedisclosure.com/public/activities/a_01m4bme5x2evtsdnxmsacz27ef,2026-10-07 17:13,General,,86,2026-10-07 12:51
a_01m4bme5x2evtsdnxmsacz27ef,2026-10-05,MAINE DEMOCRATIC STATE COMMITTEE,Independent Expenditure,82526.02,Convergence Targeted Communication,"ONL - Social media, online ads",Digital Ads,Quentin Chapman,Oppose,2304.77,Representative District 88,Representative,88,Republican,https://www.mainecampaignfinancedisclosure.com/public/activities/a_01m4bme5x2evtsdnxmsacz27ef,2026-10-07 17:13,General,,88,2026-10-07 12:51
a_01m4bme5x2evtsdnxmsacz27ef,2026-10-05,MAINE DEMOCRATIC STATE COMMITTEE,Independent Expenditure,82526.02,Convergence Targeted Communication,"ONL - Social media, online ads",Digital Ads,Pamela Hart,Oppose,2584.10,Representative District 90,Representative,90,Democratic,https://www.mainecampaignfinancedisclosure.com/public/activities/a_01m4bme5x2evtsdnxmsacz27ef,2026-10-07 17:13,General,,90,2026-10-07 12:51
a_01m4bme5x2evtsdnxmsacz27ef,2026-10-05,MAINE DEMOCRATIC STATE COMMITTEE,Independent Expenditure,82526.02,Convergence Targeted Communication,"ONL - Social media, online ads",Digital Ads,Julia McCabe,Support,2075.46,Representative District 93,Representative,93,Democratic,https://www.mainecampaignfinancedisclosure.com/public/activities/a_01m4bme5x2evtsdnxmsacz27ef,2026-10-07 17:13,General,,93,2026-10-07 12:51
a_01m4bme5x2evtsdnxmsacz27ef,2026-10-05,MAINE DEMOCRATIC STATE COMMITTEE,Independent Expenditure,82526.02,Convergence Targeted Communication,"ONL - Social media, online ads",Digital Ads,Scott A. Harriman,Support,1861.50,Representative District 94,Representative,94,Democratic,https://www.mainecampaignfinancedisclosure.com/public/activities/a_01m4bme5x2evtsdnxmsacz27ef,2026-10-07 17:13,General,,94,2026-10-07 12:51
a_01m4bme5x2evtsdnxmsacz27ef,2026-10-05,MAINE DEMOCRATIC STATE COMMITTEE,Independent Expenditure,82526.02,Convergence Targeted Communication,"ONL - Social media, online ads",Digital Ads,Luke Dylan Jensen,Support,2457.80,Representative District 96,Representative,96,Democratic,https://www.mainecampaignfinancedisclosure.com/public/activities/a_01m4bme5x2evtsdnxmsacz27ef,2026-10-07 17:13,General,,96,2026-10-07 12:51
a_01m4bme5x2evtsdnxmsacz27ef,2026-10-05,MAINE DEMOCRATIC STATE COMMITTEE,Independent Expenditure,82526.02,Convergence Targeted Communication,"ONL - Social media, online ads",Digital Ads,Kilton McCarthy Webb,Support,2530.11,Representative District 98,Representative,98,Democratic,https://www.mainecampaignfinancedisclosure.com/public/activities/a_01m4bme5x2evtsdnxmsacz27ef,2026-10-07 17:13,General,,98,2026-10-07 12:51
a_01m4bme5x2evtsdnxmsacz27ef,2026-10-05,MAINE DEMOCRATIC STATE COMMITTEE,Independent Expenditure,82526.02,Convergence Targeted Communication,"ONL - Social media, online ads",Digital Ads,Barbara Anne Bagshaw,Oppose,2671.26,Representative District 106,Representative,106,Republican,https://www.mainecampaignfinancedisclosure.com/public/activities/a_01m4bme5x2evtsdnxmsacz27ef,2026-10-07 17:13,General,,106,2026-10-07 12:51
a_01m4bme5x2evtsdnxmsacz27ef,2026-10-05,MAINE DEMOCRATIC STATE COMMITTEE,Independent Expenditure,82526.02,Convergence Targeted Communication,"ONL - Social media, online ads",Digital Ads,Mark C. Cooper,Oppose,2596.97,Representative District 107,Representative,107,Republican,https://www.mainecampaignfinancedisclosure.com/public/activities/a_01m4bme5x2evtsdnxmsacz27ef,2026-10-07 17:13,General,,107,2026-10-07 12:51
a_01m4bme5x2evtsdnxmsacz27ef,2026-10-05,MAINE DEMOCRATIC STATE COMMITTEE,Independent Expenditure,82526.02,Convergence Targeted Communication,"ONL - Social media, online ads",Digital Ads,Parnell Terry,Support,2643.03,Representative District 108,Representative,108,Democratic,https://www.mainecampaignfinancedisclosure.com/public/activities/a_01m4bme5x2evtsdnxmsacz27ef,2026-10-07 17:13,General,,108,2026-10-07 12:51
a_01m4bme5x2evtsdnxmsacz27ef,2026-10-05,MAINE DEMOCRATIC STATE COMMITTEE,Independent Expenditure,82526.02,Convergence Targeted Communication,"ONL - Social media, online ads",Digital Ads,Robert Kelly,Support,2611.83,Representative District 131,Representative,131,Democratic,https://www.mainecampaignfinancedisclosure.com/public/activities/a_01m4bme5x2evtsdnxmsacz27ef,2026-10-07 17:13,General,,131,2026-10-07 12:51
a_01m4bme5x2evtsdnxmsacz27ef,2026-10-05,MAINE DEMOCRATIC STATE COMMITTEE,Independent Expenditure,82526.02,Convergence Targeted Communication,"ONL - Social media, online ads",Digital Ads,"Marc G. Malon, II",Support,2564.78,Representative District 133,Representative,133,Democratic,https://www.mainecampaignfinancedisclosure.com/public/activities/a_01m4bme5x2evtsdnxmsacz27ef,2026-10-07 17:13,General,,133,2026-10-07 12:51
a_01m4bme5x2evtsdnxmsacz27ef,2026-10-05,MAINE DEMOCRATIC STATE COMMITTEE,Independent Expenditure,82526.02,Convergence Targeted Communication,"ONL - Social media, online ads",Digital Ads,Ayn Hanselmann,Support,1652.00,Representative District 142,Representative,142,Democratic,https://www.mainecampaignfinancedisclosure.com/public/activities/a_01m4bme5x2evtsdnxmsacz27ef,2026-10-07 17:13,General,,142,2026-10-07 12:51
a_01m4bme5x2evtsdnxmsacz27ef,2026-10-05,MAINE DEMOCRATIC STATE COMMITTEE,Independent Expenditure,82526.02,Convergence Targeted Communication,"ONL - Social media, online ads",Digital Ads,John Robert Henkelman III,Support,1924.90,Representative District 143,Representative,143,Democratic,https://www.mainecampaignfinancedisclosure.com/public/activities/a_01m4bme5x2evtsdnxmsacz27ef,2026-10-07 17:13,General,,143,2026-10-07 12:51
a_01m4bme5x2evtsdnxmsacz27ef,2026-10-05,MAINE DEMOCRATIC STATE COMMITTEE,Independent Expenditure,82526.02,Convergence Targeted Communication,"ONL - Social media, online ads",Digital Ads,Kristin Tyra Davis,Support,2833.22,Representative District 145,Representative,145,Democratic,https://www.mainecampaignfinancedisclosure.com/public/activities/a_01m4bme5x2evtsdnxmsacz27ef,2026-10-07 17:13,General,,145,2026-10-07 12:51
a_01m4bme5x2evtsdnxmsacz27ef,2026-10-05,MAINE DEMOCRATIC STATE COMMITTEE,Independent Expenditure,82526.02,Convergence Targeted Communication,"ONL - Social media, online ads",Digital Ads,Sheila Lyman,Oppose,2140.84,Representative District 76,Representative,76,Republican,https://www.mainecampaignfinancedisclosure.com/public/activities/a_01m4bme5x2evtsdnxmsacz27ef,2026-10-07 17:13,General,,76,2026-10-07 12:51
a_01m4bme5x2evtsdnxmsacz27ef,2026-10-05,MAINE DEMOCRATIC STATE COMMITTEE,Independent Expenditure,82526.02,Convergence Targeted Communication,"ONL - Social media, online ads",Digital Ads,Wayne K. Farrin,Support,2512.29,Representative District 47,Representative,47,Democratic,https://www.mainecampaignfinancedisclosure.com/public/activities/a_01m4bme5x2evtsdnxmsacz27ef,2026-10-07 17:13,General,,47,2026-10-07 12:51
a_01m4a77pftfpwvhpyadvw0zepp,2026-10-06,MAINE DEMOCRATIC STATE COMMITTEE,Independent Expenditure,37318.59,"JM2, LLC",MHS - Direct mail (all costs included),Mail Printing & Postage,Michael Tipping,Support,2929.68,Senator District 8,Senator,8,Democratic,https://www.mainecampaignfinancedisclosure.com/public/activities/a_01m4a77pftfpwvhpyadvw0zepp,2026-10-07 18:31,General,,8,2026-10-06 23:41
a_01m4a77pftfpwvhpyadvw0zepp,2026-10-06,MAINE DEMOCRATIC STATE COMMITTEE,Independent Expenditure,37318.59,"JM2, LLC",MHS - Direct mail (all costs included),Mail Printing & Postage,Leo Christopher Kenney,Oppose,2929.68,Senator District 8,Senator,8,Republican,https://www.mainecampaignfinancedisclosure.com/public/activities/a_01m4a77pftfpwvhpyadvw0zepp,2026-10-07 18:31,General,,8,2026-10-06 23:41
a_01m4a77pftfpwvhpyadvw0zepp,2026-10-06,MAINE DEMOCRATIC STATE COMMITTEE,Independent Expenditure,37318.59,"JM2, LLC",MHS - Direct mail (all costs included),Mail Printing & Postage,Craig Hickman,Support,6713.20,Senator District 14,Senator,14,Democratic,https://www.mainecampaignfinancedisclosure.com/public/activities/a_01m4a77pftfpwvhpyadvw0zepp,2026-10-07 18:31,General,,14,2026-10-06 23:41
a_01m4a77pftfpwvhpyadvw0zepp,2026-10-06,MAINE DEMOCRATIC STATE COMMITTEE,Independent Expenditure,37318.59,"JM2, LLC",MHS - Direct mail (all costs included),Mail Printing & Postage,Kati L. McCormick,Oppose,5863.79,Senator District 15,Senator,15,Republican,https://www.mainecampaignfinancedisclosure.com/public/activities/a_01m4a77pftfpwvhpyadvw0zepp,2026-10-07 18:31,General,,15,2026-10-06 23:41
a_01m4a77pftfpwvhpyadvw0zepp,2026-10-06,MAINE DEMOCRATIC STATE COMMITTEE,Independent Expenditure,37318.59,"JM2, LLC",MHS - Direct mail (all costs included),Mail Printing & Postage,Patric Moore,Support,2723.76,Senator District 16,Senator,16,Democratic,https://www.mainecampaignfinancedisclosure.com/public/activities/a_01m4a77pftfpwvhpyadvw0zepp,2026-10-07 18:31,General,,16,2026-10-06 23:41
a_01m4a77pftfpwvhpyadvw0zepp,2026-10-06,MAINE DEMOCRATIC STATE COMMITTEE,Independent Expenditure,37318.59,"JM2, LLC",MHS - Direct mail (all costs included),Mail Printing & Postage,Scott W. Cyrway,Oppose,2723.76,Senator District 16,Senator,16,Republican,https://www.mainecampaignfinancedisclosure.com/public/activities/a_01m4a77pftfpwvhpyadvw0zepp,2026-10-07 18:31,General,,16,2026-10-06 23:41
a_01m4a77pftfpwvhpyadvw0zepp,2026-10-06,MAINE DEMOCRATIC STATE COMMITTEE,Independent Expenditure,37318.59,"JM2, LLC",MHS - Direct mail (all costs included),Mail Printing & Postage,Michael R. Scott,Support,3418.48,Senator District 20,Senator,20,Democratic,https://www.mainecampaignfinancedisclosure.com/public/activities/a_01m4a77pftfpwvhpyadvw0zepp,2026-10-07 18:31,General,,20,2026-10-06 23:41
a_01m4a77pftfpwvhpyadvw0zepp,2026-10-06,MAINE DEMOCRATIC STATE COMMITTEE,Independent Expenditure,37318.59,"JM2, LLC",MHS - Direct mail (all costs included),Mail Printing & Postage,Bruce Bickford,Oppose,3418.48,Senator District 20,Senator,20,Republican,https://www.mainecampaignfinancedisclosure.com/public/activities/a_01m4a77pftfpwvhpyadvw0zepp,2026-10-07 18:31,General,,20,2026-10-06 23:41
a_01m4a77pftfpwvhpyadvw0zepp,2026-10-06,MAINE DEMOCRATIC STATE COMMITTEE,Independent Expenditure,37318.59,"JM2, LLC",MHS - Direct mail (all costs included),Mail Printing & Postage,Kenneth Cianchette,Oppose,6597.76,Senator District 26,Senator,26,Republican,https://www.mainecampaignfinancedisclosure.com/public/activities/a_01m4a77pftfpwvhpyadvw0zepp,2026-10-07 18:31,General,,26,2026-10-06 23:41
a_01m4a6yr87fzbadfg29c5rg3d7,2026-10-05,MAINE DEMOCRATIC STATE COMMITTEE,Independent Expenditure,82526.02,Convergence Targeted Communication,"ONL - Social media, online ads",Digital Ads,Roger Albert,Oppose,1938.78,Representative District 2,Representative,2,Republican,https://www.mainecampaignfinancedisclosure.com/public/activities/a_01m4a6yr87fzbadfg29c5rg3d7,2026-10-07 03:51,General,,2,2026-10-06 23:36
a_01m4a6yr87fzbadfg29c5rg3d7,2026-10-05,MAINE DEMOCRATIC STATE COMMITTEE,Independent Expenditure,82526.02,Convergence Targeted Communication,"ONL - Social media, online ads",Digital Ads,Susan Bernard,Oppose,1717.88,Representative District 3,Representative,3,Republican,https://www.mainecampaignfinancedisclosure.com/public/activities/a_01m4a6yr87fzbadfg29c5rg3d7,2026-10-07 03:51,General,,3,2026-10-06 23:36
a_01m4a6yr87fzbadfg29c5rg3d7,2026-10-05,MAINE DEMOCRATIC STATE COMMITTEE,Independent Expenditure,82526.02,Convergence Targeted Communication,"ONL - Social media, online ads",Digital Ads,Russell P. White,Oppose,2100.73,Representative District 13,Representative,13,Republican,https://www.mainecampaignfinancedisclosure.com/public/activities/a_01m4a6yr87fzbadfg29c5rg3d7,2026-10-07 03:51,General,,13,2026-10-06 23:36
a_01m4a6yr87fzbadfg29c5rg3d7,2026-10-05,MAINE DEMOCRATIC STATE COMMITTEE,Independent Expenditure,82526.02,Convergence Targeted Communication,"ONL - Social media, online ads",Digital Ads,Steven Matthew Bishop,Oppose,2275.06,Representative District 17,Representative,17,Republican,https://www.mainecampaignfinancedisclosure.com/public/activities/a_01m4a6yr87fzbadfg29c5rg3d7,2026-10-07 03:51,General,,17,2026-10-06 23:36
a_01m4a6yr87fzbadfg29c5rg3d7,2026-10-05,MAINE DEMOCRATIC STATE COMMITTEE,Independent Expenditure,82526.02,Convergence Targeted Communication,"ONL - Social media, online ads",Digital Ads,Dani O'Halloran,Support,1912.03,Representative District 20,Representative,20,Democratic,https://www.mainecampaignfinancedisclosure.com/public/activities/a_01m4a6yr87fzbadfg29c5rg3d7,2026-10-07 03:51,General,,20,2026-10-06 23:36
a_01m4a6yr87fzbadfg29c5rg3d7,2026-10-05,MAINE DEMOCRATIC STATE COMMITTEE,Independent Expenditure,82526.02,Convergence Targeted Communication,"ONL - Social media, online ads",Digital Ads,Reagan Paul,Oppose,2229.50,Representative District 37,Representative,37,Republican,https://www.mainecampaignfinancedisclosure.com/public/activities/a_01m4a6yr87fzbadfg29c5rg3d7,2026-10-07 03:51,General,,37,2026-10-06 23:36
a_01m4a6yr87fzbadfg29c5rg3d7,2026-10-05,MAINE DEMOCRATIC STATE COMMITTEE,Independent Expenditure,82526.02,Convergence Targeted Communication,"ONL - Social media, online ads",Digital Ads,Trent Vellella,Support,2880.77,Representative District 49,Representative,49,Democratic,https://www.mainecampaignfinancedisclosure.com/public/activities/a_01m4a6yr87fzbadfg29c5rg3d7,2026-10-07 03:51,General,,49,2026-10-06 23:36
a_01m4a6yr87fzbadfg29c5rg3d7,2026-10-05,MAINE DEMOCRATIC STATE COMMITTEE,Independent Expenditure,82526.02,Convergence Targeted Communication,"ONL - Social media, online ads",Digital Ads,Sally Cluchey,Support,2414.73,Representative District 52,Representative,52,Democratic,https://www.mainecampaignfinancedisclosure.com/public/activities/a_01m4a6yr87fzbadfg29c5rg3d7,2026-10-07 03:51,General,,52,2026-10-06 23:36
a_01m4a6yr87fzbadfg29c5rg3d7,2026-10-05,MAINE DEMOCRATIC STATE COMMITTEE,Independent Expenditure,82526.02,Convergence Targeted Communication,"ONL - Social media, online ads",Digital Ads,Karen Montell,Support,2187.40,Representative District 54,Representative,54,Democratic,https://www.mainecampaignfinancedisclosure.com/public/activities/a_01m4a6yr87fzbadfg29c5rg3d7,2026-10-07 03:51,General,,54,2026-10-06 23:36
a_01m4a6yr87fzbadfg29c5rg3d7,2026-10-05,MAINE DEMOCRATIC STATE COMMITTEE,Independent Expenditure,82526.02,Convergence Targeted Communication,"ONL - Social media, online ads",Digital Ads,Maureen AuCoin,Support,2422.15,Representative District 55,Representative,55,Democratic,https://www.mainecampaignfinancedisclosure.com/public/activities/a_01m4a6yr87fzbadfg29c5rg3d7,2026-10-07 03:51,General,,55,2026-10-06 23:36
a_01m4a6yr87fzbadfg29c5rg3d7,2026-10-05,MAINE DEMOCRATIC STATE COMMITTEE,Independent Expenditure,82526.02,Convergence Targeted Communication,"ONL - Social media, online ads",Digital Ads,Katrina Couch Ray-Saulis,Support,2088.84,Representative District 59,Representative,59,Democratic,https://www.mainecampaignfinancedisclosure.com/public/activities/a_01m4a6yr87fzbadfg29c5rg3d7,2026-10-07 03:51,General,,59,2026-10-06 23:36
a_01m4a6yr87fzbadfg29c5rg3d7,2026-10-05,MAINE DEMOCRATIC STATE COMMITTEE,Independent Expenditure,82526.02,Convergence Targeted Communication,"ONL - Social media, online ads",Digital Ads,William R. Bridgeo,Support,2180.46,Representative District 60,Representative,60,Democratic,https://www.mainecampaignfinancedisclosure.com/public/activities/a_01m4a6yr87fzbadfg29c5rg3d7,2026-10-07 03:51,General,,60,2026-10-06 23:36
a_01m4a6yr87fzbadfg29c5rg3d7,2026-10-05,MAINE DEMOCRATIC STATE COMMITTEE,Independent Expenditure,82526.02,Convergence Targeted Communication,"ONL - Social media, online ads",Digital Ads,Matthew Channing Townsend,Support,1725.31,Representative District 67,Representative,67,Democratic,https://www.mainecampaignfinancedisclosure.com/public/activities/a_01m4a6yr87fzbadfg29c5rg3d7,2026-10-07 03:51,General,,67,2026-10-06 23:36
a_01m4a6yr87fzbadfg29c5rg3d7,2026-10-05,MAINE DEMOCRATIC STATE COMMITTEE,Independent Expenditure,82526.02,Convergence Targeted Communication,"ONL - Social media, online ads",Digital Ads,Jennifer Lynn Poirier,Support,1510.37,Representative District 70,Representative,70,Republican,https://www.mainecampaignfinancedisclosure.com/public/activities/a_01m4a6yr87fzbadfg29c5rg3d7,2026-10-07 03:51,General,,70,2026-10-06 23:36
a_01m4a6yr87fzbadfg29c5rg3d7,2026-10-05,MAINE DEMOCRATIC STATE COMMITTEE,Independent Expenditure,82526.02,Convergence Targeted Communication,"ONL - Social media, online ads",Digital Ads,H. Scott Landry,Support,1897.17,Representative District 75,Representative,75,Democratic,https://www.mainecampaignfinancedisclosure.com/public/activities/a_01m4a6yr87fzbadfg29c5rg3d7,2026-10-07 03:51,General,,75,2026-10-06 23:36
a_01m4a6yr87fzbadfg29c5rg3d7,2026-10-05,MAINE DEMOCRATIC STATE COMMITTEE,Independent Expenditure,82526.02,Convergence Targeted Communication,"ONL - Social media, online ads",Digital Ads,Rachel A. Henderson,Oppose,2171.55,Representative District 78,Representative,78,Republican,https://www.mainecampaignfinancedisclosure.com/public/activities/a_01m4a6yr87fzbadfg29c5rg3d7,2026-10-07 03:51,General,,78,2026-10-06 23:36
a_01m4a6yr87fzbadfg29c5rg3d7,2026-10-05,MAINE DEMOCRATIC STATE COMMITTEE,Independent Expenditure,82526.02,Convergence Targeted Communication,"ONL - Social media, online ads",Digital Ads,Peter Wood,Oppose,2640.07,Representative District 81,Representative,81,Republican,https://www.mainecampaignfinancedisclosure.com/public/activities/a_01m4a6yr87fzbadfg29c5rg3d7,2026-10-07 03:51,General,,81,2026-10-06 23:36
a_01m4a6yr87fzbadfg29c5rg3d7,2026-10-05,MAINE DEMOCRATIC STATE COMMITTEE,Independent Expenditure,82526.02,Convergence Targeted Communication,"ONL - Social media, online ads",Digital Ads,Caleb Joshua NESS,Oppose,2565.77,Representative District 82,Representative,82,Republican,https://www.mainecampaignfinancedisclosure.com/public/activities/a_01m4a6yr87fzbadfg29c5rg3d7,2026-10-07 03:51,General,,82,2026-10-06 23:36
a_01m4a6yr87fzbadfg29c5rg3d7,2026-10-05,MAINE DEMOCRATIC STATE COMMITTEE,Independent Expenditure,82526.02,Convergence Targeted Communication,"ONL - Social media, online ads",Digital Ads,Marygrace Cimino,Oppose,2840.15,Representative District 83,Representative,83,Republican,https://www.mainecampaignfinancedisclosure.com/public/activities/a_01m4a6yr87fzbadfg29c5rg3d7,2026-10-07 03:51,General,,83,2026-10-06 23:36
a_01m4a6yr87fzbadfg29c5rg3d7,2026-10-05,MAINE DEMOCRATIC STATE COMMITTEE,Independent Expenditure,82526.02,Convergence Targeted Communication,"ONL - Social media, online ads",Digital Ads,Rolf Arthur Olsen Jr.,Oppose,2862.44,Representative District 86,Representative,86,Republican,https://www.mainecampaignfinancedisclosure.com/public/activities/a_01m4a6yr87fzbadfg29c5rg3d7,2026-10-07 03:51,General,,86,2026-10-06 23:36
a_01m4a6yr87fzbadfg29c5rg3d7,2026-10-05,MAINE DEMOCRATIC STATE COMMITTEE,Independent Expenditure,82526.02,Convergence Targeted Communication,"ONL - Social media, online ads",Digital Ads,Quentin Chapman,Oppose,2304.77,Representative District 88,Representative,88,Republican,https://www.mainecampaignfinancedisclosure.com/public/activities/a_01m4a6yr87fzbadfg29c5rg3d7,2026-10-07 03:51,General,,88,2026-10-06 23:36
a_01m4a6yr87fzbadfg29c5rg3d7,2026-10-05,MAINE DEMOCRATIC STATE COMMITTEE,Independent Expenditure,82526.02,Convergence Targeted Communication,"ONL - Social media, online ads",Digital Ads,Pamela Hart,Oppose,2584.10,Representative District 90,Representative,90,Democratic,https://www.mainecampaignfinancedisclosure.com/public/activities/a_01m4a6yr87fzbadfg29c5rg3d7,2026-10-07 03:51,General,,90,2026-10-06 23:36
a_01m4a6yr87fzbadfg29c5rg3d7,2026-10-05,MAINE DEMOCRATIC STATE COMMITTEE,Independent Expenditure,82526.02,Convergence Targeted Communication,"ONL - Social media, online ads",Digital Ads,Julia McCabe,Support,2075.46,Representative District 93,Representative,93,Democratic,https://www.mainecampaignfinancedisclosure.com/public/activities/a_01m4a6yr87fzbadfg29c5rg3d7,2026-10-07 03:51,General,,93,2026-10-06 23:36
a_01m4a6yr87fzbadfg29c5rg3d7,2026-10-05,MAINE DEMOCRATIC STATE COMMITTEE,Independent Expenditure,82526.02,Convergence Targeted Communication,"ONL - Social media, online ads",Digital Ads,Scott A. Harriman,Support,1861.50,Representative District 94,Representative,94,Democratic,https://www.mainecampaignfinancedisclosure.com/public/activities/a_01m4a6yr87fzbadfg29c5rg3d7,2026-10-07 03:51,General,,94,2026-10-06 23:36
a_01m4a6yr87fzbadfg29c5rg3d7,2026-10-05,MAINE DEMOCRATIC STATE COMMITTEE,Independent Expenditure,82526.02,Convergence Targeted Communication,"ONL - Social media, online ads",Digital Ads,Luke Dylan Jensen,Support,2457.80,Representative District 96,Representative,96,Democratic,https://www.mainecampaignfinancedisclosure.com/public/activities/a_01m4a6yr87fzbadfg29c5rg3d7,2026-10-07 03:51,General,,96,2026-10-06 23:36
a_01m4a6yr87fzbadfg29c5rg3d7,2026-10-05,MAINE DEMOCRATIC STATE COMMITTEE,Independent Expenditure,82526.02,Convergence Targeted Communication,"ONL - Social media, online ads",Digital Ads,Kilton McCarthy Webb,Support,2530.11,Representative District 98,Representative,98,Democratic,https://www.mainecampaignfinancedisclosure.com/public/activities/a_01m4a6yr87fzbadfg29c5rg3d7,2026-10-07 03:51,General,,98,2026-10-06 23:36
a_01m4a6yr87fzbadfg29c5rg3d7,2026-10-05,MAINE DEMOCRATIC STATE COMMITTEE,Independent Expenditure,82526.02,Convergence Targeted Communication,"ONL - Social media, online ads",Digital Ads,Barbara Anne Bagshaw,Oppose,2671.26,Representative District 106,Representative,106,Republican,https://www.mainecampaignfinancedisclosure.com/public/activities/a_01m4a6yr87fzbadfg29c5rg3d7,2026-10-07 03:51,General,,106,2026-10-06 23:36
a_01m4a6yr87fzbadfg29c5rg3d7,2026-10-05,MAINE DEMOCRATIC STATE COMMITTEE,Independent Expenditure,82526.02,Convergence Targeted Communication,"ONL - Social media, online ads",Digital Ads,Mark C. Cooper,Oppose,2596.97,Representative District 107,Representative,107,Republican,https://www.mainecampaignfinancedisclosure.com/public/activities/a_01m4a6yr87fzbadfg29c5rg3d7,2026-10-07 03:51,General,,107,2026-10-06 23:36
a_01m4a6yr87fzbadfg29c5rg3d7,2026-10-05,MAINE DEMOCRATIC STATE COMMITTEE,Independent Expenditure,82526.02,Convergence Targeted Communication,"ONL - Social media, online ads",Digital Ads,Parnell Terry,Support,2643.03,Representative District 108,Representative,108,Democratic,https://www.mainecampaignfinancedisclosure.com/public/activities/a_01m4a6yr87fzbadfg29c5rg3d7,2026-10-07 03:51,General,,108,2026-10-06 23:36
a_01m4a6yr87fzbadfg29c5rg3d7,2026-10-05,MAINE DEMOCRATIC STATE COMMITTEE,Independent Expenditure,82526.02,Convergence Targeted Communication,"ONL - Social media, online ads",Digital Ads,Robert Kelly,Support,2611.83,Representative District 131,Representative,131,Democratic,https://www.mainecampaignfinancedisclosure.com/public/activities/a_01m4a6yr87fzbadfg29c5rg3d7,2026-10-07 03:51,General,,131,2026-10-06 23:36
a_01m4a6yr87fzbadfg29c5rg3d7,2026-10-05,MAINE DEMOCRATIC STATE COMMITTEE,Independent Expenditure,82526.02,Convergence Targeted Communication,"ONL - Social media, online ads",Digital Ads,"Marc G. Malon, II",Support,2564.78,Representative District 133,Representative,133,Democratic,https://www.mainecampaignfinancedisclosure.com/public/activities/a_01m4a6yr87fzbadfg29c5rg3d7,2026-10-07 03:51,General,,133,2026-10-06 23:36
a_01m4a6yr87fzbadfg29c5rg3d7,2026-10-05,MAINE DEMOCRATIC STATE COMMITTEE,Independent Expenditure,82526.02,Convergence Targeted Communication,"ONL - Social media, online ads",Digital Ads,Ayn Hanselmann,Support,1652.00,Representative District 142,Representative,142,Democratic,https://www.mainecampaignfinancedisclosure.com/public/activities/a_01m4a6yr87fzbadfg29c5rg3d7,2026-10-07 03:51,General,,142,2026-10-06 23:36
a_01m4a6yr87fzbadfg29c5rg3d7,2026-10-05,MAINE DEMOCRATIC STATE COMMITTEE,Independent Expenditure,82526.02,Convergence Targeted Communication,"ONL - Social media, online ads",Digital Ads,John Robert Henkelman III,Support,1924.90,Representative District 143,Representative,143,Democratic,https://www.mainecampaignfinancedisclosure.com/public/activities/a_01m4a6yr87fzbadfg29c5rg3d7,2026-10-07 03:51,General,,143,2026-10-06 23:36
a_01m4a6yr87fzbadfg29c5rg3d7,2026-10-05,MAINE DEMOCRATIC STATE COMMITTEE,Independent Expenditure,82526.02,Convergence Targeted Communication,"ONL - Social media, online ads",Digital Ads,Kristin Tyra Davis,Support,2833.22,Representative District 145,Representative,145,Democratic,https://www.mainecampaignfinancedisclosure.com/public/activities/a_01m4a6yr87fzbadfg29c5rg3d7,2026-10-07 03:51,General,,145,2026-10-06 23:36
a_01m4a6yr87fzbadfg29c5rg3d7,2026-10-05,MAINE DEMOCRATIC STATE COMMITTEE,Independent Expenditure,82526.02,Convergence Targeted Communication,"ONL - Social media, online ads",Digital Ads,Sheila Lyman,Oppose,2140.84,Representative District 76,Representative,76,Republican,https://www.mainecampaignfinancedisclosure.com/public/activities/a_01m4a6yr87fzbadfg29c5rg3d7,2026-10-07 03:51,General,,76,2026-10-06 23:36
a_01m4a6yr87fzbadfg29c5rg3d7,2026-10-05,MAINE DEMOCRATIC STATE COMMITTEE,Independent Expenditure,82526.02,Convergence Targeted Communication,"ONL - Social media, online ads",Digital Ads,Wayne K. Farrin,Support,2512.29,Representative District 47,Representative,47,Democratic,https://www.mainecampaignfinancedisclosure.com/public/activities/a_01m4a6yr87fzbadfg29c5rg3d7,2026-10-07 03:51,General,,47,2026-10-06 23:36
a_01m49b26mqeg6ts32w6jstwrj1,2026-10-05,REBUILD MAINE,Independent Expenditure,7040.37,Moxie Media,MHS - Direct mail (all costs included),SD 19 Mail,Peter J. Southam,Support,5280.28,Senator District 19,Senator,19,Democratic,https://www.mainecampaignfinancedisclosure.com/public/activities/a_01m49b26mqeg6ts32w6jstwrj1,2026-10-06 23:22,General,,19,2026-10-06 15:29
a_01m49b26mqeg6ts32w6jstwrj1,2026-10-05,REBUILD MAINE,Independent Expenditure,7040.37,Moxie Media,MHS - Direct mail (all costs included),SD 19 Mail,Joseph Edward Martin,Oppose,1760.09,Senator District 19,Senator,19,Republican,https://www.mainecampaignfinancedisclosure.com/public/activities/a_01m49b26mqeg6ts32w6jstwrj1,2026-10-06 23:22,General,,19,2026-10-06 15:29
a_01m49afxq2fs2a4d2pjynw10y3,2026-10-05,REBUILD MAINE,Independent Expenditure,7479.37,Moxie Media,MHS - Direct mail (all costs included),SD 18 Mail,Elizabeth D. Bosworth,Support,5609.53,Senator District 18,Senator,18,Democratic,https://www.mainecampaignfinancedisclosure.com/public/activities/a_01m49afxq2fs2a4d2pjynw10y3,2026-10-06 23:22,General,,18,2026-10-06 15:19
a_01m49afxq2fs2a4d2pjynw10y3,2026-10-05,REBUILD MAINE,Independent Expenditure,7479.37,Moxie Media,MHS - Direct mail (all costs included),SD 18 Mail,John Andrews,Oppose,1869.84,Senator District 18,Senator,18,Republican,https://www.mainecampaignfinancedisclosure.com/public/activities/a_01m49afxq2fs2a4d2pjynw10y3,2026-10-06 23:22,General,,18,2026-10-06 15:19
a_01m499c0pyexxbn512j8y6kmah,2026-10-05,REBUILD MAINE,Independent Expenditure,8102.37,Moxie Media,MHS - Direct mail (all costs included),SD 16 Mail,Patric Moore,Support,6076.78,Senator District 16,Senator,16,Democratic,https://www.mainecampaignfinancedisclosure.com/public/activities/a_01m499c0pyexxbn512j8y6kmah,2026-10-06 23:22,General,,16,2026-10-06 14:59
a_01m499c0pyexxbn512j8y6kmah,2026-10-05,REBUILD MAINE,Independent Expenditure,8102.37,Moxie Media,MHS - Direct mail (all costs included),SD 16 Mail,Scott W. Cyrway,Oppose,2025.59,Senator District 16,Senator,16,Republican,https://www.mainecampaignfinancedisclosure.com/public/activities/a_01m499c0pyexxbn512j8y6kmah,2026-10-06 23:22,General,,16,2026-10-06 14:59
a_01m49991dzexetn3ytze44j3xa,2026-10-05,REBUILD MAINE,Independent Expenditure,7426.37,Moxie Media,MHS - Direct mail (all costs included),SD 9 Mail,Amy J Roeder,Support,7426.37,Senator District 9,Senator,9,Democratic,https://www.mainecampaignfinancedisclosure.com/public/activities/a_01m49991dzexetn3ytze44j3xa,2026-10-06 23:22,General,,9,2026-10-06 14:58
a_01m4995tp8f4h8hfejb5p8g9vm,2026-10-05,REBUILD MAINE,Independent Expenditure,2607.36,Moxie Media,MHS - Direct mail (all costs included),HD 145 Mail,Kristin Tyra Davis,Support,2607.36,Representative District 145,Representative,145,Democratic,https://www.mainecampaignfinancedisclosure.com/public/activities/a_01m4995tp8f4h8hfejb5p8g9vm,2026-10-06 23:22,General,,145,2026-10-06 14:56
a_01m498wheffygv8w4z74fcqjw0,2026-10-05,REBUILD MAINE,Independent Expenditure,1950.36,Moxie Media,MHS - Direct mail (all costs included),HD 143 Mail,John Robert Henkelman III,Support,1950.36,Representative District 143,Representative,143,Democratic,https://www.mainecampaignfinancedisclosure.com/public/activities/a_01m498wheffygv8w4z74fcqjw0,2026-10-06 23:22,General,,143,2026-10-06 14:51
a_01m498t66xfmpb92kewarfnb1v,2026-10-05,REBUILD MAINE,Independent Expenditure,1776.36,Moxie Media,MHS - Direct mail (all costs included),HD 142 Mail,Ayn Hanselmann,Support,1776.36,Representative District 142,Representative,142,Democratic,https://www.mainecampaignfinancedisclosure.com/public/activities/a_01m498t66xfmpb92kewarfnb1v,2026-10-06 23:22,General,,142,2026-10-06 14:49
a_01m498jjp3ffqvq2qmz3ay5pby,2026-10-05,REBUILD MAINE,Independent Expenditure,1811.36,Moxie Media,MHS - Direct mail (all costs included),HD 141 Mail,Rebecca Lynn Flood Andrews,Support,1811.36,Representative District 141,Representative,141,Democratic,https://www.mainecampaignfinancedisclosure.com/public/activities/a_01m498jjp3ffqvq2qmz3ay5pby,2026-10-06 23:22,General,,141,2026-10-06 14:45
a_01m498fa0se4xshrhz10nz4rp0,2026-10-05,REBUILD MAINE,Independent Expenditure,1981.36,Moxie Media,MHS - Direct mail (all costs included),HD 137 Mail,Charles Edward Tilburg,Support,1486.02,Representative District 137,Representative,137,Democratic,https://www.mainecampaignfinancedisclosure.com/public/activities/a_01m498fa0se4xshrhz10nz4rp0,2026-10-06 23:22,General,,137,2026-10-06 14:44
a_01m498fa0se4xshrhz10nz4rp0,2026-10-05,REBUILD MAINE,Independent Expenditure,1981.36,Moxie Media,MHS - Direct mail (all costs included),HD 137 Mail,Nathan M. Carlow,Oppose,495.34,Representative District 137,Representative,137,Republican,https://www.mainecampaignfinancedisclosure.com/public/activities/a_01m498fa0se4xshrhz10nz4rp0,2026-10-06 23:22,General,,137,2026-10-06 14:44
a_01m498a2adeb7820mqqcfzjcjf,2026-10-05,REBUILD MAINE,Independent Expenditure,1970.36,Moxie Media,MHS - Direct mail (all costs included),HD 107 Mail,Joseph Campbell,Support,1477.77,Representative District 107,Representative,107,Democratic,https://www.mainecampaignfinancedisclosure.com/public/activities/a_01m498a2adeb7820mqqcfzjcjf,2026-10-06 23:22,General,,107,2026-10-06 14:41
a_01m498a2adeb7820mqqcfzjcjf,2026-10-05,REBUILD MAINE,Independent Expenditure,1970.36,Moxie Media,MHS - Direct mail (all costs included),HD 107 Mail,Mark C. Cooper,Oppose,492.59,Representative District 107,Representative,107,Republican,https://www.mainecampaignfinancedisclosure.com/public/activities/a_01m498a2adeb7820mqqcfzjcjf,2026-10-06 23:22,General,,107,2026-10-06 14:41
a_01m497qgqrf4zsx2q1tn2a2wk7,2026-10-05,REBUILD MAINE,Independent Expenditure,2054.36,Moxie Media,MHS - Direct mail (all costs included),HD 106 Mail,Bradley Youngs,Support,1540.77,Representative District 106,Representative,106,Democratic,https://www.mainecampaignfinancedisclosure.com/public/activities/a_01m497qgqrf4zsx2q1tn2a2wk7,2026-10-06 23:22,General,,106,2026-10-06 14:31
a_01m497qgqrf4zsx2q1tn2a2wk7,2026-10-05,REBUILD MAINE,Independent Expenditure,2054.36,Moxie Media,MHS - Direct mail (all costs included),HD 106 Mail,Barbara Anne Bagshaw,Oppose,513.59,Representative District 106,Representative,106,Republican,https://www.mainecampaignfinancedisclosure.com/public/activities/a_01m497qgqrf4zsx2q1tn2a2wk7,2026-10-06 23:22,General,,106,2026-10-06 14:31
a_01m497eagjf1b9e8makv9epzgf,2026-10-05,REBUILD MAINE,Independent Expenditure,1956.36,Moxie Media,MHS - Direct mail (all costs included),HD 104 Mail,Louis Samuel Pfeifle,Support,1956.36,Representative District 104,Representative,104,Unenrolled,https://www.mainecampaignfinancedisclosure.com/public/activities/a_01m497eagjf1b9e8makv9epzgf,2026-10-06 23:22,General,,104,2026-10-06 14:26
a_01m4975330f00s4yjxkw4hawc4,2026-10-05,REBUILD MAINE,Independent Expenditure,2011.36,Moxie Media,MHS - Direct mail (all costs included),HD 98 Mail,Kilton McCarthy Webb,Support,2011.36,Representative District 98,Representative,98,Democratic,https://www.mainecampaignfinancedisclosure.com/public/activities/a_01m4975330f00s4yjxkw4hawc4,2026-10-06 23:22,General,,98,2026-10-06 14:20
a_01m49728vve83v56f7bfqe2n7r,2026-10-05,REBUILD MAINE,Independent Expenditure,1730.36,Moxie Media,MHS - Direct mail (all costs included),HD 96 Mail,Luke Dylan Jensen,Support,1730.36,Representative District 96,Representative,96,Democratic,https://www.mainecampaignfinancedisclosure.com/public/activities/a_01m49728vve83v56f7bfqe2n7r,2026-10-06 23:22,General,,96,2026-10-06 14:19
a_01m496zfbne59sasgpn2cpjz2g,2026-10-05,REBUILD MAINE,Independent Expenditure,1701.36,Moxie Media,MHS - Direct mail (all costs included),HD 94 Mail,Scott A. Harriman,Support,1701.36,Representative District 94,Representative,94,Democratic,https://www.mainecampaignfinancedisclosure.com/public/activities/a_01m496zfbne59sasgpn2cpjz2g,2026-10-06 23:22,General,,94,2026-10-06 14:17
a_01m496k0c8fka8krez8n5mcfhj,2026-09-30,PLANNED PARENTHOOD MAINE ACTION FUND PAC,Independent Expenditure,60277.95,Moxie Media,MHS - Direct mail (all costs included),Mail pieces,Kayla Miller,Support,647.21,Representative District 38,Representative,38,Democratic,https://www.mainecampaignfinancedisclosure.com/public/activities/a_01m496k0c8fka8krez8n5mcfhj,2026-10-06 18:28,General,,38,2026-10-06 14:11
a_01m496k0c8fka8krez8n5mcfhj,2026-09-30,PLANNED PARENTHOOD MAINE ACTION FUND PAC,Independent Expenditure,60277.95,Moxie Media,MHS - Direct mail (all costs included),Mail pieces,Benjamin Hymes,Oppose,647.21,Representative District 38,Representative,38,Republican,https://www.mainecampaignfinancedisclosure.com/public/activities/a_01m496k0c8fka8krez8n5mcfhj,2026-10-06 18:28,General,,38,2026-10-06 14:11
a_01m496k0c8fka8krez8n5mcfhj,2026-09-30,PLANNED PARENTHOOD MAINE ACTION FUND PAC,Independent Expenditure,60277.95,Moxie Media,MHS - Direct mail (all costs included),Mail pieces,Rhiannon Hampson,Support,832.91,Representative District 43,Representative,43,Democratic,https://www.mainecampaignfinancedisclosure.com/public/activities/a_01m496k0c8fka8krez8n5mcfhj,2026-10-06 18:28,General,,43,2026-10-06 14:11
a_01m496k0c8fka8krez8n5mcfhj,2026-09-30,PLANNED PARENTHOOD MAINE ACTION FUND PAC,Independent Expenditure,60277.95,Moxie Media,MHS - Direct mail (all costs included),Mail pieces,Chris P Austin,Oppose,832.90,Representative District 43,Representative,43,Republican,https://www.mainecampaignfinancedisclosure.com/public/activities/a_01m496k0c8fka8krez8n5mcfhj,2026-10-06 18:28,General,,43,2026-10-06 14:11
a_01m496k0c8fka8krez8n5mcfhj,2026-09-30,PLANNED PARENTHOOD MAINE ACTION FUND PAC,Independent Expenditure,60277.95,Moxie Media,MHS - Direct mail (all costs included),Mail pieces,Shawn Saindon,Support,598.33,Representative District 44,Representative,44,Unenrolled,https://www.mainecampaignfinancedisclosure.com/public/activities/a_01m496k0c8fka8krez8n5mcfhj,2026-10-06 18:28,General,,44,2026-10-06 14:11
a_01m496k0c8fka8krez8n5mcfhj,2026-09-30,PLANNED PARENTHOOD MAINE ACTION FUND PAC,Independent Expenditure,60277.95,Moxie Media,MHS - Direct mail (all costs included),Mail pieces,Ray Thombs,Oppose,598.32,Representative District 44,Representative,44,Republican,https://www.mainecampaignfinancedisclosure.com/public/activities/a_01m496k0c8fka8krez8n5mcfhj,2026-10-06 18:28,General,,44,2026-10-06 14:11
a_01m496k0c8fka8krez8n5mcfhj,2026-09-30,PLANNED PARENTHOOD MAINE ACTION FUND PAC,Independent Expenditure,60277.95,Moxie Media,MHS - Direct mail (all costs included),Mail pieces,Wayne K. Farrin,Support,738.02,Representative District 47,Representative,47,Democratic,https://www.mainecampaignfinancedisclosure.com/public/activities/a_01m496k0c8fka8krez8n5mcfhj,2026-10-06 18:28,General,,47,2026-10-06 14:11
a_01m496k0c8fka8krez8n5mcfhj,2026-09-30,PLANNED PARENTHOOD MAINE ACTION FUND PAC,Independent Expenditure,60277.95,Moxie Media,MHS - Direct mail (all costs included),Mail pieces,Chester B. Grover III,Oppose,738.01,Representative District 47,Representative,47,Republican,https://www.mainecampaignfinancedisclosure.com/public/activities/a_01m496k0c8fka8krez8n5mcfhj,2026-10-06 18:28,General,,47,2026-10-06 14:11
a_01m496k0c8fka8krez8n5mcfhj,2026-09-30,PLANNED PARENTHOOD MAINE ACTION FUND PAC,Independent Expenditure,60277.95,Moxie Media,MHS - Direct mail (all costs included),Mail pieces,Trent Vellella,Support,847.02,Representative District 49,Representative,49,Democratic,https://www.mainecampaignfinancedisclosure.com/public/activities/a_01m496k0c8fka8krez8n5mcfhj,2026-10-06 18:28,General,,49,2026-10-06 14:11
a_01m496k0c8fka8krez8n5mcfhj,2026-09-30,PLANNED PARENTHOOD MAINE ACTION FUND PAC,Independent Expenditure,60277.95,Moxie Media,MHS - Direct mail (all costs included),Mail pieces,Suzanne R. Andresen,Oppose,847.01,Representative District 49,Representative,49,Republican,https://www.mainecampaignfinancedisclosure.com/public/activities/a_01m496k0c8fka8krez8n5mcfhj,2026-10-06 18:28,General,,49,2026-10-06 14:11
a_01m496k0c8fka8krez8n5mcfhj,2026-09-30,PLANNED PARENTHOOD MAINE ACTION FUND PAC,Independent Expenditure,60277.95,Moxie Media,MHS - Direct mail (all costs included),Mail pieces,Sally Cluchey,Support,678.80,Representative District 52,Representative,52,Democratic,https://www.mainecampaignfinancedisclosure.com/public/activities/a_01m496k0c8fka8krez8n5mcfhj,2026-10-06 18:28,General,,52,2026-10-06 14:11
a_01m496k0c8fka8krez8n5mcfhj,2026-09-30,PLANNED PARENTHOOD MAINE ACTION FUND PAC,Independent Expenditure,60277.95,Moxie Media,MHS - Direct mail (all costs included),Mail pieces,David Wayne Guilmette,Oppose,678.80,Representative District 52,Representative,52,Republican,https://www.mainecampaignfinancedisclosure.com/public/activities/a_01m496k0c8fka8krez8n5mcfhj,2026-10-06 18:28,General,,52,2026-10-06 14:11
a_01m496k0c8fka8krez8n5mcfhj,2026-09-30,PLANNED PARENTHOOD MAINE ACTION FUND PAC,Independent Expenditure,60277.95,Moxie Media,MHS - Direct mail (all costs included),Mail pieces,Maureen AuCoin,Support,715.47,Representative District 55,Representative,55,Democratic,https://www.mainecampaignfinancedisclosure.com/public/activities/a_01m496k0c8fka8krez8n5mcfhj,2026-10-06 18:28,General,,55,2026-10-06 14:11
a_01m496k0c8fka8krez8n5mcfhj,2026-09-30,PLANNED PARENTHOOD MAINE ACTION FUND PAC,Independent Expenditure,60277.95,Moxie Media,MHS - Direct mail (all costs included),Mail pieces,"Charles Hippler, IV",Oppose,715.46,Representative District 55,Representative,55,Republican,https://www.mainecampaignfinancedisclosure.com/public/activities/a_01m496k0c8fka8krez8n5mcfhj,2026-10-06 18:28,General,,55,2026-10-06 14:11
a_01m496k0c8fka8krez8n5mcfhj,2026-09-30,PLANNED PARENTHOOD MAINE ACTION FUND PAC,Independent Expenditure,60277.95,Moxie Media,MHS - Direct mail (all costs included),Mail pieces,Sharon C. Frost,Support,711.59,Representative District 58,Representative,58,Unenrolled,https://www.mainecampaignfinancedisclosure.com/public/activities/a_01m496k0c8fka8krez8n5mcfhj,2026-10-06 18:28,General,,58,2026-10-06 14:11
a_01m496k0c8fka8krez8n5mcfhj,2026-09-30,PLANNED PARENTHOOD MAINE ACTION FUND PAC,Independent Expenditure,60277.95,Moxie Media,MHS - Direct mail (all costs included),Mail pieces,Dexter 'Buzz' Bridges,Oppose,711.59,Representative District 58,Representative,58,Republican,https://www.mainecampaignfinancedisclosure.com/public/activities/a_01m496k0c8fka8krez8n5mcfhj,2026-10-06 18:28,General,,58,2026-10-06 14:11
a_01m496k0c8fka8krez8n5mcfhj,2026-09-30,PLANNED PARENTHOOD MAINE ACTION FUND PAC,Independent Expenditure,60277.95,Moxie Media,MHS - Direct mail (all costs included),Mail pieces,Katrina Couch Ray-Saulis,Support,745.67,Representative District 59,Representative,59,Democratic,https://www.mainecampaignfinancedisclosure.com/public/activities/a_01m496k0c8fka8krez8n5mcfhj,2026-10-06 18:28,General,,59,2026-10-06 14:11
a_01m496k0c8fka8krez8n5mcfhj,2026-09-30,PLANNED PARENTHOOD MAINE ACTION FUND PAC,Independent Expenditure,60277.95,Moxie Media,MHS - Direct mail (all costs included),Mail pieces,John Reny,Oppose,745.67,Representative District 59,Representative,59,Republican,https://www.mainecampaignfinancedisclosure.com/public/activities/a_01m496k0c8fka8krez8n5mcfhj,2026-10-06 18:28,General,,59,2026-10-06 14:11
a_01m496k0c8fka8krez8n5mcfhj,2026-09-30,PLANNED PARENTHOOD MAINE ACTION FUND PAC,Independent Expenditure,60277.95,Moxie Media,MHS - Direct mail (all costs included),Mail pieces,Matthew Channing Townsend,Support,540.20,Representative District 67,Representative,67,Democratic,https://www.mainecampaignfinancedisclosure.com/public/activities/a_01m496k0c8fka8krez8n5mcfhj,2026-10-06 18:28,General,,67,2026-10-06 14:11
a_01m496k0c8fka8krez8n5mcfhj,2026-09-30,PLANNED PARENTHOOD MAINE ACTION FUND PAC,Independent Expenditure,60277.95,Moxie Media,MHS - Direct mail (all costs included),Mail pieces,Shawn M. Dixon,Oppose,540.20,Representative District 67,Representative,67,Republican,https://www.mainecampaignfinancedisclosure.com/public/activities/a_01m496k0c8fka8krez8n5mcfhj,2026-10-06 18:28,General,,67,2026-10-06 14:11
a_01m496k0c8fka8krez8n5mcfhj,2026-09-30,PLANNED PARENTHOOD MAINE ACTION FUND PAC,Independent Expenditure,60277.95,Moxie Media,MHS - Direct mail (all costs included),Mail pieces,H. Scott Landry,Support,735.14,Representative District 75,Representative,75,Democratic,https://www.mainecampaignfinancedisclosure.com/public/activities/a_01m496k0c8fka8krez8n5mcfhj,2026-10-06 18:28,General,,75,2026-10-06 14:11
a_01m496k0c8fka8krez8n5mcfhj,2026-09-30,PLANNED PARENTHOOD MAINE ACTION FUND PAC,Independent Expenditure,60277.95,Moxie Media,MHS - Direct mail (all costs included),Mail pieces,Randall Douglas Gauvin,Oppose,735.14,Representative District 75,Representative,75,Republican,https://www.mainecampaignfinancedisclosure.com/public/activities/a_01m496k0c8fka8krez8n5mcfhj,2026-10-06 18:28,General,,75,2026-10-06 14:11
a_01m496k0c8fka8krez8n5mcfhj,2026-09-30,PLANNED PARENTHOOD MAINE ACTION FUND PAC,Independent Expenditure,60277.95,Moxie Media,MHS - Direct mail (all costs included),Mail pieces,Trevor Alex Doiron,Support,620.09,Representative District 76,Representative,76,Democratic,https://www.mainecampaignfinancedisclosure.com/public/activities/a_01m496k0c8fka8krez8n5mcfhj,2026-10-06 18:28,General,,76,2026-10-06 14:11
a_01m496k0c8fka8krez8n5mcfhj,2026-09-30,PLANNED PARENTHOOD MAINE ACTION FUND PAC,Independent Expenditure,60277.95,Moxie Media,MHS - Direct mail (all costs included),Mail pieces,Sheila Lyman,Oppose,620.08,Representative District 76,Representative,76,Republican,https://www.mainecampaignfinancedisclosure.com/public/activities/a_01m496k0c8fka8krez8n5mcfhj,2026-10-06 18:28,General,,76,2026-10-06 14:11
a_01m496k0c8fka8krez8n5mcfhj,2026-09-30,PLANNED PARENTHOOD MAINE ACTION FUND PAC,Independent Expenditure,60277.95,Moxie Media,MHS - Direct mail (all costs included),Mail pieces,Woodleigh H Hughes,Support,691.82,Representative District 78,Representative,78,Democratic,https://www.mainecampaignfinancedisclosure.com/public/activities/a_01m496k0c8fka8krez8n5mcfhj,2026-10-06 18:28,General,,78,2026-10-06 14:11
a_01m496k0c8fka8krez8n5mcfhj,2026-09-30,PLANNED PARENTHOOD MAINE ACTION FUND PAC,Independent Expenditure,60277.95,Moxie Media,MHS - Direct mail (all costs included),Mail pieces,Rachel A. Henderson,Oppose,691.81,Representative District 78,Representative,78,Republican,https://www.mainecampaignfinancedisclosure.com/public/activities/a_01m496k0c8fka8krez8n5mcfhj,2026-10-06 18:28,General,,78,2026-10-06 14:11
a_01m496k0c8fka8krez8n5mcfhj,2026-09-30,PLANNED PARENTHOOD MAINE ACTION FUND PAC,Independent Expenditure,60277.95,Moxie Media,MHS - Direct mail (all costs included),Mail pieces,Christopher Easton,Support,724.37,Representative District 81,Representative,81,Democratic,https://www.mainecampaignfinancedisclosure.com/public/activities/a_01m496k0c8fka8krez8n5mcfhj,2026-10-06 18:28,General,,81,2026-10-06 14:11
a_01m496k0c8fka8krez8n5mcfhj,2026-09-30,PLANNED PARENTHOOD MAINE ACTION FUND PAC,Independent Expenditure,60277.95,Moxie Media,MHS - Direct mail (all costs included),Mail pieces,Peter Wood,Oppose,724.36,Representative District 81,Representative,81,Republican,https://www.mainecampaignfinancedisclosure.com/public/activities/a_01m496k0c8fka8krez8n5mcfhj,2026-10-06 18:28,General,,81,2026-10-06 14:11
a_01m496k0c8fka8krez8n5mcfhj,2026-09-30,PLANNED PARENTHOOD MAINE ACTION FUND PAC,Independent Expenditure,60277.95,Moxie Media,MHS - Direct mail (all costs included),Mail pieces,Christopher Alfred Lewey,Support,761.37,Representative District 82,Representative,82,Democratic,https://www.mainecampaignfinancedisclosure.com/public/activities/a_01m496k0c8fka8krez8n5mcfhj,2026-10-06 18:28,General,,82,2026-10-06 14:11
a_01m496k0c8fka8krez8n5mcfhj,2026-09-30,PLANNED PARENTHOOD MAINE ACTION FUND PAC,Independent Expenditure,60277.95,Moxie Media,MHS - Direct mail (all costs included),Mail pieces,Caleb Joshua NESS,Oppose,761.36,Representative District 82,Representative,82,Republican,https://www.mainecampaignfinancedisclosure.com/public/activities/a_01m496k0c8fka8krez8n5mcfhj,2026-10-06 18:28,General,,82,2026-10-06 14:11
a_01m496k0c8fka8krez8n5mcfhj,2026-09-30,PLANNED PARENTHOOD MAINE ACTION FUND PAC,Independent Expenditure,60277.95,Moxie Media,MHS - Direct mail (all costs included),Mail pieces,Paul Welch,Support,781.35,Representative District 85,Representative,85,Democratic,https://www.mainecampaignfinancedisclosure.com/public/activities/a_01m496k0c8fka8krez8n5mcfhj,2026-10-06 18:28,General,,85,2026-10-06 14:11
a_01m496k0c8fka8krez8n5mcfhj,2026-09-30,PLANNED PARENTHOOD MAINE ACTION FUND PAC,Independent Expenditure,60277.95,Moxie Media,MHS - Direct mail (all costs included),Mail pieces,Adrienne Paul,Oppose,781.34,Representative District 85,Representative,85,Republican,https://www.mainecampaignfinancedisclosure.com/public/activities/a_01m496k0c8fka8krez8n5mcfhj,2026-10-06 18:28,General,,85,2026-10-06 14:11
a_01m496k0c8fka8krez8n5mcfhj,2026-09-30,PLANNED PARENTHOOD MAINE ACTION FUND PAC,Independent Expenditure,60277.95,Moxie Media,MHS - Direct mail (all costs included),Mail pieces,Abigail Geer,Support,856.65,Representative District 86,Representative,86,Democratic,https://www.mainecampaignfinancedisclosure.com/public/activities/a_01m496k0c8fka8krez8n5mcfhj,2026-10-06 18:28,General,,86,2026-10-06 14:11
a_01m496k0c8fka8krez8n5mcfhj,2026-09-30,PLANNED PARENTHOOD MAINE ACTION FUND PAC,Independent Expenditure,60277.95,Moxie Media,MHS - Direct mail (all costs included),Mail pieces,Rolf Arthur Olsen Jr.,Oppose,856.65,Representative District 86,Representative,86,Republican,https://www.mainecampaignfinancedisclosure.com/public/activities/a_01m496k0c8fka8krez8n5mcfhj,2026-10-06 18:28,General,,86,2026-10-06 14:11
a_01m496k0c8fka8krez8n5mcfhj,2026-09-30,PLANNED PARENTHOOD MAINE ACTION FUND PAC,Independent Expenditure,60277.95,Moxie Media,MHS - Direct mail (all costs included),Mail pieces,Dana Staples,Support,634.39,Representative District 88,Representative,88,Democratic,https://www.mainecampaignfinancedisclosure.com/public/activities/a_01m496k0c8fka8krez8n5mcfhj,2026-10-06 18:28,General,,88,2026-10-06 14:11
a_01m496k0c8fka8krez8n5mcfhj,2026-09-30,PLANNED PARENTHOOD MAINE ACTION FUND PAC,Independent Expenditure,60277.95,Moxie Media,MHS - Direct mail (all costs included),Mail pieces,Quentin Chapman,Oppose,634.39,Representative District 88,Representative,88,Republican,https://www.mainecampaignfinancedisclosure.com/public/activities/a_01m496k0c8fka8krez8n5mcfhj,2026-10-06 18:28,General,,88,2026-10-06 14:11
a_01m496k0c8fka8krez8n5mcfhj,2026-09-30,PLANNED PARENTHOOD MAINE ACTION FUND PAC,Independent Expenditure,60277.95,Moxie Media,MHS - Direct mail (all costs included),Mail pieces,Pamela Hart,Support,634.89,Representative District 90,Representative,90,Democratic,https://www.mainecampaignfinancedisclosure.com/public/activities/a_01m496k0c8fka8krez8n5mcfhj,2026-10-06 18:28,General,,90,2026-10-06 14:11
a_01m496k0c8fka8krez8n5mcfhj,2026-09-30,PLANNED PARENTHOOD MAINE ACTION FUND PAC,Independent Expenditure,60277.95,Moxie Media,MHS - Direct mail (all costs included),Mail pieces,James Sorcek,Oppose,634.89,Representative District 90,Representative,90,Republican,https://www.mainecampaignfinancedisclosure.com/public/activities/a_01m496k0c8fka8krez8n5mcfhj,2026-10-06 18:28,General,,90,2026-10-06 14:11
a_01m496k0c8fka8krez8n5mcfhj,2026-09-30,PLANNED PARENTHOOD MAINE ACTION FUND PAC,Independent Expenditure,60277.95,Moxie Media,MHS - Direct mail (all costs included),Mail pieces,Scott A. Harriman,Support,654.17,Representative District 94,Representative,94,Democratic,https://www.mainecampaignfinancedisclosure.com/public/activities/a_01m496k0c8fka8krez8n5mcfhj,2026-10-06 18:28,General,,94,2026-10-06 14:11
a_01m496k0c8fka8krez8n5mcfhj,2026-09-30,PLANNED PARENTHOOD MAINE ACTION FUND PAC,Independent Expenditure,60277.95,Moxie Media,MHS - Direct mail (all costs included),Mail pieces,Janet Inger Beaudoin,Oppose,654.16,Representative District 94,Representative,94,Republican,https://www.mainecampaignfinancedisclosure.com/public/activities/a_01m496k0c8fka8krez8n5mcfhj,2026-10-06 18:28,General,,94,2026-10-06 14:11
a_01m496k0c8fka8krez8n5mcfhj,2026-09-30,PLANNED PARENTHOOD MAINE ACTION FUND PAC,Independent Expenditure,60277.95,Moxie Media,MHS - Direct mail (all costs included),Mail pieces,Luke Dylan Jensen,Support,620.09,Representative District 96,Representative,96,Democratic,https://www.mainecampaignfinancedisclosure.com/public/activities/a_01m496k0c8fka8krez8n5mcfhj,2026-10-06 18:28,General,,96,2026-10-06 14:11
a_01m496k0c8fka8krez8n5mcfhj,2026-09-30,PLANNED PARENTHOOD MAINE ACTION FUND PAC,Independent Expenditure,60277.95,Moxie Media,MHS - Direct mail (all costs included),Mail pieces,Kerryl Lee Clement,Oppose,620.08,Representative District 96,Representative,96,Republican,https://www.mainecampaignfinancedisclosure.com/public/activities/a_01m496k0c8fka8krez8n5mcfhj,2026-10-06 18:28,General,,96,2026-10-06 14:11
a_01m496k0c8fka8krez8n5mcfhj,2026-09-30,PLANNED PARENTHOOD MAINE ACTION FUND PAC,Independent Expenditure,60277.95,Moxie Media,MHS - Direct mail (all costs included),Mail pieces,Kilton McCarthy Webb,Support,783.33,Representative District 98,Representative,98,Democratic,https://www.mainecampaignfinancedisclosure.com/public/activities/a_01m496k0c8fka8krez8n5mcfhj,2026-10-06 18:28,General,,98,2026-10-06 14:11
a_01m496k0c8fka8krez8n5mcfhj,2026-09-30,PLANNED PARENTHOOD MAINE ACTION FUND PAC,Independent Expenditure,60277.95,Moxie Media,MHS - Direct mail (all costs included),Mail pieces,William J. St. Michel,Oppose,783.33,Representative District 98,Representative,98,Republican,https://www.mainecampaignfinancedisclosure.com/public/activities/a_01m496k0c8fka8krez8n5mcfhj,2026-10-06 18:28,General,,98,2026-10-06 14:11
a_01m496k0c8fka8krez8n5mcfhj,2026-09-30,PLANNED PARENTHOOD MAINE ACTION FUND PAC,Independent Expenditure,60277.95,Moxie Media,MHS - Direct mail (all costs included),Mail pieces,Bradley Youngs,Support,838.97,Representative District 106,Representative,106,Democratic,https://www.mainecampaignfinancedisclosure.com/public/activities/a_01m496k0c8fka8krez8n5mcfhj,2026-10-06 18:28,General,,106,2026-10-06 14:11
a_01m496k0c8fka8krez8n5mcfhj,2026-09-30,PLANNED PARENTHOOD MAINE ACTION FUND PAC,Independent Expenditure,60277.95,Moxie Media,MHS - Direct mail (all costs included),Mail pieces,Barbara Anne Bagshaw,Oppose,838.97,Representative District 106,Representative,106,Republican,https://www.mainecampaignfinancedisclosure.com/public/activities/a_01m496k0c8fka8krez8n5mcfhj,2026-10-06 18:28,General,,106,2026-10-06 14:11
a_01m496k0c8fka8krez8n5mcfhj,2026-09-30,PLANNED PARENTHOOD MAINE ACTION FUND PAC,Independent Expenditure,60277.95,Moxie Media,MHS - Direct mail (all costs included),Mail pieces,Joseph Campbell,Support,807.77,Representative District 107,Representative,107,Democratic,https://www.mainecampaignfinancedisclosure.com/public/activities/a_01m496k0c8fka8krez8n5mcfhj,2026-10-06 18:28,General,,107,2026-10-06 14:11
a_01m496k0c8fka8krez8n5mcfhj,2026-09-30,PLANNED PARENTHOOD MAINE ACTION FUND PAC,Independent Expenditure,60277.95,Moxie Media,MHS - Direct mail (all costs included),Mail pieces,Mark C. Cooper,Oppose,807.77,Representative District 107,Representative,107,Republican,https://www.mainecampaignfinancedisclosure.com/public/activities/a_01m496k0c8fka8krez8n5mcfhj,2026-10-06 18:28,General,,107,2026-10-06 14:11
a_01m496k0c8fka8krez8n5mcfhj,2026-09-30,PLANNED PARENTHOOD MAINE ACTION FUND PAC,Independent Expenditure,60277.95,Moxie Media,MHS - Direct mail (all costs included),Mail pieces,Charles Edward Tilburg,Support,781.54,Representative District 137,Representative,137,Democratic,https://www.mainecampaignfinancedisclosure.com/public/activities/a_01m496k0c8fka8krez8n5mcfhj,2026-10-06 18:28,General,,137,2026-10-06 14:11
a_01m496k0c8fka8krez8n5mcfhj,2026-09-30,PLANNED PARENTHOOD MAINE ACTION FUND PAC,Independent Expenditure,60277.95,Moxie Media,MHS - Direct mail (all costs included),Mail pieces,Nathan M. Carlow,Oppose,781.53,Representative District 137,Representative,137,Republican,https://www.mainecampaignfinancedisclosure.com/public/activities/a_01m496k0c8fka8krez8n5mcfhj,2026-10-06 18:28,General,,137,2026-10-06 14:11
a_01m496k0c8fka8krez8n5mcfhj,2026-09-30,PLANNED PARENTHOOD MAINE ACTION FUND PAC,Independent Expenditure,60277.95,Moxie Media,MHS - Direct mail (all costs included),Mail pieces,Kirstan Watson,Support,796.15,Representative District 140,Representative,140,Democratic,https://www.mainecampaignfinancedisclosure.com/public/activities/a_01m496k0c8fka8krez8n5mcfhj,2026-10-06 18:28,General,,140,2026-10-06 14:11
a_01m496k0c8fka8krez8n5mcfhj,2026-09-30,PLANNED PARENTHOOD MAINE ACTION FUND PAC,Independent Expenditure,60277.95,Moxie Media,MHS - Direct mail (all costs included),Mail pieces,Wayne Parry,Oppose,796.14,Representative District 140,Representative,140,Republican,https://www.mainecampaignfinancedisclosure.com/public/activities/a_01m496k0c8fka8krez8n5mcfhj,2026-10-06 18:28,General,,140,2026-10-06 14:11
a_01m496k0c8fka8krez8n5mcfhj,2026-09-30,PLANNED PARENTHOOD MAINE ACTION FUND PAC,Independent Expenditure,60277.95,Moxie Media,MHS - Direct mail (all costs included),Mail pieces,Ayn Hanselmann,Support,704.64,Representative District 142,Representative,142,Democratic,https://www.mainecampaignfinancedisclosure.com/public/activities/a_01m496k0c8fka8krez8n5mcfhj,2026-10-06 18:28,General,,142,2026-10-06 14:11
a_01m496k0c8fka8krez8n5mcfhj,2026-09-30,PLANNED PARENTHOOD MAINE ACTION FUND PAC,Independent Expenditure,60277.95,Moxie Media,MHS - Direct mail (all costs included),Mail pieces,Domingo Torres,Oppose,704.63,Representative District 142,Representative,142,Republican,https://www.mainecampaignfinancedisclosure.com/public/activities/a_01m496k0c8fka8krez8n5mcfhj,2026-10-06 18:28,General,,142,2026-10-06 14:11
a_01m496k0c8fka8krez8n5mcfhj,2026-09-30,PLANNED PARENTHOOD MAINE ACTION FUND PAC,Independent Expenditure,60277.95,Moxie Media,MHS - Direct mail (all costs included),Mail pieces,John Robert Henkelman III,Support,710.00,Representative District 143,Representative,143,Democratic,https://www.mainecampaignfinancedisclosure.com/public/activities/a_01m496k0c8fka8krez8n5mcfhj,2026-10-06 18:28,General,,143,2026-10-06 14:11
a_01m496k0c8fka8krez8n5mcfhj,2026-09-30,PLANNED PARENTHOOD MAINE ACTION FUND PAC,Independent Expenditure,60277.95,Moxie Media,MHS - Direct mail (all costs included),Mail pieces,Melissa Simpson,Oppose,710.00,Representative District 143,Representative,143,Republican,https://www.mainecampaignfinancedisclosure.com/public/activities/a_01m496k0c8fka8krez8n5mcfhj,2026-10-06 18:28,General,,143,2026-10-06 14:11
a_01m496k0c8fka8krez8n5mcfhj,2026-09-30,PLANNED PARENTHOOD MAINE ACTION FUND PAC,Independent Expenditure,60277.95,Moxie Media,MHS - Direct mail (all costs included),Mail pieces,Kristin Tyra Davis,Support,1005.39,Representative District 145,Representative,145,Democratic,https://www.mainecampaignfinancedisclosure.com/public/activities/a_01m496k0c8fka8krez8n5mcfhj,2026-10-06 18:28,General,,145,2026-10-06 14:11
a_01m496k0c8fka8krez8n5mcfhj,2026-09-30,PLANNED PARENTHOOD MAINE ACTION FUND PAC,Independent Expenditure,60277.95,Moxie Media,MHS - Direct mail (all costs included),Mail pieces,Caleb Joseph Chase,Oppose,1005.39,Representative District 145,Representative,145,Republican,https://www.mainecampaignfinancedisclosure.com/public/activities/a_01m496k0c8fka8krez8n5mcfhj,2026-10-06 18:28,General,,145,2026-10-06 14:11
a_01m496k0c8fka8krez8n5mcfhj,2026-09-30,PLANNED PARENTHOOD MAINE ACTION FUND PAC,Independent Expenditure,60277.95,Moxie Media,MHS - Direct mail (all costs included),Mail pieces,Amanda Heath,Support,2741.76,Senator District 15,Senator,15,Democratic,https://www.mainecampaignfinancedisclosure.com/public/activities/a_01m496k0c8fka8krez8n5mcfhj,2026-10-06 18:28,General,,15,2026-10-06 14:11
a_01m496k0c8fka8krez8n5mcfhj,2026-09-30,PLANNED PARENTHOOD MAINE ACTION FUND PAC,Independent Expenditure,60277.95,Moxie Media,MHS - Direct mail (all costs included),Mail pieces,Kati L. McCormick,Oppose,2741.76,Senator District 15,Senator,15,Republican,https://www.mainecampaignfinancedisclosure.com/public/activities/a_01m496k0c8fka8krez8n5mcfhj,2026-10-06 18:28,General,,15,2026-10-06 14:11
a_01m496k0c8fka8krez8n5mcfhj,2026-09-30,PLANNED PARENTHOOD MAINE ACTION FUND PAC,Independent Expenditure,60277.95,Moxie Media,MHS - Direct mail (all costs included),Mail pieces,Patric Moore,Support,3053.33,Senator District 16,Senator,16,Democratic,https://www.mainecampaignfinancedisclosure.com/public/activities/a_01m496k0c8fka8krez8n5mcfhj,2026-10-06 18:28,General,,16,2026-10-06 14:11
a_01m496k0c8fka8krez8n5mcfhj,2026-09-30,PLANNED PARENTHOOD MAINE ACTION FUND PAC,Independent Expenditure,60277.95,Moxie Media,MHS - Direct mail (all costs included),Mail pieces,Scott W. Cyrway,Oppose,3053.32,Senator District 16,Senator,16,Republican,https://www.mainecampaignfinancedisclosure.com/public/activities/a_01m496k0c8fka8krez8n5mcfhj,2026-10-06 18:28,General,,16,2026-10-06 14:11
a_01m496k0c8fka8krez8n5mcfhj,2026-09-30,PLANNED PARENTHOOD MAINE ACTION FUND PAC,Independent Expenditure,60277.95,Moxie Media,MHS - Direct mail (all costs included),Mail pieces,Elizabeth D. Bosworth,Support,3146.63,Senator District 18,Senator,18,Democratic,https://www.mainecampaignfinancedisclosure.com/public/activities/a_01m496k0c8fka8krez8n5mcfhj,2026-10-06 18:28,General,,18,2026-10-06 14:11
a_01m496k0c8fka8krez8n5mcfhj,2026-09-30,PLANNED PARENTHOOD MAINE ACTION FUND PAC,Independent Expenditure,60277.95,Moxie Media,MHS - Direct mail (all costs included),Mail pieces,John Andrews,Oppose,3146.62,Senator District 18,Senator,18,Republican,https://www.mainecampaignfinancedisclosure.com/public/activities/a_01m496k0c8fka8krez8n5mcfhj,2026-10-06 18:28,General,,18,2026-10-06 14:11
a_01m496cgerecd8zpb4kt5jadje,2026-10-05,REBUILD MAINE,Independent Expenditure,1764.36,Moxie Media,MHS - Direct mail (all costs included),HD 90 Mail,Pamela Hart,Support,1764.36,Representative District 90,Representative,90,Democratic,https://www.mainecampaignfinancedisclosure.com/public/activities/a_01m496cgerecd8zpb4kt5jadje,2026-10-06 23:22,General,,90,2026-10-06 14:07
a_01m496a3sgejer7f8fz1sayxk7,2026-10-05,REBUILD MAINE,Independent Expenditure,1718.36,Moxie Media,MHS - Direct mail (all costs included),HD 88 Mail,Dana Staples,Support,1288.77,Representative District 88,Representative,88,Democratic,https://www.mainecampaignfinancedisclosure.com/public/activities/a_01m496a3sgejer7f8fz1sayxk7,2026-10-06 23:22,General,,88,2026-10-06 14:06
a_01m496a3sgejer7f8fz1sayxk7,2026-10-05,REBUILD MAINE,Independent Expenditure,1718.36,Moxie Media,MHS - Direct mail (all costs included),HD 88 Mail,Quentin Chapman,Oppose,429.59,Representative District 88,Representative,88,Republican,https://www.mainecampaignfinancedisclosure.com/public/activities/a_01m496a3sgejer7f8fz1sayxk7,2026-10-06 23:22,General,,88,2026-10-06 14:06
a_01m4966n0ef9at4fpskqqew7yn,2026-10-05,REBUILD MAINE,Independent Expenditure,1959.36,Moxie Media,MHS - Direct mail (all costs included),HD 86 Mail,Abigail Geer,Support,1469.52,Representative District 86,Representative,86,Democratic,https://www.mainecampaignfinancedisclosure.com/public/activities/a_01m4966n0ef9at4fpskqqew7yn,2026-10-06 23:22,General,,86,2026-10-06 14:04
a_01m4966n0ef9at4fpskqqew7yn,2026-10-05,REBUILD MAINE,Independent Expenditure,1959.36,Moxie Media,MHS - Direct mail (all costs included),HD 86 Mail,Rolf Arthur Olsen Jr.,Oppose,489.84,Representative District 86,Representative,86,Republican,https://www.mainecampaignfinancedisclosure.com/public/activities/a_01m4966n0ef9at4fpskqqew7yn,2026-10-06 23:22,General,,86,2026-10-06 14:04
a_01m4965w75far87x22c6sfpp2y,2026-10-05,MAINE DEMOCRATIC STATE COMMITTEE,Independent Expenditure,12132.00,Meta,"ONL - Social media, online ads",Digital Ads,Michael Tipping,Support,1588.00,Senator District 8,Senator,8,Democratic,https://www.mainecampaignfinancedisclosure.com/public/activities/a_01m4965w75far87x22c6sfpp2y,2026-10-07 03:51,General,,8,2026-10-06 14:03
a_01m4965w75far87x22c6sfpp2y,2026-10-05,MAINE DEMOCRATIC STATE COMMITTEE,Independent Expenditure,12132.00,Meta,"ONL - Social media, online ads",Digital Ads,Craig Hickman,Support,1737.00,Senator District 14,Senator,14,Democratic,https://www.mainecampaignfinancedisclosure.com/public/activities/a_01m4965w75far87x22c6sfpp2y,2026-10-07 03:51,General,,14,2026-10-06 14:03
a_01m4965w75far87x22c6sfpp2y,2026-10-05,MAINE DEMOCRATIC STATE COMMITTEE,Independent Expenditure,12132.00,Meta,"ONL - Social media, online ads",Digital Ads,Amanda Heath,Support,1962.00,Senator District 15,Senator,15,Democratic,https://www.mainecampaignfinancedisclosure.com/public/activities/a_01m4965w75far87x22c6sfpp2y,2026-10-07 03:51,General,,15,2026-10-06 14:03
a_01m4965w75far87x22c6sfpp2y,2026-10-05,MAINE DEMOCRATIC STATE COMMITTEE,Independent Expenditure,12132.00,Meta,"ONL - Social media, online ads",Digital Ads,Patric Moore,Support,1845.00,Senator District 16,Senator,16,Democratic,https://www.mainecampaignfinancedisclosure.com/public/activities/a_01m4965w75far87x22c6sfpp2y,2026-10-07 03:51,General,,16,2026-10-06 14:03
a_01m4965w75far87x22c6sfpp2y,2026-10-05,MAINE DEMOCRATIC STATE COMMITTEE,Independent Expenditure,12132.00,Meta,"ONL - Social media, online ads",Digital Ads,Michael R. Scott,Support,2018.00,Senator District 20,Senator,20,Democratic,https://www.mainecampaignfinancedisclosure.com/public/activities/a_01m4965w75far87x22c6sfpp2y,2026-10-07 03:51,General,,20,2026-10-06 14:03
a_01m4965w75far87x22c6sfpp2y,2026-10-05,MAINE DEMOCRATIC STATE COMMITTEE,Independent Expenditure,12132.00,Meta,"ONL - Social media, online ads",Digital Ads,Timothy E Nangle,Support,1198.00,Senator District 26,Senator,26,Democratic,https://www.mainecampaignfinancedisclosure.com/public/activities/a_01m4965w75far87x22c6sfpp2y,2026-10-07 03:51,General,,26,2026-10-06 14:03
a_01m4965w75far87x22c6sfpp2y,2026-10-05,MAINE DEMOCRATIC STATE COMMITTEE,Independent Expenditure,12132.00,Meta,"ONL - Social media, online ads",Digital Ads,Elizabeth D. Bosworth,Support,1784.00,Senator District 18,Senator,18,Democratic,https://www.mainecampaignfinancedisclosure.com/public/activities/a_01m4965w75far87x22c6sfpp2y,2026-10-07 03:51,General,,18,2026-10-06 14:03
a_01m4961x4cfpnsdxj35w4ew4hm,2026-10-05,REBUILD MAINE,Independent Expenditure,1661.36,Moxie Media,MHS - Direct mail (all costs included),HD 85 Mail,Paul Welch,Support,1661.36,Representative District 85,Representative,85,Democratic,https://www.mainecampaignfinancedisclosure.com/public/activities/a_01m4961x4cfpnsdxj35w4ew4hm,2026-10-06 23:22,General,,85,2026-10-06 14:01
a_01m4961hyjexkszvf93h2m38fp,2026-10-05,MAINE DEMOCRATIC STATE COMMITTEE,Independent Expenditure,28982.00,Alphabet Inc,"ONL - Social media, online ads",Digital Ads,Michael Tipping,Support,3946.00,Senator District 8,Senator,8,Democratic,https://www.mainecampaignfinancedisclosure.com/public/activities/a_01m4961hyjexkszvf93h2m38fp,2026-10-07 03:51,General,,8,2026-10-06 14:01
a_01m4961hyjexkszvf93h2m38fp,2026-10-05,MAINE DEMOCRATIC STATE COMMITTEE,Independent Expenditure,28982.00,Alphabet Inc,"ONL - Social media, online ads",Digital Ads,Craig Hickman,Support,4315.00,Senator District 14,Senator,14,Democratic,https://www.mainecampaignfinancedisclosure.com/public/activities/a_01m4961hyjexkszvf93h2m38fp,2026-10-07 03:51,General,,14,2026-10-06 14:01
a_01m4961hyjexkszvf93h2m38fp,2026-10-05,MAINE DEMOCRATIC STATE COMMITTEE,Independent Expenditure,28982.00,Alphabet Inc,"ONL - Social media, online ads",Digital Ads,Amanda Heath,Support,4467.00,Senator District 15,Senator,15,Democratic,https://www.mainecampaignfinancedisclosure.com/public/activities/a_01m4961hyjexkszvf93h2m38fp,2026-10-07 03:51,General,,15,2026-10-06 14:01
a_01m4961hyjexkszvf93h2m38fp,2026-10-05,MAINE DEMOCRATIC STATE COMMITTEE,Independent Expenditure,28982.00,Alphabet Inc,"ONL - Social media, online ads",Digital Ads,Patric Moore,Support,2110.00,Senator District 16,Senator,16,Democratic,https://www.mainecampaignfinancedisclosure.com/public/activities/a_01m4961hyjexkszvf93h2m38fp,2026-10-07 03:51,General,,16,2026-10-06 14:01
a_01m4961hyjexkszvf93h2m38fp,2026-10-05,MAINE DEMOCRATIC STATE COMMITTEE,Independent Expenditure,28982.00,Alphabet Inc,"ONL - Social media, online ads",Digital Ads,Scott W. Cyrway,Oppose,2110.00,Senator District 16,Senator,16,Republican,https://www.mainecampaignfinancedisclosure.com/public/activities/a_01m4961hyjexkszvf93h2m38fp,2026-10-07 03:51,General,,16,2026-10-06 14:01
a_01m4961hyjexkszvf93h2m38fp,2026-10-05,MAINE DEMOCRATIC STATE COMMITTEE,Independent Expenditure,28982.00,Alphabet Inc,"ONL - Social media, online ads",Digital Ads,Michael R. Scott,Support,2303.00,Senator District 20,Senator,20,Democratic,https://www.mainecampaignfinancedisclosure.com/public/activities/a_01m4961hyjexkszvf93h2m38fp,2026-10-07 03:51,General,,20,2026-10-06 14:01
a_01m4961hyjexkszvf93h2m38fp,2026-10-05,MAINE DEMOCRATIC STATE COMMITTEE,Independent Expenditure,28982.00,Alphabet Inc,"ONL - Social media, online ads",Digital Ads,Bruce Bickford,Oppose,2303.00,Senator District 20,Senator,20,Republican,https://www.mainecampaignfinancedisclosure.com/public/activities/a_01m4961hyjexkszvf93h2m38fp,2026-10-07 03:51,General,,20,2026-10-06 14:01
a_01m4961hyjexkszvf93h2m38fp,2026-10-05,MAINE DEMOCRATIC STATE COMMITTEE,Independent Expenditure,28982.00,Alphabet Inc,"ONL - Social media, online ads",Digital Ads,Kenneth Cianchette,Oppose,2978.00,Senator District 26,Senator,26,Republican,https://www.mainecampaignfinancedisclosure.com/public/activities/a_01m4961hyjexkszvf93h2m38fp,2026-10-07 03:51,General,,26,2026-10-06 14:01
a_01m4961hyjexkszvf93h2m38fp,2026-10-05,MAINE DEMOCRATIC STATE COMMITTEE,Independent Expenditure,28982.00,Alphabet Inc,"ONL - Social media, online ads",Digital Ads,Elizabeth D. Bosworth,Support,2225.00,Senator District 18,Senator,18,Democratic,https://www.mainecampaignfinancedisclosure.com/public/activities/a_01m4961hyjexkszvf93h2m38fp,2026-10-07 03:51,General,,18,2026-10-06 14:01
a_01m4961hyjexkszvf93h2m38fp,2026-10-05,MAINE DEMOCRATIC STATE COMMITTEE,Independent Expenditure,28982.00,Alphabet Inc,"ONL - Social media, online ads",Digital Ads,John Andrews,Oppose,2225.00,Senator District 18,Senator,18,Republican,https://www.mainecampaignfinancedisclosure.com/public/activities/a_01m4961hyjexkszvf93h2m38fp,2026-10-07 03:51,General,,18,2026-10-06 14:01
a_01m495z3q8e52tv4b2xws4chda,2026-10-05,REBUILD MAINE,Independent Expenditure,2134.36,Moxie Media,MHS - Direct mail (all costs included),HD 83 Mail,Timothy Becker,Support,1600.77,Representative District 83,Representative,83,Democratic,https://www.mainecampaignfinancedisclosure.com/public/activities/a_01m495z3q8e52tv4b2xws4chda,2026-10-06 23:22,General,,83,2026-10-06 14:00
a_01m495z3q8e52tv4b2xws4chda,2026-10-05,REBUILD MAINE,Independent Expenditure,2134.36,Moxie Media,MHS - Direct mail (all costs included),HD 83 Mail,Marygrace Cimino,Oppose,533.59,Representative District 83,Representative,83,Republican,https://www.mainecampaignfinancedisclosure.com/public/activities/a_01m495z3q8e52tv4b2xws4chda,2026-10-06 23:22,General,,83,2026-10-06 14:00
a_01m495trz9evxrggrwzwr8swk8,2026-10-05,REBUILD MAINE,Independent Expenditure,1836.36,Moxie Media,MHS - Direct mail (all costs included),HD 82 Mail,Christopher Alfred Lewey,Support,1377.27,Representative District 82,Representative,82,Democratic,https://www.mainecampaignfinancedisclosure.com/public/activities/a_01m495trz9evxrggrwzwr8swk8,2026-10-06 23:22,General,,82,2026-10-06 13:57
a_01m495trz9evxrggrwzwr8swk8,2026-10-05,REBUILD MAINE,Independent Expenditure,1836.36,Moxie Media,MHS - Direct mail (all costs included),HD 82 Mail,Caleb Joshua NESS,Oppose,459.09,Representative District 82,Representative,82,Republican,https://www.mainecampaignfinancedisclosure.com/public/activities/a_01m495trz9evxrggrwzwr8swk8,2026-10-06 23:22,General,,82,2026-10-06 13:57
a_01m495qp2rem59y5s8ye9s74aw,2026-10-05,MAINE DEMOCRATIC STATE COMMITTEE,Independent Expenditure,53390.00,Targeted Platform Media LLC,"ONL - Social media, online ads",Digital Ads,Michael Tipping,Support,7020.00,Senator District 8,Senator,8,Democratic,https://www.mainecampaignfinancedisclosure.com/public/activities/a_01m495qp2rem59y5s8ye9s74aw,2026-10-07 03:50,General,,8,2026-10-06 13:56
a_01m495qp2rem59y5s8ye9s74aw,2026-10-05,MAINE DEMOCRATIC STATE COMMITTEE,Independent Expenditure,53390.00,Targeted Platform Media LLC,"ONL - Social media, online ads",Digital Ads,Craig Hickman,Support,7675.00,Senator District 14,Senator,14,Democratic,https://www.mainecampaignfinancedisclosure.com/public/activities/a_01m495qp2rem59y5s8ye9s74aw,2026-10-07 03:50,General,,14,2026-10-06 13:56
a_01m495qp2rem59y5s8ye9s74aw,2026-10-05,MAINE DEMOCRATIC STATE COMMITTEE,Independent Expenditure,53390.00,Targeted Platform Media LLC,"ONL - Social media, online ads",Digital Ads,Amanda Heath,Support,8284.00,Senator District 15,Senator,15,Democratic,https://www.mainecampaignfinancedisclosure.com/public/activities/a_01m495qp2rem59y5s8ye9s74aw,2026-10-07 03:50,General,,15,2026-10-06 13:56
a_01m495qp2rem59y5s8ye9s74aw,2026-10-05,MAINE DEMOCRATIC STATE COMMITTEE,Independent Expenditure,53390.00,Targeted Platform Media LLC,"ONL - Social media, online ads",Digital Ads,Patric Moore,Support,3830.00,Senator District 16,Senator,16,Democratic,https://www.mainecampaignfinancedisclosure.com/public/activities/a_01m495qp2rem59y5s8ye9s74aw,2026-10-07 03:50,General,,16,2026-10-06 13:56
a_01m495qp2rem59y5s8ye9s74aw,2026-10-05,MAINE DEMOCRATIC STATE COMMITTEE,Independent Expenditure,53390.00,Targeted Platform Media LLC,"ONL - Social media, online ads",Digital Ads,Scott W. Cyrway,Oppose,3830.00,Senator District 16,Senator,16,Republican,https://www.mainecampaignfinancedisclosure.com/public/activities/a_01m495qp2rem59y5s8ye9s74aw,2026-10-07 03:50,General,,16,2026-10-06 13:56
a_01m495qp2rem59y5s8ye9s74aw,2026-10-05,MAINE DEMOCRATIC STATE COMMITTEE,Independent Expenditure,53390.00,Targeted Platform Media LLC,"ONL - Social media, online ads",Digital Ads,Michael R. Scott,Support,4265.00,Senator District 20,Senator,20,Democratic,https://www.mainecampaignfinancedisclosure.com/public/activities/a_01m495qp2rem59y5s8ye9s74aw,2026-10-07 03:50,General,,20,2026-10-06 13:56
a_01m495qp2rem59y5s8ye9s74aw,2026-10-05,MAINE DEMOCRATIC STATE COMMITTEE,Independent Expenditure,53390.00,Targeted Platform Media LLC,"ONL - Social media, online ads",Digital Ads,Bruce Bickford,Oppose,4265.00,Senator District 20,Senator,20,Republican,https://www.mainecampaignfinancedisclosure.com/public/activities/a_01m495qp2rem59y5s8ye9s74aw,2026-10-07 03:50,General,,20,2026-10-06 13:56
a_01m495qp2rem59y5s8ye9s74aw,2026-10-05,MAINE DEMOCRATIC STATE COMMITTEE,Independent Expenditure,53390.00,Targeted Platform Media LLC,"ONL - Social media, online ads",Digital Ads,Kenneth Cianchette,Oppose,5455.00,Senator District 26,Senator,26,Republican,https://www.mainecampaignfinancedisclosure.com/public/activities/a_01m495qp2rem59y5s8ye9s74aw,2026-10-07 03:50,General,,26,2026-10-06 13:56
a_01m495qp2rem59y5s8ye9s74aw,2026-10-05,MAINE DEMOCRATIC STATE COMMITTEE,Independent Expenditure,53390.00,Targeted Platform Media LLC,"ONL - Social media, online ads",Digital Ads,Elizabeth D. Bosworth,Support,4383.00,Senator District 18,Senator,18,Democratic,https://www.mainecampaignfinancedisclosure.com/public/activities/a_01m495qp2rem59y5s8ye9s74aw,2026-10-07 03:50,General,,18,2026-10-06 13:56
a_01m495qp2rem59y5s8ye9s74aw,2026-10-05,MAINE DEMOCRATIC STATE COMMITTEE,Independent Expenditure,53390.00,Targeted Platform Media LLC,"ONL - Social media, online ads",Digital Ads,John Andrews,Oppose,4383.00,Senator District 18,Senator,18,Republican,https://www.mainecampaignfinancedisclosure.com/public/activities/a_01m495qp2rem59y5s8ye9s74aw,2026-10-07 03:50,General,,18,2026-10-06 13:56
a_01m495q54ff6v80ka4jxc03x2n,2026-10-05,REBUILD MAINE,Independent Expenditure,1773.36,Moxie Media,MHS - Direct mail (all costs included),HD 81 Mail,Christopher Easton,Support,1330.02,Representative District 81,Representative,81,Democratic,https://www.mainecampaignfinancedisclosure.com/public/activities/a_01m495q54ff6v80ka4jxc03x2n,2026-10-06 23:21,General,,81,2026-10-06 13:55
a_01m495q54ff6v80ka4jxc03x2n,2026-10-05,REBUILD MAINE,Independent Expenditure,1773.36,Moxie Media,MHS - Direct mail (all costs included),HD 81 Mail,Peter Wood,Oppose,443.34,Representative District 81,Representative,81,Republican,https://www.mainecampaignfinancedisclosure.com/public/activities/a_01m495q54ff6v80ka4jxc03x2n,2026-10-06 23:21,General,,81,2026-10-06 13:55
a_01m495j7jhenv9z6x4bar1qh3f,2026-10-05,REBUILD MAINE,Independent Expenditure,1736.36,Moxie Media,MHS - Direct mail (all costs included),HD 78 Mail,Woodleigh H Hughes,Support,1302.27,Representative District 78,Representative,78,Democratic,https://www.mainecampaignfinancedisclosure.com/public/activities/a_01m495j7jhenv9z6x4bar1qh3f,2026-10-06 23:21,General,,78,2026-10-06 13:53
a_01m495j7jhenv9z6x4bar1qh3f,2026-10-05,REBUILD MAINE,Independent Expenditure,1736.36,Moxie Media,MHS - Direct mail (all costs included),HD 78 Mail,Rachel A. Henderson,Oppose,434.09,Representative District 78,Representative,78,Republican,https://www.mainecampaignfinancedisclosure.com/public/activities/a_01m495j7jhenv9z6x4bar1qh3f,2026-10-06 23:21,General,,78,2026-10-06 13:53
a_01m49512akenp9ryq3q9q7bjj6,2026-10-06,MAINE CONSERVATION VOTERS ACTION FUND,Independent Expenditure,15184.99,"Beacon Media, LLC",TVN - TV ads and production,Editing for ads,Scott W. Cyrway,Oppose,2984.73,Senator District 16,Senator,16,Republican,https://www.mainecampaignfinancedisclosure.com/public/activities/a_01m49512akenp9ryq3q9q7bjj6,2026-10-06 18:44,General,,16,2026-10-06 13:43
a_01m49512akenp9ryq3q9q7bjj6,2026-10-06,MAINE CONSERVATION VOTERS ACTION FUND,Independent Expenditure,15184.99,"Beacon Media, LLC",TVN - TV ads and production,Editing for ads,Bruce Bickford,Oppose,2984.73,Senator District 20,Senator,20,Republican,https://www.mainecampaignfinancedisclosure.com/public/activities/a_01m49512akenp9ryq3q9q7bjj6,2026-10-06 18:44,General,,20,2026-10-06 13:43
a_01m49512akenp9ryq3q9q7bjj6,2026-10-06,MAINE CONSERVATION VOTERS ACTION FUND,Independent Expenditure,15184.99,"Beacon Media, LLC",TVN - TV ads and production,Editing for ads,Matthew A. Harrington,Oppose,2984.73,Senator District 33,Senator,33,Republican,https://www.mainecampaignfinancedisclosure.com/public/activities/a_01m49512akenp9ryq3q9q7bjj6,2026-10-06 18:44,General,,33,2026-10-06 13:43
a_01m49512akenp9ryq3q9q7bjj6,2026-10-06,MAINE CONSERVATION VOTERS ACTION FUND,Independent Expenditure,15184.99,"Beacon Media, LLC",TVN - TV ads and production,Editing for ads,Elizabeth D. Bosworth,Support,3115.40,Senator District 18,Senator,18,Democratic,https://www.mainecampaignfinancedisclosure.com/public/activities/a_01m49512akenp9ryq3q9q7bjj6,2026-10-06 18:44,General,,18,2026-10-06 13:43
a_01m49512akenp9ryq3q9q7bjj6,2026-10-06,MAINE CONSERVATION VOTERS ACTION FUND,Independent Expenditure,15184.99,"Beacon Media, LLC",TVN - TV ads and production,Editing for ads,Amanda Heath,Support,3115.40,Senator District 15,Senator,15,Democratic,https://www.mainecampaignfinancedisclosure.com/public/activities/a_01m49512akenp9ryq3q9q7bjj6,2026-10-06 18:44,General,,15,2026-10-06 13:43
a_01m494vym4erm99bxkk3nj290e,2026-10-05,REBUILD MAINE,Independent Expenditure,1674.36,Moxie Media,MHS - Direct mail (all costs included),HD 76 Mail,Trevor Alex Doiron,Support,1255.77,Representative District 76,Representative,76,Democratic,https://www.mainecampaignfinancedisclosure.com/public/activities/a_01m494vym4erm99bxkk3nj290e,2026-10-06 23:21,General,,76,2026-10-06 13:41
a_01m494vym4erm99bxkk3nj290e,2026-10-05,REBUILD MAINE,Independent Expenditure,1674.36,Moxie Media,MHS - Direct mail (all costs included),HD 76 Mail,Sheila Lyman,Oppose,418.59,Representative District 76,Representative,76,Republican,https://www.mainecampaignfinancedisclosure.com/public/activities/a_01m494vym4erm99bxkk3nj290e,2026-10-06 23:21,General,,76,2026-10-06 13:41
a_01m494qs3dfcfvcz3vyckng0gk,2026-10-05,REBUILD MAINE,Independent Expenditure,1710.36,Moxie Media,MHS - Direct mail (all costs included),HD 75 Mail,H. Scott Landry,Support,1710.36,Representative District 75,Representative,75,Democratic,https://www.mainecampaignfinancedisclosure.com/public/activities/a_01m494qs3dfcfvcz3vyckng0gk,2026-10-06 23:21,General,,75,2026-10-06 13:38
a_01m494kfbwfdns1zbaa8q4g3zd,2026-10-05,REBUILD MAINE,Independent Expenditure,1748.36,Moxie Media,MHS - Direct mail (all costs included),HD 74 Mail,Marc  Edwards,Support,1748.36,Representative District 74,Representative,74,Democratic,https://www.mainecampaignfinancedisclosure.com/public/activities/a_01m494kfbwfdns1zbaa8q4g3zd,2026-10-06 23:21,General,,74,2026-10-06 13:36
a_01m493rqrmetna7x672dxthhd2,2026-10-06,Dirigo Freedom Leadership PAC,Independent Expenditure,1000.00,"Red Claw Media, LLC","ONL - Social media, online ads",Facebook Ads for Diana Kushnar District 109,Diana Kushnar,Support,1000.00,Representative District 109,Representative,109,Republican,https://www.mainecampaignfinancedisclosure.com/public/activities/a_01m493rqrmetna7x672dxthhd2,2026-10-07 02:16,General,,109,2026-10-06 13:21
a_01m493ksxjf85rbfm7863mv9kq,2026-10-06,Dirigo Freedom Leadership PAC,Independent Expenditure,1000.00,"Red Claw Media, LLC","ONL - Social media, online ads",Facebook Ads Ethan Mongue District 126,Ethan Mongue,Support,1000.00,Representative District 126,Representative,126,Republican,https://www.mainecampaignfinancedisclosure.com/public/activities/a_01m493ksxjf85rbfm7863mv9kq,2026-10-07 02:16,General,,126,2026-10-06 13:19
a_01m493gv5fektb42psvmh3dx62,2026-10-06,Dirigo Freedom Leadership PAC,Independent Expenditure,1000.00,"Red Claw Media, LLC","ONL - Social media, online ads",Facebook Ads Alan Daggett District 134,Alan Daggett,Support,1000.00,,,,,https://www.mainecampaignfinancedisclosure.com/public/activities/a_01m493gv5fektb42psvmh3dx62,2026-10-07 02:16,General,,,2026-10-06 13:17
a_01m493fptxfrwaehevhqdsgvzj,2026-10-04,MAINE DEMOCRATIC STATE COMMITTEE,Independent Expenditure,24175.93,Convergence Targeted Communication,MHS - Direct mail (all costs included),Mail Printing & Postage,Caleb Joseph Chase,Oppose,342.92,Representative District 145,Representative,145,Republican,https://www.mainecampaignfinancedisclosure.com/public/activities/a_01m493fptxfrwaehevhqdsgvzj,2026-10-06 17:27,General,,145,2026-10-06 13:16
a_01m493fptxfrwaehevhqdsgvzj,2026-10-04,MAINE DEMOCRATIC STATE COMMITTEE,Independent Expenditure,24175.93,Convergence Targeted Communication,MHS - Direct mail (all costs included),Mail Printing & Postage,Melissa Simpson,Oppose,372.75,Representative District 143,Representative,143,Republican,https://www.mainecampaignfinancedisclosure.com/public/activities/a_01m493fptxfrwaehevhqdsgvzj,2026-10-06 17:27,General,,143,2026-10-06 13:16
a_01m493fptxfrwaehevhqdsgvzj,2026-10-04,MAINE DEMOCRATIC STATE COMMITTEE,Independent Expenditure,24175.93,Convergence Targeted Communication,MHS - Direct mail (all costs included),Mail Printing & Postage,Domingo Torres,Oppose,343.60,Representative District 142,Representative,142,Republican,https://www.mainecampaignfinancedisclosure.com/public/activities/a_01m493fptxfrwaehevhqdsgvzj,2026-10-06 17:27,General,,142,2026-10-06 13:16
a_01m493fptxfrwaehevhqdsgvzj,2026-10-04,MAINE DEMOCRATIC STATE COMMITTEE,Independent Expenditure,24175.93,Convergence Targeted Communication,MHS - Direct mail (all costs included),Mail Printing & Postage,"Marc G. Malon, II",Support,883.16,Representative District 133,Representative,133,Democratic,https://www.mainecampaignfinancedisclosure.com/public/activities/a_01m493fptxfrwaehevhqdsgvzj,2026-10-06 17:27,General,,133,2026-10-06 13:16
a_01m493fptxfrwaehevhqdsgvzj,2026-10-04,MAINE DEMOCRATIC STATE COMMITTEE,Independent Expenditure,24175.93,Convergence Targeted Communication,MHS - Direct mail (all costs included),Mail Printing & Postage,Parnell Terry,Support,627.62,Representative District 108,Representative,108,Democratic,https://www.mainecampaignfinancedisclosure.com/public/activities/a_01m493fptxfrwaehevhqdsgvzj,2026-10-06 17:27,General,,108,2026-10-06 13:16
a_01m493fptxfrwaehevhqdsgvzj,2026-10-04,MAINE DEMOCRATIC STATE COMMITTEE,Independent Expenditure,24175.93,Convergence Targeted Communication,MHS - Direct mail (all costs included),Mail Printing & Postage,Mark C. Cooper,Oppose,676.42,Representative District 107,Representative,107,Republican,https://www.mainecampaignfinancedisclosure.com/public/activities/a_01m493fptxfrwaehevhqdsgvzj,2026-10-06 17:27,General,,107,2026-10-06 13:16
a_01m493fptxfrwaehevhqdsgvzj,2026-10-04,MAINE DEMOCRATIC STATE COMMITTEE,Independent Expenditure,24175.93,Convergence Targeted Communication,MHS - Direct mail (all costs included),Mail Printing & Postage,Barbara Anne Bagshaw,Oppose,622.19,Representative District 106,Representative,106,Republican,https://www.mainecampaignfinancedisclosure.com/public/activities/a_01m493fptxfrwaehevhqdsgvzj,2026-10-06 17:27,General,,106,2026-10-06 13:16
a_01m493fptxfrwaehevhqdsgvzj,2026-10-04,MAINE DEMOCRATIC STATE COMMITTEE,Independent Expenditure,24175.93,Convergence Targeted Communication,MHS - Direct mail (all costs included),Mail Printing & Postage,R. Melissa Winslow,Oppose,440.53,Representative District 104,Representative,104,Republican,https://www.mainecampaignfinancedisclosure.com/public/activities/a_01m493fptxfrwaehevhqdsgvzj,2026-10-06 17:27,General,,104,2026-10-06 13:16
a_01m493fptxfrwaehevhqdsgvzj,2026-10-04,MAINE DEMOCRATIC STATE COMMITTEE,Independent Expenditure,24175.93,Convergence Targeted Communication,MHS - Direct mail (all costs included),Mail Printing & Postage,William J. St. Michel,Oppose,627.62,Representative District 98,Representative,98,Republican,https://www.mainecampaignfinancedisclosure.com/public/activities/a_01m493fptxfrwaehevhqdsgvzj,2026-10-06 17:27,General,,98,2026-10-06 13:16
a_01m493fptxfrwaehevhqdsgvzj,2026-10-04,MAINE DEMOCRATIC STATE COMMITTEE,Independent Expenditure,24175.93,Convergence Targeted Communication,MHS - Direct mail (all costs included),Mail Printing & Postage,Kerryl Lee Clement,Oppose,1091.25,Representative District 96,Representative,96,Republican,https://www.mainecampaignfinancedisclosure.com/public/activities/a_01m493fptxfrwaehevhqdsgvzj,2026-10-06 17:27,General,,96,2026-10-06 13:16
a_01m493fptxfrwaehevhqdsgvzj,2026-10-04,MAINE DEMOCRATIC STATE COMMITTEE,Independent Expenditure,24175.93,Convergence Targeted Communication,MHS - Direct mail (all costs included),Mail Printing & Postage,Scott A. Harriman,Support,778.09,Representative District 94,Representative,94,Democratic,https://www.mainecampaignfinancedisclosure.com/public/activities/a_01m493fptxfrwaehevhqdsgvzj,2026-10-06 17:27,General,,94,2026-10-06 13:16
a_01m493fptxfrwaehevhqdsgvzj,2026-10-04,MAINE DEMOCRATIC STATE COMMITTEE,Independent Expenditure,24175.93,Convergence Targeted Communication,MHS - Direct mail (all costs included),Mail Printing & Postage,Julia McCabe,Support,643.87,Representative District 93,Representative,93,Democratic,https://www.mainecampaignfinancedisclosure.com/public/activities/a_01m493fptxfrwaehevhqdsgvzj,2026-10-06 17:27,General,,93,2026-10-06 13:16
a_01m493fptxfrwaehevhqdsgvzj,2026-10-04,MAINE DEMOCRATIC STATE COMMITTEE,Independent Expenditure,24175.93,Convergence Targeted Communication,MHS - Direct mail (all costs included),Mail Printing & Postage,James Sorcek,Oppose,786.22,Representative District 90,Representative,90,Republican,https://www.mainecampaignfinancedisclosure.com/public/activities/a_01m493fptxfrwaehevhqdsgvzj,2026-10-06 17:27,General,,90,2026-10-06 13:16
a_01m493fptxfrwaehevhqdsgvzj,2026-10-04,MAINE DEMOCRATIC STATE COMMITTEE,Independent Expenditure,24175.93,Convergence Targeted Communication,MHS - Direct mail (all costs included),Mail Printing & Postage,Quentin Chapman,Oppose,645.23,Representative District 88,Representative,88,Republican,https://www.mainecampaignfinancedisclosure.com/public/activities/a_01m493fptxfrwaehevhqdsgvzj,2026-10-06 17:27,General,,88,2026-10-06 13:16
a_01m493fptxfrwaehevhqdsgvzj,2026-10-04,MAINE DEMOCRATIC STATE COMMITTEE,Independent Expenditure,24175.93,Convergence Targeted Communication,MHS - Direct mail (all costs included),Mail Printing & Postage,Rolf Arthur Olsen Jr.,Oppose,1070.92,Representative District 86,Representative,86,Republican,https://www.mainecampaignfinancedisclosure.com/public/activities/a_01m493fptxfrwaehevhqdsgvzj,2026-10-06 17:27,General,,86,2026-10-06 13:16
a_01m493fptxfrwaehevhqdsgvzj,2026-10-04,MAINE DEMOCRATIC STATE COMMITTEE,Independent Expenditure,24175.93,Convergence Targeted Communication,MHS - Direct mail (all costs included),Mail Printing & Postage,Marygrace Cimino,Oppose,803.85,Representative District 83,Representative,83,Republican,https://www.mainecampaignfinancedisclosure.com/public/activities/a_01m493fptxfrwaehevhqdsgvzj,2026-10-06 17:27,General,,83,2026-10-06 13:16
a_01m493fptxfrwaehevhqdsgvzj,2026-10-04,MAINE DEMOCRATIC STATE COMMITTEE,Independent Expenditure,24175.93,Convergence Targeted Communication,MHS - Direct mail (all costs included),Mail Printing & Postage,Caleb Joshua NESS,Oppose,915.69,Representative District 82,Representative,82,Republican,https://www.mainecampaignfinancedisclosure.com/public/activities/a_01m493fptxfrwaehevhqdsgvzj,2026-10-06 17:27,General,,82,2026-10-06 13:16
a_01m493fptxfrwaehevhqdsgvzj,2026-10-04,MAINE DEMOCRATIC STATE COMMITTEE,Independent Expenditure,24175.93,Convergence Targeted Communication,MHS - Direct mail (all costs included),Mail Printing & Postage,Peter Wood,Oppose,952.97,Representative District 81,Representative,81,Republican,https://www.mainecampaignfinancedisclosure.com/public/activities/a_01m493fptxfrwaehevhqdsgvzj,2026-10-06 17:27,General,,81,2026-10-06 13:16
a_01m493fptxfrwaehevhqdsgvzj,2026-10-04,MAINE DEMOCRATIC STATE COMMITTEE,Independent Expenditure,24175.93,Convergence Targeted Communication,MHS - Direct mail (all costs included),Mail Printing & Postage,Rachel A. Henderson,Oppose,725.22,Representative District 78,Representative,78,Republican,https://www.mainecampaignfinancedisclosure.com/public/activities/a_01m493fptxfrwaehevhqdsgvzj,2026-10-06 17:27,General,,78,2026-10-06 13:16
a_01m493fptxfrwaehevhqdsgvzj,2026-10-04,MAINE DEMOCRATIC STATE COMMITTEE,Independent Expenditure,24175.93,Convergence Targeted Communication,MHS - Direct mail (all costs included),Mail Printing & Postage,Sheila Lyman,Oppose,721.15,Representative District 76,Representative,76,Republican,https://www.mainecampaignfinancedisclosure.com/public/activities/a_01m493fptxfrwaehevhqdsgvzj,2026-10-06 17:27,General,,76,2026-10-06 13:16
a_01m493fptxfrwaehevhqdsgvzj,2026-10-04,MAINE DEMOCRATIC STATE COMMITTEE,Independent Expenditure,24175.93,Convergence Targeted Communication,MHS - Direct mail (all costs included),Mail Printing & Postage,Randall Douglas Gauvin,Oppose,449.33,Representative District 75,Representative,75,Republican,https://www.mainecampaignfinancedisclosure.com/public/activities/a_01m493fptxfrwaehevhqdsgvzj,2026-10-06 17:27,General,,75,2026-10-06 13:16
a_01m493fptxfrwaehevhqdsgvzj,2026-10-04,MAINE DEMOCRATIC STATE COMMITTEE,Independent Expenditure,24175.93,Convergence Targeted Communication,MHS - Direct mail (all costs included),Mail Printing & Postage,Jennifer Lynn Poirier,Oppose,435.10,Representative District 70,Representative,70,Republican,https://www.mainecampaignfinancedisclosure.com/public/activities/a_01m493fptxfrwaehevhqdsgvzj,2026-10-06 17:27,General,,70,2026-10-06 13:16
a_01m493fptxfrwaehevhqdsgvzj,2026-10-04,MAINE DEMOCRATIC STATE COMMITTEE,Independent Expenditure,24175.93,Convergence Targeted Communication,MHS - Direct mail (all costs included),Mail Printing & Postage,Shawn M. Dixon,Oppose,525.93,Representative District 67,Representative,67,Republican,https://www.mainecampaignfinancedisclosure.com/public/activities/a_01m493fptxfrwaehevhqdsgvzj,2026-10-06 17:27,General,,67,2026-10-06 13:16
a_01m493fptxfrwaehevhqdsgvzj,2026-10-04,MAINE DEMOCRATIC STATE COMMITTEE,Independent Expenditure,24175.93,Convergence Targeted Communication,MHS - Direct mail (all costs included),Mail Printing & Postage,William R. Bridgeo,Support,639.81,Representative District 60,Representative,60,Democratic,https://www.mainecampaignfinancedisclosure.com/public/activities/a_01m493fptxfrwaehevhqdsgvzj,2026-10-06 17:27,General,,60,2026-10-06 13:16
a_01m493fptxfrwaehevhqdsgvzj,2026-10-04,MAINE DEMOCRATIC STATE COMMITTEE,Independent Expenditure,24175.93,Convergence Targeted Communication,MHS - Direct mail (all costs included),Mail Printing & Postage,John Reny,Oppose,605.24,Representative District 59,Representative,59,Republican,https://www.mainecampaignfinancedisclosure.com/public/activities/a_01m493fptxfrwaehevhqdsgvzj,2026-10-06 17:27,General,,59,2026-10-06 13:16
a_01m493fptxfrwaehevhqdsgvzj,2026-10-04,MAINE DEMOCRATIC STATE COMMITTEE,Independent Expenditure,24175.93,Convergence Targeted Communication,MHS - Direct mail (all costs included),Mail Printing & Postage,"Charles Hippler, IV",Oppose,620.15,Representative District 55,Representative,55,Republican,https://www.mainecampaignfinancedisclosure.com/public/activities/a_01m493fptxfrwaehevhqdsgvzj,2026-10-06 17:27,General,,55,2026-10-06 13:16
a_01m493fptxfrwaehevhqdsgvzj,2026-10-04,MAINE DEMOCRATIC STATE COMMITTEE,Independent Expenditure,24175.93,Convergence Targeted Communication,MHS - Direct mail (all costs included),Mail Printing & Postage,Karen Montell,Support,709.62,Representative District 54,Representative,54,Democratic,https://www.mainecampaignfinancedisclosure.com/public/activities/a_01m493fptxfrwaehevhqdsgvzj,2026-10-06 17:27,General,,54,2026-10-06 13:16
a_01m493fptxfrwaehevhqdsgvzj,2026-10-04,MAINE DEMOCRATIC STATE COMMITTEE,Independent Expenditure,24175.93,Convergence Targeted Communication,MHS - Direct mail (all costs included),Mail Printing & Postage,Sally Cluchey,Support,610.66,Representative District 52,Representative,52,Democratic,https://www.mainecampaignfinancedisclosure.com/public/activities/a_01m493fptxfrwaehevhqdsgvzj,2026-10-06 17:27,General,,52,2026-10-06 13:16
a_01m493fptxfrwaehevhqdsgvzj,2026-10-04,MAINE DEMOCRATIC STATE COMMITTEE,Independent Expenditure,24175.93,Convergence Targeted Communication,MHS - Direct mail (all costs included),Mail Printing & Postage,Suzanne R. Andresen,Oppose,644.55,Representative District 49,Representative,49,Republican,https://www.mainecampaignfinancedisclosure.com/public/activities/a_01m493fptxfrwaehevhqdsgvzj,2026-10-06 17:27,General,,49,2026-10-06 13:16
a_01m493fptxfrwaehevhqdsgvzj,2026-10-04,MAINE DEMOCRATIC STATE COMMITTEE,Independent Expenditure,24175.93,Convergence Targeted Communication,MHS - Direct mail (all costs included),Mail Printing & Postage,Wayne K. Farrin,Support,711.66,Representative District 47,Representative,47,Democratic,https://www.mainecampaignfinancedisclosure.com/public/activities/a_01m493fptxfrwaehevhqdsgvzj,2026-10-06 17:27,General,,47,2026-10-06 13:16
a_01m493fptxfrwaehevhqdsgvzj,2026-10-04,MAINE DEMOCRATIC STATE COMMITTEE,Independent Expenditure,24175.93,Convergence Targeted Communication,MHS - Direct mail (all costs included),Mail Printing & Postage,Ray Thombs,Oppose,603.88,Representative District 44,Representative,44,Republican,https://www.mainecampaignfinancedisclosure.com/public/activities/a_01m493fptxfrwaehevhqdsgvzj,2026-10-06 17:27,General,,44,2026-10-06 13:16
a_01m493fptxfrwaehevhqdsgvzj,2026-10-04,MAINE DEMOCRATIC STATE COMMITTEE,Independent Expenditure,24175.93,Convergence Targeted Communication,MHS - Direct mail (all costs included),Mail Printing & Postage,Reagan Paul,Oppose,656.08,Representative District 37,Representative,37,Republican,https://www.mainecampaignfinancedisclosure.com/public/activities/a_01m493fptxfrwaehevhqdsgvzj,2026-10-06 17:27,General,,37,2026-10-06 13:16
a_01m493fptxfrwaehevhqdsgvzj,2026-10-04,MAINE DEMOCRATIC STATE COMMITTEE,Independent Expenditure,24175.93,Convergence Targeted Communication,MHS - Direct mail (all costs included),Mail Printing & Postage,Dani O'Halloran,Support,409.34,Representative District 20,Representative,20,Democratic,https://www.mainecampaignfinancedisclosure.com/public/activities/a_01m493fptxfrwaehevhqdsgvzj,2026-10-06 17:27,General,,20,2026-10-06 13:16
a_01m493fptxfrwaehevhqdsgvzj,2026-10-04,MAINE DEMOCRATIC STATE COMMITTEE,Independent Expenditure,24175.93,Convergence Targeted Communication,MHS - Direct mail (all costs included),Mail Printing & Postage,Steven Matthew Bishop,Oppose,601.17,Representative District 17,Representative,17,Republican,https://www.mainecampaignfinancedisclosure.com/public/activities/a_01m493fptxfrwaehevhqdsgvzj,2026-10-06 17:27,General,,17,2026-10-06 13:16
a_01m493fptxfrwaehevhqdsgvzj,2026-10-04,MAINE DEMOCRATIC STATE COMMITTEE,Independent Expenditure,24175.93,Convergence Targeted Communication,MHS - Direct mail (all costs included),Mail Printing & Postage,Russell P. White,Oppose,517.12,Representative District 13,Representative,13,Republican,https://www.mainecampaignfinancedisclosure.com/public/activities/a_01m493fptxfrwaehevhqdsgvzj,2026-10-06 17:27,General,,13,2026-10-06 13:16
a_01m493fptxfrwaehevhqdsgvzj,2026-10-04,MAINE DEMOCRATIC STATE COMMITTEE,Independent Expenditure,24175.93,Convergence Targeted Communication,MHS - Direct mail (all costs included),Mail Printing & Postage,Susan Bernard,Oppose,701.49,Representative District 3,Representative,3,Republican,https://www.mainecampaignfinancedisclosure.com/public/activities/a_01m493fptxfrwaehevhqdsgvzj,2026-10-06 17:27,General,,3,2026-10-06 13:16
a_01m493fptxfrwaehevhqdsgvzj,2026-10-04,MAINE DEMOCRATIC STATE COMMITTEE,Independent Expenditure,24175.93,Convergence Targeted Communication,MHS - Direct mail (all costs included),Mail Printing & Postage,Roger Albert,Oppose,663.53,Representative District 2,Representative,2,Republican,https://www.mainecampaignfinancedisclosure.com/public/activities/a_01m493fptxfrwaehevhqdsgvzj,2026-10-06 17:27,General,,2,2026-10-06 13:16
a_01m493cwmvfz4tgm8mydtjf49e,2026-10-06,Dirigo Freedom Leadership PAC,Independent Expenditure,1000.00,"Red Claw Media, LLC","ONL - Social media, online ads",Facebook Ads for Tim Towne District 149,Timothy Towne,Support,1000.00,Representative District 149,Representative,149,Republican,https://www.mainecampaignfinancedisclosure.com/public/activities/a_01m493cwmvfz4tgm8mydtjf49e,2026-10-07 02:16,General,,149,2026-10-06 13:15
a_01m4939krjeg5vsmepbwj235j6,2026-10-06,Dirigo Freedom Leadership PAC,Independent Expenditure,1000.00,"Red Claw Media, LLC","ONL - Social media, online ads",Facebook Ads for Jennifer Poirier - District 70,Jennifer Lynn Poirier,Support,1000.00,Representative District 70,Representative,70,Republican,https://www.mainecampaignfinancedisclosure.com/public/activities/a_01m4939krjeg5vsmepbwj235j6,2026-10-07 02:16,General,,70,2026-10-06 13:13
a_01m492zqpnee4r056gsmvq3r27,2026-10-05,REBUILD MAINE,Independent Expenditure,1965.36,Moxie Media,MHS - Direct mail (all costs included),HD 58 Mail,Sharon C. Frost,Support,1965.36,Representative District 58,Representative,58,Unenrolled,https://www.mainecampaignfinancedisclosure.com/public/activities/a_01m492zqpnee4r056gsmvq3r27,2026-10-06 23:21,General,,58,2026-10-06 13:08
a_01m492x3wef1j9ssbjyase7ne8,2026-10-05,REBUILD MAINE,Independent Expenditure,1915.36,Moxie Media,MHS - Direct mail (all costs included),HD 55 Mail,Maureen AuCoin,Support,1915.36,Representative District 55,Representative,55,Democratic,https://www.mainecampaignfinancedisclosure.com/public/activities/a_01m492x3wef1j9ssbjyase7ne8,2026-10-06 23:21,General,,55,2026-10-06 13:06
a_01m492t4nvfwsb7k28fmakz5k6,2026-10-05,REBUILD MAINE,Independent Expenditure,1713.36,Moxie Media,MHS - Direct mail (all costs included),HD 52 Mail,Sally Cluchey,Support,1713.36,Representative District 52,Representative,52,Democratic,https://www.mainecampaignfinancedisclosure.com/public/activities/a_01m492t4nvfwsb7k28fmakz5k6,2026-10-06 23:21,General,,52,2026-10-06 13:05
a_01m492ps7cft7snfa055xf7n1y,2026-10-05,REBUILD MAINE,Independent Expenditure,2083.36,Moxie Media,MHS - Direct mail (all costs included),HD 49 Mail,Trent Vellella,Support,2083.36,Representative District 49,Representative,49,Democratic,https://www.mainecampaignfinancedisclosure.com/public/activities/a_01m492ps7cft7snfa055xf7n1y,2026-10-06 23:21,General,,49,2026-10-06 13:03
a_01m492m408er49a49afxv4p4w2,2026-10-05,REBUILD MAINE,Independent Expenditure,1916.36,Moxie Media,MHS - Direct mail (all costs included),HD 47 Mail,Wayne K. Farrin,Support,1916.36,Representative District 47,Representative,47,Democratic,https://www.mainecampaignfinancedisclosure.com/public/activities/a_01m492m408er49a49afxv4p4w2,2026-10-06 23:21,General,,47,2026-10-06 13:01
a_01m492h5wcerjs10cn0a957k11,2026-10-05,REBUILD MAINE,Independent Expenditure,1629.36,Moxie Media,MHS - Direct mail (all costs included),HD 44 Mail,Shawn Saindon,Support,1629.36,Representative District 44,Representative,44,Unenrolled,https://www.mainecampaignfinancedisclosure.com/public/activities/a_01m492h5wcerjs10cn0a957k11,2026-10-06 23:21,General,,44,2026-10-06 13:00
a_01m492cnznex4s7qbwzs62rxx8,2026-10-05,REBUILD MAINE,Independent Expenditure,1641.36,Moxie Media,MHS - Direct mail (all costs included),HD 38 Mail,Kayla Miller,Support,1231.02,Representative District 38,Representative,38,Democratic,https://www.mainecampaignfinancedisclosure.com/public/activities/a_01m492cnznex4s7qbwzs62rxx8,2026-10-06 23:21,General,,38,2026-10-06 12:57
a_01m492cnznex4s7qbwzs62rxx8,2026-10-05,REBUILD MAINE,Independent Expenditure,1641.36,Moxie Media,MHS - Direct mail (all costs included),HD 38 Mail,Benjamin Hymes,Oppose,410.34,Representative District 38,Representative,38,Republican,https://www.mainecampaignfinancedisclosure.com/public/activities/a_01m492cnznex4s7qbwzs62rxx8,2026-10-06 23:21,General,,38,2026-10-06 12:57
a_01m4925e8gevsrw5v4nt8qdrsy,2026-10-05,REBUILD MAINE,Independent Expenditure,1797.36,Moxie Media,MHS - Direct mail (all costs included),HD 20 Mail,Dani O'Halloran,Support,1797.36,Representative District 20,Representative,20,Democratic,https://www.mainecampaignfinancedisclosure.com/public/activities/a_01m4925e8gevsrw5v4nt8qdrsy,2026-10-06 23:21,General,,20,2026-10-06 12:53
a_01m491qc7zfwf80c0tgtf9333s,2026-10-05,REBUILD MAINE,Independent Expenditure,1777.36,Moxie Media,MHS - Direct mail (all costs included),HD 17 Mail,Ronald Russell,Support,1333.02,Representative District 17,Representative,17,Democratic,https://www.mainecampaignfinancedisclosure.com/public/activities/a_01m491qc7zfwf80c0tgtf9333s,2026-10-06 23:21,General,,17,2026-10-06 12:46
a_01m491qc7zfwf80c0tgtf9333s,2026-10-05,REBUILD MAINE,Independent Expenditure,1777.36,Moxie Media,MHS - Direct mail (all costs included),HD 17 Mail,Steven Matthew Bishop,Oppose,444.34,Representative District 17,Representative,17,Republican,https://www.mainecampaignfinancedisclosure.com/public/activities/a_01m491qc7zfwf80c0tgtf9333s,2026-10-06 23:21,General,,17,2026-10-06 12:46
a_01m491jd8ve2mrryhabc6m9368,2026-10-05,REBUILD MAINE,Independent Expenditure,1571.36,Moxie Media,MHS - Direct mail (all costs included),HD 13 Mail,Michael Hobart Cunningham II,Support,1178.52,Representative District 13,Representative,13,Democratic,https://www.mainecampaignfinancedisclosure.com/public/activities/a_01m491jd8ve2mrryhabc6m9368,2026-10-06 23:21,General,,13,2026-10-06 12:43
a_01m491jd8ve2mrryhabc6m9368,2026-10-05,REBUILD MAINE,Independent Expenditure,1571.36,Moxie Media,MHS - Direct mail (all costs included),HD 13 Mail,Russell P. White,Oppose,392.84,Representative District 13,Representative,13,Republican,https://www.mainecampaignfinancedisclosure.com/public/activities/a_01m491jd8ve2mrryhabc6m9368,2026-10-06 23:21,General,,13,2026-10-06 12:43
a_01m490rhfne41btcetn5rq5zd0,2026-10-05,Strong Maine Communities PAC,Independent Expenditure,7473.98,Convergence Targeted Communication,"ONL - Social media, online ads",Digital Ads,Shawn Saindon,Support,2296.36,Representative District 44,Representative,44,Unenrolled,https://www.mainecampaignfinancedisclosure.com/public/activities/a_01m490rhfne41btcetn5rq5zd0,2026-10-06 16:50,General,,44,2026-10-06 12:29
a_01m490rhfne41btcetn5rq5zd0,2026-10-05,Strong Maine Communities PAC,Independent Expenditure,7473.98,Convergence Targeted Communication,"ONL - Social media, online ads",Digital Ads,Sharon C. Frost,Support,2506.85,Representative District 58,Representative,58,Unenrolled,https://www.mainecampaignfinancedisclosure.com/public/activities/a_01m490rhfne41btcetn5rq5zd0,2026-10-06 16:50,General,,58,2026-10-06 12:29
a_01m490rhfne41btcetn5rq5zd0,2026-10-05,Strong Maine Communities PAC,Independent Expenditure,7473.98,Convergence Targeted Communication,"ONL - Social media, online ads",Digital Ads,Louis Samuel Pfeifle,Support,2670.77,Representative District 104,Representative,104,Unenrolled,https://www.mainecampaignfinancedisclosure.com/public/activities/a_01m490rhfne41btcetn5rq5zd0,2026-10-06 16:50,General,Sam Pfeifle,104,2026-10-06 12:29
a_01m4900kv3ej49kc2jtt1jjysy,2026-09-28,Strong Maine Communities PAC,Independent Expenditure,1793.78,Convergence Targeted Communication,MHS - Direct mail (all costs included),Mail,Sharon C. Frost,Support,1793.78,Representative District 58,Representative,58,Unenrolled,https://www.mainecampaignfinancedisclosure.com/public/activities/a_01m4900kv3ej49kc2jtt1jjysy,2026-10-06 16:34,General,,58,2026-10-06 12:16
a_01m4744bppfqvsj6n72vqgxgwg,2026-09-14,Maine Republican Party,Independent Expenditure,2987.71,Spectrum Marketing Companies,"POS - Postage, mailbox fees",POSTAGE FOR MAILERS,Kelly Dearborn,Support,238.82,Representative District 108,Representative,108,Republican,https://www.mainecampaignfinancedisclosure.com/public/activities/a_01m4744bppfqvsj6n72vqgxgwg,2026-10-06 01:20,General,,108,2026-10-05 18:49
a_01m4744bppfqvsj6n72vqgxgwg,2026-09-14,Maine Republican Party,Independent Expenditure,2987.71,Spectrum Marketing Companies,"POS - Postage, mailbox fees",POSTAGE FOR MAILERS,Domingo Torres,Support,205.11,Representative District 142,Representative,142,Republican,https://www.mainecampaignfinancedisclosure.com/public/activities/a_01m4744bppfqvsj6n72vqgxgwg,2026-10-06 01:20,General,,142,2026-10-05 18:49
a_01m4744bppfqvsj6n72vqgxgwg,2026-09-14,Maine Republican Party,Independent Expenditure,2987.71,Spectrum Marketing Companies,"POS - Postage, mailbox fees",POSTAGE FOR MAILERS,Roger Albert,Support,195.39,Representative District 2,Representative,2,Republican,https://www.mainecampaignfinancedisclosure.com/public/activities/a_01m4744bppfqvsj6n72vqgxgwg,2026-10-06 01:20,General,,2,2026-10-05 18:49
a_01m4744bppfqvsj6n72vqgxgwg,2026-09-14,Maine Republican Party,Independent Expenditure,2987.71,Spectrum Marketing Companies,"POS - Postage, mailbox fees",POSTAGE FOR MAILERS,PATRICK JUDE,Support,242.11,Representative District 20,Representative,20,Republican,https://www.mainecampaignfinancedisclosure.com/public/activities/a_01m4744bppfqvsj6n72vqgxgwg,2026-10-06 01:20,General,,20,2026-10-05 18:49
a_01m4744bppfqvsj6n72vqgxgwg,2026-09-14,Maine Republican Party,Independent Expenditure,2987.71,Spectrum Marketing Companies,"POS - Postage, mailbox fees",POSTAGE FOR MAILERS,Chester B. Grover III,Support,292.14,Representative District 47,Representative,47,Republican,https://www.mainecampaignfinancedisclosure.com/public/activities/a_01m4744bppfqvsj6n72vqgxgwg,2026-10-06 01:20,General,,47,2026-10-05 18:49
a_01m4744bppfqvsj6n72vqgxgwg,2026-09-14,Maine Republican Party,Independent Expenditure,2987.71,Spectrum Marketing Companies,"POS - Postage, mailbox fees",POSTAGE FOR MAILERS,David Wayne Guilmette,Support,271.91,Representative District 52,Representative,52,Republican,https://www.mainecampaignfinancedisclosure.com/public/activities/a_01m4744bppfqvsj6n72vqgxgwg,2026-10-06 01:20,General,,52,2026-10-05 18:49
a_01m4744bppfqvsj6n72vqgxgwg,2026-09-14,Maine Republican Party,Independent Expenditure,2987.71,Spectrum Marketing Companies,"POS - Postage, mailbox fees",POSTAGE FOR MAILERS,"Charles Hippler, IV",Support,269.09,Representative District 55,Representative,55,Republican,https://www.mainecampaignfinancedisclosure.com/public/activities/a_01m4744bppfqvsj6n72vqgxgwg,2026-10-06 01:20,General,,55,2026-10-05 18:49
a_01m4744bppfqvsj6n72vqgxgwg,2026-09-14,Maine Republican Party,Independent Expenditure,2987.71,Spectrum Marketing Companies,"POS - Postage, mailbox fees",POSTAGE FOR MAILERS,Dexter 'Buzz' Bridges,Support,309.85,Representative District 58,Representative,58,Republican,https://www.mainecampaignfinancedisclosure.com/public/activities/a_01m4744bppfqvsj6n72vqgxgwg,2026-10-06 01:20,General,,58,2026-10-05 18:49
a_01m4744bppfqvsj6n72vqgxgwg,2026-09-14,Maine Republican Party,Independent Expenditure,2987.71,Spectrum Marketing Companies,"POS - Postage, mailbox fees",POSTAGE FOR MAILERS,John Reny,Support,230.98,Representative District 59,Representative,59,Republican,https://www.mainecampaignfinancedisclosure.com/public/activities/a_01m4744bppfqvsj6n72vqgxgwg,2026-10-06 01:20,General,,59,2026-10-05 18:49
a_01m4744bppfqvsj6n72vqgxgwg,2026-09-14,Maine Republican Party,Independent Expenditure,2987.71,Spectrum Marketing Companies,"POS - Postage, mailbox fees",POSTAGE FOR MAILERS,Randall Douglas Gauvin,Support,208.09,Representative District 75,Representative,75,Republican,https://www.mainecampaignfinancedisclosure.com/public/activities/a_01m4744bppfqvsj6n72vqgxgwg,2026-10-06 01:20,General,,75,2026-10-05 18:49
a_01m4744bppfqvsj6n72vqgxgwg,2026-09-14,Maine Republican Party,Independent Expenditure,2987.71,Spectrum Marketing Companies,"POS - Postage, mailbox fees",POSTAGE FOR MAILERS,Kerryl Lee Clement,Support,230.67,Representative District 96,Representative,96,Republican,https://www.mainecampaignfinancedisclosure.com/public/activities/a_01m4744bppfqvsj6n72vqgxgwg,2026-10-06 01:20,General,,96,2026-10-05 18:49
a_01m4744bppfqvsj6n72vqgxgwg,2026-09-14,Maine Republican Party,Independent Expenditure,2987.71,Spectrum Marketing Companies,"POS - Postage, mailbox fees",POSTAGE FOR MAILERS,William J. St. Michel,Support,293.55,Representative District 98,Representative,98,Republican,https://www.mainecampaignfinancedisclosure.com/public/activities/a_01m4744bppfqvsj6n72vqgxgwg,2026-10-06 01:20,General,,98,2026-10-05 18:49
a_01m46zrf00f3bre4wjj28j8sqy,2026-10-05,MAINE CONSERVATION VOTERS ACTION FUND,Independent Expenditure,23058.33,Assemble the Agency LLC,"ONL - Social media, online ads",Online Video ad buy,Amanda Heath,Support,4330.20,Senator District 15,Senator,15,Democratic,https://www.mainecampaignfinancedisclosure.com/public/activities/a_01m46zrf00f3bre4wjj28j8sqy,2026-10-05 22:03,General,,15,2026-10-05 17:33
a_01m46zrf00f3bre4wjj28j8sqy,2026-10-05,MAINE CONSERVATION VOTERS ACTION FUND,Independent Expenditure,23058.33,Assemble the Agency LLC,"ONL - Social media, online ads",Online Video ad buy,Scott W. Cyrway,Oppose,5737.53,Senator District 16,Senator,16,Republican,https://www.mainecampaignfinancedisclosure.com/public/activities/a_01m46zrf00f3bre4wjj28j8sqy,2026-10-05 22:03,General,,16,2026-10-05 17:33
a_01m46zrf00f3bre4wjj28j8sqy,2026-10-05,MAINE CONSERVATION VOTERS ACTION FUND,Independent Expenditure,23058.33,Assemble the Agency LLC,"ONL - Social media, online ads",Online Video ad buy,Elizabeth D. Bosworth,Support,6062.28,Senator District 18,Senator,18,Democratic,https://www.mainecampaignfinancedisclosure.com/public/activities/a_01m46zrf00f3bre4wjj28j8sqy,2026-10-05 22:03,General,,18,2026-10-05 17:33
a_01m46zrf00f3bre4wjj28j8sqy,2026-10-05,MAINE CONSERVATION VOTERS ACTION FUND,Independent Expenditure,23058.33,Assemble the Agency LLC,"ONL - Social media, online ads",Online Video ad buy,Bruce Bickford,Oppose,4763.22,Senator District 20,Senator,20,Republican,https://www.mainecampaignfinancedisclosure.com/public/activities/a_01m46zrf00f3bre4wjj28j8sqy,2026-10-05 22:03,General,,20,2026-10-05 17:33
a_01m46zrf00f3bre4wjj28j8sqy,2026-10-05,MAINE CONSERVATION VOTERS ACTION FUND,Independent Expenditure,23058.33,Assemble the Agency LLC,"ONL - Social media, online ads",Online Video ad buy,Matthew A. Harrington,Oppose,2165.10,Senator District 33,Senator,33,Republican,https://www.mainecampaignfinancedisclosure.com/public/activities/a_01m46zrf00f3bre4wjj28j8sqy,2026-10-05 22:03,General,,33,2026-10-05 17:33
a_01m46wx2a1ehns8tkdh0xn28g7,2026-10-04,MAINE DEMOCRATIC STATE COMMITTEE,Independent Expenditure,8581.76,"JM2, LLC",MHS - Direct mail (all costs included),Mail Printing & Postage,John Andrews,Oppose,4290.88,Senator District 18,Senator,18,Republican,https://www.mainecampaignfinancedisclosure.com/public/activities/a_01m46wx2a1ehns8tkdh0xn28g7,2026-10-05 21:00,General,,18,2026-10-05 16:43
a_01m46wx2a1ehns8tkdh0xn28g7,2026-10-04,MAINE DEMOCRATIC STATE COMMITTEE,Independent Expenditure,8581.76,"JM2, LLC",MHS - Direct mail (all costs included),Mail Printing & Postage,Elizabeth D. Bosworth,Support,4290.88,Senator District 18,Senator,18,Democratic,https://www.mainecampaignfinancedisclosure.com/public/activities/a_01m46wx2a1ehns8tkdh0xn28g7,2026-10-05 21:00,General,,18,2026-10-05 16:43
a_01m46w4qxwe7k8abqzkzcf6916,2026-09-15,MPA Votes,Independent Expenditure,3250.00,MAINE PEOPLE'S ALLIANCE,"LIT - Palmcards, signs, stickers, etc.",Lit creation and print,Michel Lajoie,Support,250.00,,,,,https://www.mainecampaignfinancedisclosure.com/public/activities/a_01m46w4qxwe7k8abqzkzcf6916,2026-10-05 20:44,General,,,2026-10-05 16:30
a_01m46w4qxwe7k8abqzkzcf6916,2026-09-15,MPA Votes,Independent Expenditure,3250.00,MAINE PEOPLE'S ALLIANCE,"LIT - Palmcards, signs, stickers, etc.",Lit creation and print,Katrina Couch Ray-Saulis,Support,250.00,Representative District 59,Representative,59,Democratic,https://www.mainecampaignfinancedisclosure.com/public/activities/a_01m46w4qxwe7k8abqzkzcf6916,2026-10-05 20:44,General,,59,2026-10-05 16:30
a_01m46w4qxwe7k8abqzkzcf6916,2026-09-15,MPA Votes,Independent Expenditure,3250.00,MAINE PEOPLE'S ALLIANCE,"LIT - Palmcards, signs, stickers, etc.",Lit creation and print,Ambureen Rana,Support,250.00,Representative District 21,Representative,21,Democratic,https://www.mainecampaignfinancedisclosure.com/public/activities/a_01m46w4qxwe7k8abqzkzcf6916,2026-10-05 20:44,General,,21,2026-10-05 16:30
a_01m46w4qxwe7k8abqzkzcf6916,2026-09-15,MPA Votes,Independent Expenditure,3250.00,MAINE PEOPLE'S ALLIANCE,"LIT - Palmcards, signs, stickers, etc.",Lit creation and print,Rebecca Lynn Flood Andrews,Support,250.00,Representative District 141,Representative,141,Democratic,https://www.mainecampaignfinancedisclosure.com/public/activities/a_01m46w4qxwe7k8abqzkzcf6916,2026-10-05 20:44,General,,141,2026-10-05 16:30
a_01m46w4qxwe7k8abqzkzcf6916,2026-09-15,MPA Votes,Independent Expenditure,3250.00,MAINE PEOPLE'S ALLIANCE,"LIT - Palmcards, signs, stickers, etc.",Lit creation and print,Ayn Hanselmann,Support,250.00,Representative District 142,Representative,142,Democratic,https://www.mainecampaignfinancedisclosure.com/public/activities/a_01m46w4qxwe7k8abqzkzcf6916,2026-10-05 20:44,General,,142,2026-10-05 16:30
a_01m46w4qxwe7k8abqzkzcf6916,2026-09-15,MPA Votes,Independent Expenditure,3250.00,MAINE PEOPLE'S ALLIANCE,"LIT - Palmcards, signs, stickers, etc.",Lit creation and print,Kristin Tyra Davis,Support,250.00,Representative District 145,Representative,145,Democratic,https://www.mainecampaignfinancedisclosure.com/public/activities/a_01m46w4qxwe7k8abqzkzcf6916,2026-10-05 20:44,General,,145,2026-10-05 16:30
a_01m46w4qxwe7k8abqzkzcf6916,2026-09-15,MPA Votes,Independent Expenditure,3250.00,MAINE PEOPLE'S ALLIANCE,"LIT - Palmcards, signs, stickers, etc.",Lit creation and print,Daniel Sayre,Support,250.00,Senator District 34,Senator,34,Democratic,https://www.mainecampaignfinancedisclosure.com/public/activities/a_01m46w4qxwe7k8abqzkzcf6916,2026-10-05 20:44,General,,34,2026-10-05 16:30
a_01m46w4qxwe7k8abqzkzcf6916,2026-09-15,MPA Votes,Independent Expenditure,3250.00,MAINE PEOPLE'S ALLIANCE,"LIT - Palmcards, signs, stickers, etc.",Lit creation and print,Nancy McDowell,Support,250.00,Representative District 29,Representative,29,Democratic,https://www.mainecampaignfinancedisclosure.com/public/activities/a_01m46w4qxwe7k8abqzkzcf6916,2026-10-05 20:44,General,,29,2026-10-05 16:30
a_01m46w4qxwe7k8abqzkzcf6916,2026-09-15,MPA Votes,Independent Expenditure,3250.00,MAINE PEOPLE'S ALLIANCE,"LIT - Palmcards, signs, stickers, etc.",Lit creation and print,Sean Faircloth,Support,250.00,Representative District 24,Representative,24,Democratic,https://www.mainecampaignfinancedisclosure.com/public/activities/a_01m46w4qxwe7k8abqzkzcf6916,2026-10-05 20:44,General,,24,2026-10-05 16:30
a_01m46w4qxwe7k8abqzkzcf6916,2026-09-15,MPA Votes,Independent Expenditure,3250.00,MAINE PEOPLE'S ALLIANCE,"LIT - Palmcards, signs, stickers, etc.",Lit creation and print,Amy J Roeder,Support,250.00,Senator District 9,Senator,9,Democratic,https://www.mainecampaignfinancedisclosure.com/public/activities/a_01m46w4qxwe7k8abqzkzcf6916,2026-10-05 20:44,General,,9,2026-10-05 16:30
a_01m46w4qxwe7k8abqzkzcf6916,2026-09-15,MPA Votes,Independent Expenditure,3250.00,MAINE PEOPLE'S ALLIANCE,"LIT - Palmcards, signs, stickers, etc.",Lit creation and print,Taylor West,Support,250.00,Representative District 63,Representative,63,Democratic,https://www.mainecampaignfinancedisclosure.com/public/activities/a_01m46w4qxwe7k8abqzkzcf6916,2026-10-05 20:44,General,,63,2026-10-05 16:30
a_01m46w4qxwe7k8abqzkzcf6916,2026-09-15,MPA Votes,Independent Expenditure,3250.00,MAINE PEOPLE'S ALLIANCE,"LIT - Palmcards, signs, stickers, etc.",Lit creation and print,Patric Moore,Support,250.00,Senator District 16,Senator,16,Democratic,https://www.mainecampaignfinancedisclosure.com/public/activities/a_01m46w4qxwe7k8abqzkzcf6916,2026-10-05 20:44,General,,16,2026-10-05 16:30
a_01m46w4qxwe7k8abqzkzcf6916,2026-09-15,MPA Votes,Independent Expenditure,3250.00,MAINE PEOPLE'S ALLIANCE,"LIT - Palmcards, signs, stickers, etc.",Lit creation and print,Victoria Porter Kornfield,Support,250.00,Representative District 23,Representative,23,Democratic,https://www.mainecampaignfinancedisclosure.com/public/activities/a_01m46w4qxwe7k8abqzkzcf6916,2026-10-05 20:44,General,,23,2026-10-05 16:30
a_01m46v1as5erdrmmnw52hxpexw,2026-09-30,MPA CAMPAIGN VOTE!,Independent Expenditure,1428.57,MAINE PEOPLE'S ALLIANCE,"ONL - Social media, online ads",Digital contract,Elizabeth D. Bosworth,Support,1428.57,Senator District 18,Senator,18,Democratic,https://www.mainecampaignfinancedisclosure.com/public/activities/a_01m46v1as5erdrmmnw52hxpexw,2026-10-05 20:28,General,,18,2026-10-05 16:10
a_01m46tyywxec0ackwyda6yg7sq,2026-09-30,MPA CAMPAIGN VOTE!,Independent Expenditure,1428.57,MAINE PEOPLE'S ALLIANCE,"ONL - Social media, online ads",Digital contract,Amanda Heath,Support,1428.57,Senator District 15,Senator,15,Democratic,https://www.mainecampaignfinancedisclosure.com/public/activities/a_01m46tyywxec0ackwyda6yg7sq,2026-10-05 20:28,General,,15,2026-10-05 16:09
a_01m46txcn4fj4bwr3am0779awg,2026-09-30,MPA CAMPAIGN VOTE!,Independent Expenditure,1428.57,MAINE PEOPLE'S ALLIANCE,"ONL - Social media, online ads",Digital contract,Michael Tipping,Support,1428.57,Senator District 8,Senator,8,Democratic,https://www.mainecampaignfinancedisclosure.com/public/activities/a_01m46txcn4fj4bwr3am0779awg,2026-10-05 20:28,General,,8,2026-10-05 16:08
a_01m46tvjdses480683hf6dpbb2,2026-09-30,MPA CAMPAIGN VOTE!,Independent Expenditure,1428.57,MAINE PEOPLE'S ALLIANCE,"ONL - Social media, online ads",Digital contract,Rebecca Lynn Flood Andrews,Support,1428.57,Representative District 141,Representative,141,Democratic,https://www.mainecampaignfinancedisclosure.com/public/activities/a_01m46tvjdses480683hf6dpbb2,2026-10-05 20:28,General,,141,2026-10-05 16:07
a_01m46tsx4reqc8p1esfm6kv0k0,2026-09-30,MPA CAMPAIGN VOTE!,Independent Expenditure,1428.57,MAINE PEOPLE'S ALLIANCE,"ONL - Social media, online ads",Digital contract,Joseph Campbell,Support,1428.57,Representative District 107,Representative,107,Democratic,https://www.mainecampaignfinancedisclosure.com/public/activities/a_01m46tsx4reqc8p1esfm6kv0k0,2026-10-05 20:28,General,,107,2026-10-05 16:06
a_01m46tr7rxedgatfpb7pt2yvzj,2026-09-30,MPA CAMPAIGN VOTE!,Independent Expenditure,1428.57,MAINE PEOPLE'S ALLIANCE,"ONL - Social media, online ads",Digital contract,Christopher Easton,Support,1428.57,Representative District 81,Representative,81,Democratic,https://www.mainecampaignfinancedisclosure.com/public/activities/a_01m46tr7rxedgatfpb7pt2yvzj,2026-10-05 20:28,General,,81,2026-10-05 16:05
a_01m46tp5bcewgv69fr7sccrk5q,2026-09-30,MPA CAMPAIGN VOTE!,Independent Expenditure,1428.57,MAINE PEOPLE'S ALLIANCE,"ONL - Social media, online ads",Digital contract,Woodleigh H Hughes,Support,1428.57,Representative District 78,Representative,78,Democratic,https://www.mainecampaignfinancedisclosure.com/public/activities/a_01m46tp5bcewgv69fr7sccrk5q,2026-10-05 20:28,General,,78,2026-10-05 16:04
a_01m46tgnb6e5yb09y9ng0x3xmb,2026-09-29,MPA CAMPAIGN VOTE!,Independent Expenditure,833.88,MAINE PEOPLE'S ALLIANCE,"PER - Staffing, consulting",canvass contract,Victoria Porter Kornfield,Support,833.88,Representative District 23,Representative,23,Democratic,https://www.mainecampaignfinancedisclosure.com/public/activities/a_01m46tgnb6e5yb09y9ng0x3xmb,2026-10-05 20:28,General,,23,2026-10-05 16:01
a_01m46tek58fb6sa4gd9nyach7n,2026-09-29,MPA CAMPAIGN VOTE!,Independent Expenditure,1667.76,MAINE PEOPLE'S ALLIANCE,"PER - Staffing, consulting",canvass contract,Patric Moore,Support,1667.76,Senator District 16,Senator,16,Democratic,https://www.mainecampaignfinancedisclosure.com/public/activities/a_01m46tek58fb6sa4gd9nyach7n,2026-10-05 20:28,General,,16,2026-10-05 16:00
a_01m46tbz2getdaem8nat4j0ckz,2026-09-29,MPA CAMPAIGN VOTE!,Independent Expenditure,833.88,MAINE PEOPLE'S ALLIANCE,"PER - Staffing, consulting",canvass contract,Sean Faircloth,Support,833.88,Representative District 24,Representative,24,Democratic,https://www.mainecampaignfinancedisclosure.com/public/activities/a_01m46tbz2getdaem8nat4j0ckz,2026-10-05 20:28,General,,24,2026-10-05 15:59
a_01m46tda27f4y8agpx7ce32ctz,2026-09-29,MPA CAMPAIGN VOTE!,Independent Expenditure,1667.76,MAINE PEOPLE'S ALLIANCE,"PER - Staffing, consulting",canvass contract,Amy J Roeder,Support,1667.76,Senator District 9,Senator,9,Democratic,https://www.mainecampaignfinancedisclosure.com/public/activities/a_01m46tda27f4y8agpx7ce32ctz,2026-10-05 20:28,General,,9,2026-10-05 15:59
a_01m46tacape18rt7wj6tfrmwfe,2026-09-29,MPA CAMPAIGN VOTE!,Independent Expenditure,833.88,MAINE PEOPLE'S ALLIANCE,"PER - Staffing, consulting",canvass contract,Nancy McDowell,Support,833.88,Representative District 29,Representative,29,Democratic,https://www.mainecampaignfinancedisclosure.com/public/activities/a_01m46tacape18rt7wj6tfrmwfe,2026-10-05 20:28,General,,29,2026-10-05 15:58
a_01m46t90gnfx78zypz70mh5nyj,2026-09-25,MPA CAMPAIGN VOTE!,Independent Expenditure,833.88,MAINE PEOPLE'S ALLIANCE,"PER - Staffing, consulting",canvass contract,Daniel Sayre,Support,833.88,Senator District 34,Senator,34,Democratic,https://www.mainecampaignfinancedisclosure.com/public/activities/a_01m46t90gnfx78zypz70mh5nyj,2026-10-05 20:28,General,,34,2026-10-05 15:57
a_01m46t7ncxffqv8j92djqaa1xk,2026-09-25,MPA CAMPAIGN VOTE!,Independent Expenditure,833.88,MAINE PEOPLE'S ALLIANCE,"PER - Staffing, consulting",canvass contract,Kristin Tyra Davis,Support,833.88,Representative District 145,Representative,145,Democratic,https://www.mainecampaignfinancedisclosure.com/public/activities/a_01m46t7ncxffqv8j92djqaa1xk,2026-10-05 20:28,General,,145,2026-10-05 15:56
a_01m46t4qmgf289nadjdq4h5a1y,2026-09-25,MPA CAMPAIGN VOTE!,Independent Expenditure,833.88,MAINE PEOPLE'S ALLIANCE,"PER - Staffing, consulting",canvass contract,Rebecca Lynn Flood Andrews,Support,833.88,Representative District 141,Representative,141,Democratic,https://www.mainecampaignfinancedisclosure.com/public/activities/a_01m46t4qmgf289nadjdq4h5a1y,2026-10-05 20:28,General,,141,2026-10-05 15:55
a_01m46t65wbfdtsr25nknpf61xe,2026-09-25,MPA CAMPAIGN VOTE!,Independent Expenditure,833.88,MAINE PEOPLE'S ALLIANCE,"PER - Staffing, consulting",canvass contract,Ayn Hanselmann,Support,833.88,Representative District 142,Representative,142,Democratic,https://www.mainecampaignfinancedisclosure.com/public/activities/a_01m46t65wbfdtsr25nknpf61xe,2026-10-05 20:28,General,,142,2026-10-05 15:55
a_01m46t3fcbf6nrhy7mmnfwc11c,2026-09-25,MPA CAMPAIGN VOTE!,Independent Expenditure,833.88,MAINE PEOPLE'S ALLIANCE,"PER - Staffing, consulting",canvass contract,Ambureen Rana,Support,833.88,Representative District 21,Representative,21,Democratic,https://www.mainecampaignfinancedisclosure.com/public/activities/a_01m46t3fcbf6nrhy7mmnfwc11c,2026-10-05 20:28,General,,21,2026-10-05 15:54
a_01m46t20p5fw4atvj6jx0aatyv,2026-09-25,MPA CAMPAIGN VOTE!,Independent Expenditure,833.88,MAINE PEOPLE'S ALLIANCE,"PER - Staffing, consulting",Canvass contract,Katrina Couch Ray-Saulis,Support,833.88,Representative District 59,Representative,59,Democratic,https://www.mainecampaignfinancedisclosure.com/public/activities/a_01m46t20p5fw4atvj6jx0aatyv,2026-10-05 20:28,General,,59,2026-10-05 15:53
a_01m46t0ex9fvp88r383tgz8h6j,2026-08-15,MPA CAMPAIGN VOTE!,Independent Expenditure,833.88,MAINE PEOPLE'S ALLIANCE,"PER - Staffing, consulting",canvass contract,Gordon Powell Street,Support,833.88,Representative District 28,Representative,28,Democratic,https://www.mainecampaignfinancedisclosure.com/public/activities/a_01m46t0ex9fvp88r383tgz8h6j,2026-10-05 20:28,General,,28,2026-10-05 15:52
a_01m46syyg2e93sh0s2ax8qmgp2,2026-09-15,MPA CAMPAIGN VOTE!,Independent Expenditure,833.88,MAINE PEOPLE'S ALLIANCE,"PER - Staffing, consulting",Canvass Contract,Michel Lajoie,Support,833.88,,,,,https://www.mainecampaignfinancedisclosure.com/public/activities/a_01m46syyg2e93sh0s2ax8qmgp2,2026-10-05 20:28,General,,,2026-10-05 15:51
a_01m46swnxcf9mv1t85d5382xjn,2026-09-15,MPA CAMPAIGN VOTE!,Independent Expenditure,833.88,MAINE PEOPLE'S ALLIANCE,"PER - Staffing, consulting",Canvass Contract,Scott A. Harriman,Support,833.88,Representative District 94,Representative,94,Democratic,https://www.mainecampaignfinancedisclosure.com/public/activities/a_01m46swnxcf9mv1t85d5382xjn,2026-10-05 20:28,General,,94,2026-10-05 15:50
a_01m46sv034f0jafz10m511j70h,2026-09-15,MPA CAMPAIGN VOTE!,Independent Expenditure,1667.76,MAINE PEOPLE'S ALLIANCE,"PER - Staffing, consulting",Canvass Contract,Shanna Cox,Support,1667.76,Senator District 21,Senator,21,Democratic,https://www.mainecampaignfinancedisclosure.com/public/activities/a_01m46sv034f0jafz10m511j70h,2026-10-05 20:28,General,,21,2026-10-05 15:49
a_01m46ss7r2ezsr9g3qf1wp17zv,2026-09-15,MPA CAMPAIGN VOTE!,Independent Expenditure,833.88,MAINE PEOPLE'S ALLIANCE,"PER - Staffing, consulting",Canvass Contract,Joseph Campbell,Support,833.88,Representative District 107,Representative,107,Democratic,https://www.mainecampaignfinancedisclosure.com/public/activities/a_01m46ss7r2ezsr9g3qf1wp17zv,2026-10-05 20:28,General,,107,2026-10-05 15:48
a_01m46s3qzcf9wt0k22e8ha0xfy,2026-10-05,MAINE CONSERVATION VOTERS ACTION FUND,Independent Expenditure,52098.22,Assemble the Agency LLC,"ONL - Social media, online ads","social media, online ads and production",Craig Hickman,Support,9663.65,Senator District 14,Senator,14,Democratic,https://www.mainecampaignfinancedisclosure.com/public/activities/a_01m46s3qzcf9wt0k22e8ha0xfy,2026-10-06 14:44,General,,14,2026-10-05 15:37
a_01m46s3qzcf9wt0k22e8ha0xfy,2026-10-05,MAINE CONSERVATION VOTERS ACTION FUND,Independent Expenditure,52098.22,Assemble the Agency LLC,"ONL - Social media, online ads","social media, online ads and production",Michael Tipping,Support,3716.79,Senator District 8,Senator,8,Democratic,https://www.mainecampaignfinancedisclosure.com/public/activities/a_01m46s3qzcf9wt0k22e8ha0xfy,2026-10-06 14:44,General,,8,2026-10-05 15:37
a_01m46s3qzcf9wt0k22e8ha0xfy,2026-10-05,MAINE CONSERVATION VOTERS ACTION FUND,Independent Expenditure,52098.22,Assemble the Agency LLC,"ONL - Social media, online ads","social media, online ads and production",Timothy E Nangle,Support,3772.54,Senator District 26,Senator,26,Democratic,https://www.mainecampaignfinancedisclosure.com/public/activities/a_01m46s3qzcf9wt0k22e8ha0xfy,2026-10-06 14:44,General,,26,2026-10-05 15:37
a_01m46s3qzcf9wt0k22e8ha0xfy,2026-10-05,MAINE CONSERVATION VOTERS ACTION FUND,Independent Expenditure,52098.22,Assemble the Agency LLC,"ONL - Social media, online ads","social media, online ads and production",Peter Wood,Oppose,1546.18,Representative District 81,Representative,81,Republican,https://www.mainecampaignfinancedisclosure.com/public/activities/a_01m46s3qzcf9wt0k22e8ha0xfy,2026-10-06 14:44,General,,81,2026-10-05 15:37
a_01m46s3qzcf9wt0k22e8ha0xfy,2026-10-05,MAINE CONSERVATION VOTERS ACTION FUND,Independent Expenditure,52098.22,Assemble the Agency LLC,"ONL - Social media, online ads","social media, online ads and production",Christopher Alfred Lewey,Support,1639.11,Representative District 82,Representative,82,Democratic,https://www.mainecampaignfinancedisclosure.com/public/activities/a_01m46s3qzcf9wt0k22e8ha0xfy,2026-10-06 14:44,General,,82,2026-10-05 15:37
a_01m46s3qzcf9wt0k22e8ha0xfy,2026-10-05,MAINE CONSERVATION VOTERS ACTION FUND,Independent Expenditure,52098.22,Assemble the Agency LLC,"ONL - Social media, online ads","social media, online ads and production",Marygrace Cimino,Oppose,1639.11,Representative District 83,Representative,83,Republican,https://www.mainecampaignfinancedisclosure.com/public/activities/a_01m46s3qzcf9wt0k22e8ha0xfy,2026-10-06 14:44,General,,83,2026-10-05 15:37
a_01m46s3qzcf9wt0k22e8ha0xfy,2026-10-05,MAINE CONSERVATION VOTERS ACTION FUND,Independent Expenditure,52098.22,Assemble the Agency LLC,"ONL - Social media, online ads","social media, online ads and production",Pamela Hart,Support,1546.18,Representative District 90,Representative,90,Democratic,https://www.mainecampaignfinancedisclosure.com/public/activities/a_01m46s3qzcf9wt0k22e8ha0xfy,2026-10-06 14:44,General,,90,2026-10-05 15:37
a_01m46s3qzcf9wt0k22e8ha0xfy,2026-10-05,MAINE CONSERVATION VOTERS ACTION FUND,Independent Expenditure,52098.22,Assemble the Agency LLC,"ONL - Social media, online ads","social media, online ads and production",Quentin Chapman,Oppose,1546.18,Representative District 88,Representative,88,Republican,https://www.mainecampaignfinancedisclosure.com/public/activities/a_01m46s3qzcf9wt0k22e8ha0xfy,2026-10-06 14:44,General,,88,2026-10-05 15:37
a_01m46s3qzcf9wt0k22e8ha0xfy,2026-10-05,MAINE CONSERVATION VOTERS ACTION FUND,Independent Expenditure,52098.22,Assemble the Agency LLC,"ONL - Social media, online ads","social media, online ads and production",Rolf Arthur Olsen Jr.,Oppose,1639.11,Representative District 86,Representative,86,Republican,https://www.mainecampaignfinancedisclosure.com/public/activities/a_01m46s3qzcf9wt0k22e8ha0xfy,2026-10-06 14:44,General,,86,2026-10-05 15:37
a_01m46s3qzcf9wt0k22e8ha0xfy,2026-10-05,MAINE CONSERVATION VOTERS ACTION FUND,Independent Expenditure,52098.22,Assemble the Agency LLC,"ONL - Social media, online ads","social media, online ads and production",Kilton McCarthy Webb,Support,1639.11,Representative District 98,Representative,98,Democratic,https://www.mainecampaignfinancedisclosure.com/public/activities/a_01m46s3qzcf9wt0k22e8ha0xfy,2026-10-06 14:44,General,,98,2026-10-05 15:37
a_01m46s3qzcf9wt0k22e8ha0xfy,2026-10-05,MAINE CONSERVATION VOTERS ACTION FUND,Independent Expenditure,52098.22,Assemble the Agency LLC,"ONL - Social media, online ads","social media, online ads and production",Sharon C. Frost,Support,1639.11,Representative District 58,Representative,58,Unenrolled,https://www.mainecampaignfinancedisclosure.com/public/activities/a_01m46s3qzcf9wt0k22e8ha0xfy,2026-10-06 14:44,General,,58,2026-10-05 15:37
a_01m46s3qzcf9wt0k22e8ha0xfy,2026-10-05,MAINE CONSERVATION VOTERS ACTION FUND,Independent Expenditure,52098.22,Assemble the Agency LLC,"ONL - Social media, online ads","social media, online ads and production",Sally Cluchey,Support,1546.18,Representative District 52,Representative,52,Democratic,https://www.mainecampaignfinancedisclosure.com/public/activities/a_01m46s3qzcf9wt0k22e8ha0xfy,2026-10-06 14:44,General,,52,2026-10-05 15:37
a_01m46s3qzcf9wt0k22e8ha0xfy,2026-10-05,MAINE CONSERVATION VOTERS ACTION FUND,Independent Expenditure,52098.22,Assemble the Agency LLC,"ONL - Social media, online ads","social media, online ads and production",Wayne K. Farrin,Support,1732.02,Representative District 47,Representative,47,Democratic,https://www.mainecampaignfinancedisclosure.com/public/activities/a_01m46s3qzcf9wt0k22e8ha0xfy,2026-10-06 14:44,General,,47,2026-10-05 15:37
a_01m46s3qzcf9wt0k22e8ha0xfy,2026-10-05,MAINE CONSERVATION VOTERS ACTION FUND,Independent Expenditure,52098.22,Assemble the Agency LLC,"ONL - Social media, online ads","social media, online ads and production",Maureen AuCoin,Support,1639.11,Representative District 55,Representative,55,Democratic,https://www.mainecampaignfinancedisclosure.com/public/activities/a_01m46s3qzcf9wt0k22e8ha0xfy,2026-10-06 14:44,General,,55,2026-10-05 15:37
a_01m46s3qzcf9wt0k22e8ha0xfy,2026-10-05,MAINE CONSERVATION VOTERS ACTION FUND,Independent Expenditure,52098.22,Assemble the Agency LLC,"ONL - Social media, online ads","social media, online ads and production",Barbara Anne Bagshaw,Oppose,1639.11,Representative District 106,Representative,106,Republican,https://www.mainecampaignfinancedisclosure.com/public/activities/a_01m46s3qzcf9wt0k22e8ha0xfy,2026-10-06 14:44,General,,106,2026-10-05 15:37
a_01m46s3qzcf9wt0k22e8ha0xfy,2026-10-05,MAINE CONSERVATION VOTERS ACTION FUND,Independent Expenditure,52098.22,Assemble the Agency LLC,"ONL - Social media, online ads","social media, online ads and production",Kristin Tyra Davis,Support,1824.94,Representative District 145,Representative,145,Democratic,https://www.mainecampaignfinancedisclosure.com/public/activities/a_01m46s3qzcf9wt0k22e8ha0xfy,2026-10-06 14:44,General,,145,2026-10-05 15:37
a_01m46s3qzcf9wt0k22e8ha0xfy,2026-10-05,MAINE CONSERVATION VOTERS ACTION FUND,Independent Expenditure,52098.22,Assemble the Agency LLC,"ONL - Social media, online ads","social media, online ads and production",Luke Dylan Jensen,Support,1453.26,Representative District 96,Representative,96,Democratic,https://www.mainecampaignfinancedisclosure.com/public/activities/a_01m46s3qzcf9wt0k22e8ha0xfy,2026-10-06 14:44,General,,96,2026-10-05 15:37
a_01m46s3qzcf9wt0k22e8ha0xfy,2026-10-05,MAINE CONSERVATION VOTERS ACTION FUND,Independent Expenditure,52098.22,Assemble the Agency LLC,"ONL - Social media, online ads","social media, online ads and production",Louis Samuel Pfeifle,Support,1639.11,Representative District 104,Representative,104,Unenrolled,https://www.mainecampaignfinancedisclosure.com/public/activities/a_01m46s3qzcf9wt0k22e8ha0xfy,2026-10-06 14:44,General,,104,2026-10-05 15:37
a_01m46s3qzcf9wt0k22e8ha0xfy,2026-10-05,MAINE CONSERVATION VOTERS ACTION FUND,Independent Expenditure,52098.22,Assemble the Agency LLC,"ONL - Social media, online ads","social media, online ads and production",H. Scott Landry,Support,1453.26,Representative District 75,Representative,75,Democratic,https://www.mainecampaignfinancedisclosure.com/public/activities/a_01m46s3qzcf9wt0k22e8ha0xfy,2026-10-06 14:44,General,,75,2026-10-05 15:37
a_01m46s3qzcf9wt0k22e8ha0xfy,2026-10-05,MAINE CONSERVATION VOTERS ACTION FUND,Independent Expenditure,52098.22,Assemble the Agency LLC,"ONL - Social media, online ads","social media, online ads and production",Sheila Lyman,Oppose,1453.26,Representative District 76,Representative,76,Republican,https://www.mainecampaignfinancedisclosure.com/public/activities/a_01m46s3qzcf9wt0k22e8ha0xfy,2026-10-06 14:44,General,,76,2026-10-05 15:37
a_01m46s3qzcf9wt0k22e8ha0xfy,2026-10-05,MAINE CONSERVATION VOTERS ACTION FUND,Independent Expenditure,52098.22,Assemble the Agency LLC,"ONL - Social media, online ads","social media, online ads and production",Rhiannon Hampson,Support,1546.18,Representative District 43,Representative,43,Democratic,https://www.mainecampaignfinancedisclosure.com/public/activities/a_01m46s3qzcf9wt0k22e8ha0xfy,2026-10-06 14:44,General,,43,2026-10-05 15:37
a_01m46s3qzcf9wt0k22e8ha0xfy,2026-10-05,MAINE CONSERVATION VOTERS ACTION FUND,Independent Expenditure,52098.22,Assemble the Agency LLC,"ONL - Social media, online ads","social media, online ads and production",Paul Welch,Support,1453.26,Representative District 85,Representative,85,Democratic,https://www.mainecampaignfinancedisclosure.com/public/activities/a_01m46s3qzcf9wt0k22e8ha0xfy,2026-10-06 14:44,General,,85,2026-10-05 15:37
a_01m46s3qzcf9wt0k22e8ha0xfy,2026-10-05,MAINE CONSERVATION VOTERS ACTION FUND,Independent Expenditure,52098.22,Assemble the Agency LLC,"ONL - Social media, online ads","social media, online ads and production",John Robert Henkelman III,Support,1453.26,Representative District 143,Representative,143,Democratic,https://www.mainecampaignfinancedisclosure.com/public/activities/a_01m46s3qzcf9wt0k22e8ha0xfy,2026-10-06 14:44,General,,143,2026-10-05 15:37
a_01m46s3qzcf9wt0k22e8ha0xfy,2026-10-05,MAINE CONSERVATION VOTERS ACTION FUND,Independent Expenditure,52098.22,Assemble the Agency LLC,"ONL - Social media, online ads","social media, online ads and production",Thomas Lavigne,Oppose,1639.10,Representative District 148,Representative,148,Republican,https://www.mainecampaignfinancedisclosure.com/public/activities/a_01m46s3qzcf9wt0k22e8ha0xfy,2026-10-06 14:44,General,,148,2026-10-05 15:37
a_01m46s3qzcf9wt0k22e8ha0xfy,2026-10-05,MAINE CONSERVATION VOTERS ACTION FUND,Independent Expenditure,52098.22,Assemble the Agency LLC,"ONL - Social media, online ads","social media, online ads and production",Mark C. Cooper,Oppose,1639.10,Representative District 107,Representative,107,Republican,https://www.mainecampaignfinancedisclosure.com/public/activities/a_01m46s3qzcf9wt0k22e8ha0xfy,2026-10-06 14:44,General,,107,2026-10-05 15:37
a_01m46qvfxberj9dqa9bvjs64rn,2026-10-05,Renew the American Dream,Independent Expenditure,20000.00,Spectrum Marketing Company,TVN - TV ads and production,Connected TV Ads,Ronald Russell,Oppose,2000.00,Representative District 17,Representative,17,Democratic,https://www.mainecampaignfinancedisclosure.com/public/activities/a_01m46qvfxberj9dqa9bvjs64rn,2026-10-05 19:25,General,,17,2026-10-05 15:15
a_01m46qvfxberj9dqa9bvjs64rn,2026-10-05,Renew the American Dream,Independent Expenditure,20000.00,Spectrum Marketing Company,TVN - TV ads and production,Connected TV Ads,Clinton Collamore,Oppose,2000.00,Representative District 45,Representative,45,Unenrolled,https://www.mainecampaignfinancedisclosure.com/public/activities/a_01m46qvfxberj9dqa9bvjs64rn,2026-10-05 19:25,General,,45,2026-10-05 15:15
a_01m46qvfxberj9dqa9bvjs64rn,2026-10-05,Renew the American Dream,Independent Expenditure,20000.00,Spectrum Marketing Company,TVN - TV ads and production,Connected TV Ads,Maureen AuCoin,Oppose,2000.00,Representative District 55,Representative,55,Democratic,https://www.mainecampaignfinancedisclosure.com/public/activities/a_01m46qvfxberj9dqa9bvjs64rn,2026-10-05 19:25,General,,55,2026-10-05 15:15
a_01m46qvfxberj9dqa9bvjs64rn,2026-10-05,Renew the American Dream,Independent Expenditure,20000.00,Spectrum Marketing Company,TVN - TV ads and production,Connected TV Ads,Sharon C. Frost,Oppose,2000.00,Representative District 58,Representative,58,Unenrolled,https://www.mainecampaignfinancedisclosure.com/public/activities/a_01m46qvfxberj9dqa9bvjs64rn,2026-10-05 19:25,General,,58,2026-10-05 15:15
a_01m46qvfxberj9dqa9bvjs64rn,2026-10-05,Renew the American Dream,Independent Expenditure,20000.00,Spectrum Marketing Company,TVN - TV ads and production,Connected TV Ads,Katrina Couch Ray-Saulis,Oppose,2000.00,Representative District 59,Representative,59,Democratic,https://www.mainecampaignfinancedisclosure.com/public/activities/a_01m46qvfxberj9dqa9bvjs64rn,2026-10-05 19:25,General,,59,2026-10-05 15:15
a_01m46qvfxberj9dqa9bvjs64rn,2026-10-05,Renew the American Dream,Independent Expenditure,20000.00,Spectrum Marketing Company,TVN - TV ads and production,Connected TV Ads,H. Scott Landry,Oppose,2000.00,Representative District 75,Representative,75,Democratic,https://www.mainecampaignfinancedisclosure.com/public/activities/a_01m46qvfxberj9dqa9bvjs64rn,2026-10-05 19:25,General,,75,2026-10-05 15:15
a_01m46qvfxberj9dqa9bvjs64rn,2026-10-05,Renew the American Dream,Independent Expenditure,20000.00,Spectrum Marketing Company,TVN - TV ads and production,Connected TV Ads,Scott A. Harriman,Oppose,2000.00,Representative District 94,Representative,94,Democratic,https://www.mainecampaignfinancedisclosure.com/public/activities/a_01m46qvfxberj9dqa9bvjs64rn,2026-10-05 19:25,General,,94,2026-10-05 15:15
a_01m46qvfxberj9dqa9bvjs64rn,2026-10-05,Renew the American Dream,Independent Expenditure,20000.00,Spectrum Marketing Company,TVN - TV ads and production,Connected TV Ads,Luke Dylan Jensen,Oppose,2000.00,Representative District 96,Representative,96,Democratic,https://www.mainecampaignfinancedisclosure.com/public/activities/a_01m46qvfxberj9dqa9bvjs64rn,2026-10-05 19:25,General,,96,2026-10-05 15:15
a_01m46qvfxberj9dqa9bvjs64rn,2026-10-05,Renew the American Dream,Independent Expenditure,20000.00,Spectrum Marketing Company,TVN - TV ads and production,Connected TV Ads,Kilton McCarthy Webb,Oppose,2000.00,Representative District 98,Representative,98,Democratic,https://www.mainecampaignfinancedisclosure.com/public/activities/a_01m46qvfxberj9dqa9bvjs64rn,2026-10-05 19:25,General,,98,2026-10-05 15:15
a_01m46qvfxberj9dqa9bvjs64rn,2026-10-05,Renew the American Dream,Independent Expenditure,20000.00,Spectrum Marketing Company,TVN - TV ads and production,Connected TV Ads,Kristin Tyra Davis,Oppose,2000.00,Representative District 145,Representative,145,Democratic,https://www.mainecampaignfinancedisclosure.com/public/activities/a_01m46qvfxberj9dqa9bvjs64rn,2026-10-05 19:25,General,,145,2026-10-05 15:15
a_01m46p1faaf96r0r5s91q0j64f,2026-10-05,MAINE CONSERVATION VOTERS ACTION FUND,Independent Expenditure,24843.45,Assemble the Agency LLC,TVN - TV ads and production,Streaming TV ad buy,Amanda Heath,Support,4924.52,Senator District 15,Senator,15,Democratic,https://www.mainecampaignfinancedisclosure.com/public/activities/a_01m46p1faaf96r0r5s91q0j64f,2026-10-05 22:03,General,,15,2026-10-05 14:43
a_01m46p1faaf96r0r5s91q0j64f,2026-10-05,MAINE CONSERVATION VOTERS ACTION FUND,Independent Expenditure,24843.45,Assemble the Agency LLC,TVN - TV ads and production,Streaming TV ad buy,Scott W. Cyrway,Oppose,5845.77,Senator District 16,Senator,16,Republican,https://www.mainecampaignfinancedisclosure.com/public/activities/a_01m46p1faaf96r0r5s91q0j64f,2026-10-05 22:03,General,,16,2026-10-05 14:43
a_01m46p1faaf96r0r5s91q0j64f,2026-10-05,MAINE CONSERVATION VOTERS ACTION FUND,Independent Expenditure,24843.45,Assemble the Agency LLC,TVN - TV ads and production,Streaming TV ad buy,Elizabeth D. Bosworth,Support,5954.03,Senator District 18,Senator,18,Democratic,https://www.mainecampaignfinancedisclosure.com/public/activities/a_01m46p1faaf96r0r5s91q0j64f,2026-10-05 22:03,General,,18,2026-10-05 14:43
a_01m46p1faaf96r0r5s91q0j64f,2026-10-05,MAINE CONSERVATION VOTERS ACTION FUND,Independent Expenditure,24843.45,Assemble the Agency LLC,TVN - TV ads and production,Streaming TV ad buy,Bruce Bickford,Oppose,5954.03,Senator District 20,Senator,20,Republican,https://www.mainecampaignfinancedisclosure.com/public/activities/a_01m46p1faaf96r0r5s91q0j64f,2026-10-05 22:03,General,,20,2026-10-05 14:43
a_01m46p1faaf96r0r5s91q0j64f,2026-10-05,MAINE CONSERVATION VOTERS ACTION FUND,Independent Expenditure,24843.45,Assemble the Agency LLC,TVN - TV ads and production,Streaming TV ad buy,Matthew A. Harrington,Oppose,2165.10,Senator District 33,Senator,33,Republican,https://www.mainecampaignfinancedisclosure.com/public/activities/a_01m46p1faaf96r0r5s91q0j64f,2026-10-05 22:03,General,,33,2026-10-05 14:43
a_01m46a6418fj08q11cy804tqbk,2026-09-24,Common Sense for Maine,Independent Expenditure,2675.97,Spectrum Marketing,MHS - Direct mail (all costs included),Mailer,Jason G Litalien,Support,2675.97,Senator District 32,Senator,32,Unenrolled,https://www.mainecampaignfinancedisclosure.com/public/activities/a_01m46a6418fj08q11cy804tqbk,2026-10-06 04:23,General,,32,2026-10-05 11:16
a_01m46a3s49f8j9zwbdndj0wqm6,2026-09-30,Common Sense for Maine,Independent Expenditure,2032.86,Spectrum Marketing,MHS - Direct mail (all costs included),Mailer,Jason G Litalien,Support,2032.86,Senator District 32,Senator,32,Unenrolled,https://www.mainecampaignfinancedisclosure.com/public/activities/a_01m46a3s49f8j9zwbdndj0wqm6,2026-10-06 04:23,General,,32,2026-10-05 11:14
a_01m465bnffekkr6f91zz2tz0kd,2026-09-29,REBUILD MAINE,Independent Expenditure,1622.40,Moxie Media,MHS - Direct mail (all costs included),HD 145 Mail,Kristin Tyra Davis,Support,1622.40,Representative District 145,Representative,145,Democratic,https://www.mainecampaignfinancedisclosure.com/public/activities/a_01m465bnffekkr6f91zz2tz0kd,2026-10-05 14:40,General,,145,2026-10-05 09:51
a_01m4657cm0ep5s5sfyqhgjabpy,2026-09-29,REBUILD MAINE,Independent Expenditure,1238.91,Moxie Media,MHS - Direct mail (all costs included),HD 143 Mail,John Robert Henkelman III,Support,1238.91,Representative District 143,Representative,143,Democratic,https://www.mainecampaignfinancedisclosure.com/public/activities/a_01m4657cm0ep5s5sfyqhgjabpy,2026-10-05 14:40,General,,143,2026-10-05 09:49
a_01m46557hrfsjba7ybma60zb4e,2026-09-29,REBUILD MAINE,Independent Expenditure,1009.74,Moxie Media,MHS - Direct mail (all costs included),HD 142 Mail,Ayn Hanselmann,Support,1009.74,Representative District 142,Representative,142,Democratic,https://www.mainecampaignfinancedisclosure.com/public/activities/a_01m46557hrfsjba7ybma60zb4e,2026-10-05 14:40,General,,142,2026-10-05 09:48
a_01m4652jhsexrt1awjwsdrav4y,2026-09-29,REBUILD MAINE,Independent Expenditure,1224.09,Moxie Media,MHS - Direct mail (all costs included),HD 141 Mail,Rebecca Lynn Flood Andrews,Support,1224.09,Representative District 141,Representative,141,Democratic,https://www.mainecampaignfinancedisclosure.com/public/activities/a_01m4652jhsexrt1awjwsdrav4y,2026-10-05 14:40,General,,141,2026-10-05 09:46
a_01m4650bmef37a292pb5rwmafr,2026-09-29,REBUILD MAINE,Independent Expenditure,1296.20,Moxie Media,MHS - Direct mail (all costs included),HD 137 Mail,Charles Edward Tilburg,Support,972.15,Representative District 137,Representative,137,Democratic,https://www.mainecampaignfinancedisclosure.com/public/activities/a_01m4650bmef37a292pb5rwmafr,2026-10-05 14:40,General,,137,2026-10-05 09:45
a_01m4650bmef37a292pb5rwmafr,2026-09-29,REBUILD MAINE,Independent Expenditure,1296.20,Moxie Media,MHS - Direct mail (all costs included),HD 137 Mail,Nathan M. Carlow,Oppose,324.05,Representative District 137,Representative,137,Republican,https://www.mainecampaignfinancedisclosure.com/public/activities/a_01m4650bmef37a292pb5rwmafr,2026-10-05 14:40,General,,137,2026-10-05 09:45
a_01m464x5x5ez68crzmk2de5vq5,2026-09-29,REBUILD MAINE,Independent Expenditure,1210.26,Moxie Media,MHS - Direct mail (all costs included),HD 107 Mail,Joseph Campbell,Support,907.69,Representative District 107,Representative,107,Democratic,https://www.mainecampaignfinancedisclosure.com/public/activities/a_01m464x5x5ez68crzmk2de5vq5,2026-10-05 14:40,General,,107,2026-10-05 09:43
a_01m464x5x5ez68crzmk2de5vq5,2026-09-29,REBUILD MAINE,Independent Expenditure,1210.26,Moxie Media,MHS - Direct mail (all costs included),HD 107 Mail,Mark C. Cooper,Oppose,302.57,Representative District 107,Representative,107,Republican,https://www.mainecampaignfinancedisclosure.com/public/activities/a_01m464x5x5ez68crzmk2de5vq5,2026-10-05 14:40,General,,107,2026-10-05 09:43
a_01m464ptnwec1vtc8tyhrkpsjn,2026-09-29,REBUILD MAINE,Independent Expenditure,1239.28,Moxie Media,MHS - Direct mail (all costs included),HD 106 Mail,Bradley Youngs,Support,929.46,Representative District 106,Representative,106,Democratic,https://www.mainecampaignfinancedisclosure.com/public/activities/a_01m464ptnwec1vtc8tyhrkpsjn,2026-10-05 14:40,General,,106,2026-10-05 09:40
a_01m464ptnwec1vtc8tyhrkpsjn,2026-09-29,REBUILD MAINE,Independent Expenditure,1239.28,Moxie Media,MHS - Direct mail (all costs included),HD 106 Mail,Barbara Anne Bagshaw,Oppose,309.82,Representative District 106,Representative,106,Republican,https://www.mainecampaignfinancedisclosure.com/public/activities/a_01m464ptnwec1vtc8tyhrkpsjn,2026-10-05 14:40,General,,106,2026-10-05 09:40
a_01m464m9x7e5atm3nsed89n095,2026-09-29,REBUILD MAINE,Independent Expenditure,1367.32,Moxie Media,MHS - Direct mail (all costs included),HD 104 Mail,Louis Samuel Pfeifle,Support,1367.32,Representative District 104,Representative,104,Unenrolled,https://www.mainecampaignfinancedisclosure.com/public/activities/a_01m464m9x7e5atm3nsed89n095,2026-10-05 14:40,General,,104,2026-10-05 09:39
a_01m464j9ttfe9axn92mk62yhgm,2026-09-29,REBUILD MAINE,Independent Expenditure,1373.17,Moxie Media,MHS - Direct mail (all costs included),HD 98 Mail,Kilton McCarthy Webb,Support,1373.17,Representative District 98,Representative,98,Democratic,https://www.mainecampaignfinancedisclosure.com/public/activities/a_01m464j9ttfe9axn92mk62yhgm,2026-10-05 14:40,General,,98,2026-10-05 09:38
a_01m464g3zgenevwzdw6d0t2ry5,2026-09-29,REBUILD MAINE,Independent Expenditure,1138.15,Moxie Media,MHS - Direct mail (all costs included),HD 96 Mail,Luke Dylan Jensen,Support,1138.15,Representative District 96,Representative,96,Democratic,https://www.mainecampaignfinancedisclosure.com/public/activities/a_01m464g3zgenevwzdw6d0t2ry5,2026-10-05 14:40,General,,96,2026-10-05 09:36
a_01m464ed1mfywv9etjjq5ezczn,2026-09-29,REBUILD MAINE,Independent Expenditure,902.75,Moxie Media,MHS - Direct mail (all costs included),HD 94 Mail,Scott A. Harriman,Support,902.75,Representative District 94,Representative,94,Democratic,https://www.mainecampaignfinancedisclosure.com/public/activities/a_01m464ed1mfywv9etjjq5ezczn,2026-10-05 14:40,General,,94,2026-10-05 09:35
a_01m464ccy5e7w8625fk0vxerfk,2026-09-29,REBUILD MAINE,Independent Expenditure,1217.86,Moxie Media,MHS - Direct mail (all costs included),HD 90 Mail,Pamela Hart,Support,1217.86,Representative District 90,Representative,90,Democratic,https://www.mainecampaignfinancedisclosure.com/public/activities/a_01m464ccy5e7w8625fk0vxerfk,2026-10-05 14:40,General,,90,2026-10-05 09:34
a_01m4649ndpfw5rz0tgfpx1jbrd,2026-09-29,REBUILD MAINE,Independent Expenditure,1156.08,Moxie Media,MHS - Direct mail (all costs included),HD 88 Mail,Dana Staples,Support,867.06,Representative District 88,Representative,88,Democratic,https://www.mainecampaignfinancedisclosure.com/public/activities/a_01m4649ndpfw5rz0tgfpx1jbrd,2026-10-05 14:40,General,,88,2026-10-05 09:33
a_01m4649ndpfw5rz0tgfpx1jbrd,2026-09-29,REBUILD MAINE,Independent Expenditure,1156.08,Moxie Media,MHS - Direct mail (all costs included),HD 88 Mail,Quentin Chapman,Oppose,289.02,Representative District 88,Representative,88,Republican,https://www.mainecampaignfinancedisclosure.com/public/activities/a_01m4649ndpfw5rz0tgfpx1jbrd,2026-10-05 14:40,General,,88,2026-10-05 09:33
a_01m46464rseb9bq1rmgz2ajcbp,2026-09-29,REBUILD MAINE,Independent Expenditure,1322.11,Moxie Media,MHS - Direct mail (all costs included),HD 86 Mail,Abigail Geer,Support,991.58,Representative District 86,Representative,86,Democratic,https://www.mainecampaignfinancedisclosure.com/public/activities/a_01m46464rseb9bq1rmgz2ajcbp,2026-10-05 14:40,General,,86,2026-10-05 09:31
a_01m46464rseb9bq1rmgz2ajcbp,2026-09-29,REBUILD MAINE,Independent Expenditure,1322.11,Moxie Media,MHS - Direct mail (all costs included),HD 86 Mail,Rolf Arthur Olsen Jr.,Oppose,330.53,Representative District 86,Representative,86,Republican,https://www.mainecampaignfinancedisclosure.com/public/activities/a_01m46464rseb9bq1rmgz2ajcbp,2026-10-05 14:40,General,,86,2026-10-05 09:31
a_01m4643vw1expsb568e7cdz726,2026-09-29,REBUILD MAINE,Independent Expenditure,1109.50,Moxie Media,MHS - Direct mail (all costs included),HD 85 Mail,Paul Welch,Support,1109.50,Representative District 85,Representative,85,Democratic,https://www.mainecampaignfinancedisclosure.com/public/activities/a_01m4643vw1expsb568e7cdz726,2026-10-05 14:40,General,,85,2026-10-05 09:30
a_01m4641z30e44r884tdwq9cv5c,2026-09-29,REBUILD MAINE,Independent Expenditure,1399.08,Moxie Media,MHS - Direct mail (all costs included),HD 83 Mail,Timothy Becker,Support,1049.31,Representative District 83,Representative,83,Democratic,https://www.mainecampaignfinancedisclosure.com/public/activities/a_01m4641z30e44r884tdwq9cv5c,2026-10-05 14:40,General,,83,2026-10-05 09:29
a_01m4641z30e44r884tdwq9cv5c,2026-09-29,REBUILD MAINE,Independent Expenditure,1399.08,Moxie Media,MHS - Direct mail (all costs included),HD 83 Mail,Marygrace Cimino,Oppose,349.77,Representative District 83,Representative,83,Republican,https://www.mainecampaignfinancedisclosure.com/public/activities/a_01m4641z30e44r884tdwq9cv5c,2026-10-05 14:40,General,,83,2026-10-05 09:29
a_01m463n37rfdeabekaferckyp5,2026-09-29,REBUILD MAINE,Independent Expenditure,1236.17,Moxie Media,MHS - Direct mail (all costs included),HD 82 Mail,Christopher Alfred Lewey,Support,927.13,Representative District 82,Representative,82,Democratic,https://www.mainecampaignfinancedisclosure.com/public/activities/a_01m463n37rfdeabekaferckyp5,2026-10-05 14:40,General,,82,2026-10-05 09:22
a_01m463n37rfdeabekaferckyp5,2026-09-29,REBUILD MAINE,Independent Expenditure,1236.17,Moxie Media,MHS - Direct mail (all costs included),HD 82 Mail,Caleb Joshua NESS,Oppose,309.04,Representative District 82,Representative,82,Republican,https://www.mainecampaignfinancedisclosure.com/public/activities/a_01m463n37rfdeabekaferckyp5,2026-10-05 14:40,General,,82,2026-10-05 09:22
a_01m463jdtkew7vzgsny87n7ssx,2026-09-29,REBUILD MAINE,Independent Expenditure,1152.97,Moxie Media,MHS - Direct mail (all costs included),HD 76 Mail,Trevor Alex Doiron,Support,864.73,Representative District 76,Representative,76,Democratic,https://www.mainecampaignfinancedisclosure.com/public/activities/a_01m463jdtkew7vzgsny87n7ssx,2026-10-05 14:40,General,,76,2026-10-05 09:20
a_01m463jdtkew7vzgsny87n7ssx,2026-09-29,REBUILD MAINE,Independent Expenditure,1152.97,Moxie Media,MHS - Direct mail (all costs included),HD 76 Mail,Sheila Lyman,Oppose,288.24,Representative District 76,Representative,76,Republican,https://www.mainecampaignfinancedisclosure.com/public/activities/a_01m463jdtkew7vzgsny87n7ssx,2026-10-05 14:40,General,,76,2026-10-05 09:20
a_01m463fxkre8x92qgv4cac9tz6,2026-09-29,REBUILD MAINE,Independent Expenditure,963.16,Moxie Media,MHS - Direct mail (all costs included),HD 75 Mail,H. Scott Landry,Support,963.16,Representative District 75,Representative,75,Democratic,https://www.mainecampaignfinancedisclosure.com/public/activities/a_01m463fxkre8x92qgv4cac9tz6,2026-10-05 14:40,General,,75,2026-10-05 09:19
a_01m463dn50em0tddj2z8p8d0jk,2026-09-29,REBUILD MAINE,Independent Expenditure,1444.29,Moxie Media,MHS - Direct mail (all costs included),HD 58 Mail,Sharon C. Frost,Support,1444.29,Representative District 58,Representative,58,Unenrolled,https://www.mainecampaignfinancedisclosure.com/public/activities/a_01m463dn50em0tddj2z8p8d0jk,2026-10-05 14:40,General,,58,2026-10-05 09:18
a_01m463bhq2ecx95myg9xhst8qm,2026-09-29,REBUILD MAINE,Independent Expenditure,1227.20,Moxie Media,MHS - Direct mail (all costs included),HD 55 Mail,Maureen AuCoin,Support,1227.20,Representative District 55,Representative,55,Democratic,https://www.mainecampaignfinancedisclosure.com/public/activities/a_01m463bhq2ecx95myg9xhst8qm,2026-10-05 14:40,General,,55,2026-10-05 09:16
a_01m4639ka6ewrtddma8nkr5x27,2026-09-29,REBUILD MAINE,Independent Expenditure,1243.76,Moxie Media,MHS - Direct mail (all costs included),HD 52 Mail,Sally Cluchey,Support,1243.76,Representative District 52,Representative,52,Democratic,https://www.mainecampaignfinancedisclosure.com/public/activities/a_01m4639ka6ewrtddma8nkr5x27,2026-10-05 14:40,General,,52,2026-10-05 09:15
a_01m4636gyff6htbs5rvg8brr1h,2026-09-29,REBUILD MAINE,Independent Expenditure,1441.17,Moxie Media,MHS - Direct mail (all costs included),HD 49 Mail,Trent Vellella,Support,1441.17,Representative District 49,Representative,49,Democratic,https://www.mainecampaignfinancedisclosure.com/public/activities/a_01m4636gyff6htbs5rvg8brr1h,2026-10-05 14:40,General,,49,2026-10-05 09:14
a_01m4633gg7evfscfw7d02j4zhr,2026-09-29,REBUILD MAINE,Independent Expenditure,1267.93,Moxie Media,MHS - Direct mail (all costs included),HD 47 Mail,Wayne K. Farrin,Support,1267.93,Representative District 47,Representative,47,Democratic,https://www.mainecampaignfinancedisclosure.com/public/activities/a_01m4633gg7evfscfw7d02j4zhr,2026-10-05 14:40,General,,47,2026-10-05 09:12
a_01m4630sqveddvbn1r958x2f08,2026-09-29,REBUILD MAINE,Independent Expenditure,1129.18,Moxie Media,MHS - Direct mail (all costs included),HD 44 Mail,Shawn Saindon,Support,1129.18,Representative District 44,Representative,44,Unenrolled,https://www.mainecampaignfinancedisclosure.com/public/activities/a_01m4630sqveddvbn1r958x2f08,2026-10-05 14:40,General,,44,2026-10-05 09:11
a_01m462y72ke8w9td7ev8y4w9ye,2026-09-29,REBUILD MAINE,Independent Expenditure,1133.66,Moxie Media,MHS - Direct mail (all costs included),HD 38 Mail,Kayla Miller,Support,850.24,Representative District 38,Representative,38,Democratic,https://www.mainecampaignfinancedisclosure.com/public/activities/a_01m462y72ke8w9td7ev8y4w9ye,2026-10-05 14:40,General,,38,2026-10-05 09:09
a_01m462y72ke8w9td7ev8y4w9ye,2026-09-29,REBUILD MAINE,Independent Expenditure,1133.66,Moxie Media,MHS - Direct mail (all costs included),HD 38 Mail,Benjamin Hymes,Oppose,283.42,Representative District 38,Representative,38,Republican,https://www.mainecampaignfinancedisclosure.com/public/activities/a_01m462y72ke8w9td7ev8y4w9ye,2026-10-05 14:40,General,,38,2026-10-05 09:09
a_01m462m1nbee9srz48s32zrd5g,2026-09-29,REBUILD MAINE,Independent Expenditure,1085.34,Moxie Media,MHS - Direct mail (all costs included),HD 20 Mail,Dani O'Halloran,Support,1085.34,Representative District 20,Representative,20,Democratic,https://www.mainecampaignfinancedisclosure.com/public/activities/a_01m462m1nbee9srz48s32zrd5g,2026-10-05 14:40,General,,20,2026-10-05 09:04
a_01m462gt1he3bvv00v1ma79k2n,2026-09-29,REBUILD MAINE,Independent Expenditure,1275.52,Moxie Media,MHS - Direct mail (all costs included),HD 17 Mail,Ronald Russell,Support,956.64,Representative District 17,Representative,17,Democratic,https://www.mainecampaignfinancedisclosure.com/public/activities/a_01m462gt1he3bvv00v1ma79k2n,2026-10-05 14:40,General,,17,2026-10-05 09:02
a_01m462gt1he3bvv00v1ma79k2n,2026-09-29,REBUILD MAINE,Independent Expenditure,1275.52,Moxie Media,MHS - Direct mail (all costs included),HD 17 Mail,Steven Matthew Bishop,Oppose,318.88,Representative District 17,Representative,17,Republican,https://www.mainecampaignfinancedisclosure.com/public/activities/a_01m462gt1he3bvv00v1ma79k2n,2026-10-05 14:40,General,,17,2026-10-05 09:02
a_01m462e34me7bttt0pv4kdjfgj,2026-09-29,REBUILD MAINE,Independent Expenditure,985.95,Moxie Media,MHS - Direct mail (all costs included),HD 13 Mail,Michael Hobart Cunningham II,Support,739.46,Representative District 13,Representative,13,Democratic,https://www.mainecampaignfinancedisclosure.com/public/activities/a_01m462e34me7bttt0pv4kdjfgj,2026-10-05 14:40,General,,13,2026-10-05 09:00
a_01m462e34me7bttt0pv4kdjfgj,2026-09-29,REBUILD MAINE,Independent Expenditure,985.95,Moxie Media,MHS - Direct mail (all costs included),HD 13 Mail,Russell P. White,Oppose,246.49,Representative District 13,Representative,13,Republican,https://www.mainecampaignfinancedisclosure.com/public/activities/a_01m462e34me7bttt0pv4kdjfgj,2026-10-05 14:40,General,,13,2026-10-05 09:00
a_01m46293b0feg91qnwkxs6t0nv,2026-09-29,REBUILD MAINE,Independent Expenditure,4559.50,Moxie Media,MHS - Direct mail (all costs included),SD 33 Mail,Mark Vigliotta,Support,3419.63,Senator District 33,Senator,33,Democratic,https://www.mainecampaignfinancedisclosure.com/public/activities/a_01m46293b0feg91qnwkxs6t0nv,2026-10-05 14:40,General,,33,2026-10-05 08:58
a_01m46293b0feg91qnwkxs6t0nv,2026-09-29,REBUILD MAINE,Independent Expenditure,4559.50,Moxie Media,MHS - Direct mail (all costs included),SD 33 Mail,Matthew A. Harrington,Oppose,1139.87,Senator District 33,Senator,33,Republican,https://www.mainecampaignfinancedisclosure.com/public/activities/a_01m46293b0feg91qnwkxs6t0nv,2026-10-05 14:40,General,,33,2026-10-05 08:58
a_01m461vm86ffyb29nvrymekesr,2026-09-29,REBUILD MAINE,Independent Expenditure,3439.90,Moxie Media,MHS - Direct mail (all costs included),SD 21 Mail,Shanna Cox,Support,3439.90,Senator District 21,Senator,21,Democratic,https://www.mainecampaignfinancedisclosure.com/public/activities/a_01m461vm86ffyb29nvrymekesr,2026-10-05 14:40,General,,21,2026-10-05 08:50
a_01m461sj3dfm6aaf5qajs9b50m,2026-09-29,REBUILD MAINE,Independent Expenditure,4819.16,Moxie Media,MHS - Direct mail (all costs included),SD 20 Mail,Michael R. Scott,Support,3614.37,Senator District 20,Senator,20,Democratic,https://www.mainecampaignfinancedisclosure.com/public/activities/a_01m461sj3dfm6aaf5qajs9b50m,2026-10-05 14:39,General,,20,2026-10-05 08:49
a_01m461sj3dfm6aaf5qajs9b50m,2026-09-29,REBUILD MAINE,Independent Expenditure,4819.16,Moxie Media,MHS - Direct mail (all costs included),SD 20 Mail,Bruce Bickford,Oppose,1204.79,Senator District 20,Senator,20,Republican,https://www.mainecampaignfinancedisclosure.com/public/activities/a_01m461sj3dfm6aaf5qajs9b50m,2026-10-05 14:39,General,,20,2026-10-05 08:49
a_01m461pwrkffm8mvyqtdpvpx92,2026-09-29,REBUILD MAINE,Independent Expenditure,4255.55,Moxie Media,MHS - Direct mail (all costs included),SD 19 Mail,Peter J. Southam,Support,3191.66,Senator District 19,Senator,19,Democratic,https://www.mainecampaignfinancedisclosure.com/public/activities/a_01m461pwrkffm8mvyqtdpvpx92,2026-10-05 14:39,General,,19,2026-10-05 08:48
a_01m461pwrkffm8mvyqtdpvpx92,2026-09-29,REBUILD MAINE,Independent Expenditure,4255.55,Moxie Media,MHS - Direct mail (all costs included),SD 19 Mail,Joseph Edward Martin,Oppose,1063.89,Senator District 19,Senator,19,Republican,https://www.mainecampaignfinancedisclosure.com/public/activities/a_01m461pwrkffm8mvyqtdpvpx92,2026-10-05 14:39,General,,19,2026-10-05 08:48
a_01m461kkw8ehybcxzq3dq4jw4w,2026-09-29,REBUILD MAINE,Independent Expenditure,4579.22,Moxie Media,MHS - Direct mail (all costs included),SD 18 Mail,Elizabeth D. Bosworth,Support,3434.42,Senator District 18,Senator,18,Democratic,https://www.mainecampaignfinancedisclosure.com/public/activities/a_01m461kkw8ehybcxzq3dq4jw4w,2026-10-05 14:39,General,,18,2026-10-05 08:46
a_01m461kkw8ehybcxzq3dq4jw4w,2026-09-29,REBUILD MAINE,Independent Expenditure,4579.22,Moxie Media,MHS - Direct mail (all costs included),SD 18 Mail,John Andrews,Oppose,1144.80,Senator District 18,Senator,18,Republican,https://www.mainecampaignfinancedisclosure.com/public/activities/a_01m461kkw8ehybcxzq3dq4jw4w,2026-10-05 14:39,General,,18,2026-10-05 08:46
a_01m460ga8tfck927zayffgnt8e,2026-09-29,REBUILD MAINE,Independent Expenditure,4073.00,Moxie Media,MHS - Direct mail (all costs included),SD 16 Mail,Patric Moore,Support,3054.75,Senator District 16,Senator,16,Democratic,https://www.mainecampaignfinancedisclosure.com/public/activities/a_01m460ga8tfck927zayffgnt8e,2026-10-05 14:39,General,,16,2026-10-05 08:27
a_01m460ga8tfck927zayffgnt8e,2026-09-29,REBUILD MAINE,Independent Expenditure,4073.00,Moxie Media,MHS - Direct mail (all costs included),SD 16 Mail,Scott W. Cyrway,Oppose,1018.25,Senator District 16,Senator,16,Republican,https://www.mainecampaignfinancedisclosure.com/public/activities/a_01m460ga8tfck927zayffgnt8e,2026-10-05 14:39,General,,16,2026-10-05 08:27
a_01m460c87kfta9w71mwt8btmvg,2026-09-29,REBUILD MAINE,Independent Expenditure,4301.21,Moxie Media,MHS - Direct mail (all costs included),SD 15 Mail,Amanda Heath,Support,4301.21,Senator District 15,Senator,15,Democratic,https://www.mainecampaignfinancedisclosure.com/public/activities/a_01m460c87kfta9w71mwt8btmvg,2026-10-05 14:39,General,,15,2026-10-05 08:24
a_01m4609a0kfs1v6yprjwqkbhgh,2026-09-29,REBUILD MAINE,Independent Expenditure,5003.82,Moxie Media,MHS - Direct mail (all costs included),SD 14 Mail,Craig Hickman,Support,5003.82,Senator District 14,Senator,14,Democratic,https://www.mainecampaignfinancedisclosure.com/public/activities/a_01m4609a0kfs1v6yprjwqkbhgh,2026-10-05 14:39,General,,14,2026-10-05 08:23
a_01m460559ve679n1b9t58wkvm9,2026-09-29,REBUILD MAINE,Independent Expenditure,3399.10,Moxie Media,MHS - Direct mail (all costs included),SD 8 Mail,Michael Tipping,Support,3399.10,Senator District 8,Senator,8,Democratic,https://www.mainecampaignfinancedisclosure.com/public/activities/a_01m460559ve679n1b9t58wkvm9,2026-10-05 14:39,General,,8,2026-10-05 08:20
a_01m447gj2zfj48344h5nvec4e0,2026-09-30,Lead Maine Action,Independent Expenditure,98837.03,Medium Buying,"ONL - Social media, online ads",Digital Placement,Steven Matthew Bishop,Support,4535.80,Representative District 17,Representative,17,Republican,https://www.mainecampaignfinancedisclosure.com/public/activities/a_01m447gj2zfj48344h5nvec4e0,2026-10-05 14:39,General,,17,2026-10-04 15:51
a_01m447gj2zfj48344h5nvec4e0,2026-09-30,Lead Maine Action,Independent Expenditure,98837.03,Medium Buying,"ONL - Social media, online ads",Digital Placement,Ronald Russell,Oppose,4535.80,Representative District 17,Representative,17,Democratic,https://www.mainecampaignfinancedisclosure.com/public/activities/a_01m447gj2zfj48344h5nvec4e0,2026-10-05 14:39,General,,17,2026-10-04 15:51
a_01m447gj2zfj48344h5nvec4e0,2026-09-30,Lead Maine Action,Independent Expenditure,98837.03,Medium Buying,"ONL - Social media, online ads",Digital Placement,Caleb Joshua NESS,Support,8520.01,Representative District 82,Representative,82,Republican,https://www.mainecampaignfinancedisclosure.com/public/activities/a_01m447gj2zfj48344h5nvec4e0,2026-10-05 14:39,General,,82,2026-10-04 15:51
a_01m447gj2zfj48344h5nvec4e0,2026-09-30,Lead Maine Action,Independent Expenditure,98837.03,Medium Buying,"ONL - Social media, online ads",Digital Placement,Christopher Alfred Lewey,Oppose,8520.01,Representative District 82,Representative,82,Democratic,https://www.mainecampaignfinancedisclosure.com/public/activities/a_01m447gj2zfj48344h5nvec4e0,2026-10-05 14:39,General,,82,2026-10-04 15:51
a_01m447gj2zfj48344h5nvec4e0,2026-09-30,Lead Maine Action,Independent Expenditure,98837.03,Medium Buying,"ONL - Social media, online ads",Digital Placement,Marygrace Cimino,Support,8817.87,Representative District 83,Representative,83,Republican,https://www.mainecampaignfinancedisclosure.com/public/activities/a_01m447gj2zfj48344h5nvec4e0,2026-10-05 14:39,General,,83,2026-10-04 15:51
a_01m447gj2zfj48344h5nvec4e0,2026-09-30,Lead Maine Action,Independent Expenditure,98837.03,Medium Buying,"ONL - Social media, online ads",Digital Placement,Timothy Becker,Oppose,8817.86,Representative District 83,Representative,83,Democratic,https://www.mainecampaignfinancedisclosure.com/public/activities/a_01m447gj2zfj48344h5nvec4e0,2026-10-05 14:39,General,,83,2026-10-04 15:51
a_01m447gj2zfj48344h5nvec4e0,2026-09-30,Lead Maine Action,Independent Expenditure,98837.03,Medium Buying,"ONL - Social media, online ads",Digital Placement,Rolf Arthur Olsen Jr.,Support,7480.17,Representative District 86,Representative,86,Republican,https://www.mainecampaignfinancedisclosure.com/public/activities/a_01m447gj2zfj48344h5nvec4e0,2026-10-05 14:39,General,,86,2026-10-04 15:51
a_01m447gj2zfj48344h5nvec4e0,2026-09-30,Lead Maine Action,Independent Expenditure,98837.03,Medium Buying,"ONL - Social media, online ads",Digital Placement,Abigail Geer,Oppose,7480.16,Representative District 86,Representative,86,Democratic,https://www.mainecampaignfinancedisclosure.com/public/activities/a_01m447gj2zfj48344h5nvec4e0,2026-10-05 14:39,General,,86,2026-10-04 15:51
a_01m447gj2zfj48344h5nvec4e0,2026-09-30,Lead Maine Action,Independent Expenditure,98837.03,Medium Buying,"ONL - Social media, online ads",Digital Placement,Quentin Chapman,Support,4323.94,Representative District 88,Representative,88,Republican,https://www.mainecampaignfinancedisclosure.com/public/activities/a_01m447gj2zfj48344h5nvec4e0,2026-10-05 14:39,General,,88,2026-10-04 15:51
a_01m447gj2zfj48344h5nvec4e0,2026-09-30,Lead Maine Action,Independent Expenditure,98837.03,Medium Buying,"ONL - Social media, online ads",Digital Placement,Dana Staples,Oppose,4323.93,Representative District 88,Representative,88,Democratic,https://www.mainecampaignfinancedisclosure.com/public/activities/a_01m447gj2zfj48344h5nvec4e0,2026-10-05 14:39,General,,88,2026-10-04 15:51
a_01m447gj2zfj48344h5nvec4e0,2026-09-30,Lead Maine Action,Independent Expenditure,98837.03,Medium Buying,"ONL - Social media, online ads",Digital Placement,R. Melissa Winslow,Support,7548.20,Representative District 104,Representative,104,Republican,https://www.mainecampaignfinancedisclosure.com/public/activities/a_01m447gj2zfj48344h5nvec4e0,2026-10-05 14:39,General,,104,2026-10-04 15:51
a_01m447gj2zfj48344h5nvec4e0,2026-09-30,Lead Maine Action,Independent Expenditure,98837.03,Medium Buying,"ONL - Social media, online ads",Digital Placement,Louis Samuel Pfeifle,Oppose,7548.19,Representative District 104,Representative,104,Unenrolled,https://www.mainecampaignfinancedisclosure.com/public/activities/a_01m447gj2zfj48344h5nvec4e0,2026-10-05 14:39,General,,104,2026-10-04 15:51
a_01m447gj2zfj48344h5nvec4e0,2026-09-30,Lead Maine Action,Independent Expenditure,98837.03,Medium Buying,"ONL - Social media, online ads",Digital Placement,Melissa Simpson,Support,8192.55,Representative District 143,Representative,143,Republican,https://www.mainecampaignfinancedisclosure.com/public/activities/a_01m447gj2zfj48344h5nvec4e0,2026-10-05 14:39,General,,143,2026-10-04 15:51
a_01m447gj2zfj48344h5nvec4e0,2026-09-30,Lead Maine Action,Independent Expenditure,98837.03,Medium Buying,"ONL - Social media, online ads",Digital Placement,John Robert Henkelman III,Oppose,8192.54,Representative District 143,Representative,143,Democratic,https://www.mainecampaignfinancedisclosure.com/public/activities/a_01m447gj2zfj48344h5nvec4e0,2026-10-05 14:39,General,,143,2026-10-04 15:51
a_01m41pfvggfpqrk5me1c3ya26n,2026-10-02,Lead Maine Action,Independent Expenditure,9369.87,Mash Dynamo,MHS - Direct mail (all costs included),Direct Mail,Bruce Bickford,Support,4684.94,Senator District 20,Senator,20,Republican,https://www.mainecampaignfinancedisclosure.com/public/activities/a_01m41pfvggfpqrk5me1c3ya26n,2026-10-05 14:39,General,,20,2026-10-03 16:15
a_01m41pfvggfpqrk5me1c3ya26n,2026-10-02,Lead Maine Action,Independent Expenditure,9369.87,Mash Dynamo,MHS - Direct mail (all costs included),Direct Mail,Michael R. Scott,Oppose,4684.93,Senator District 20,Senator,20,Democratic,https://www.mainecampaignfinancedisclosure.com/public/activities/a_01m41pfvggfpqrk5me1c3ya26n,2026-10-05 14:39,General,,20,2026-10-03 16:15
a_01m3zb7mjffkgaptt0qehzfh7h,2026-10-01,Common Sense for Maine,Independent Expenditure,9000.00,Julie Kramer DBA Effective Marketing,TVN - TV ads and production,TV Ads,Robert B. Charles,Support,3000.00,Governor,Governor,-,Republican,https://www.mainecampaignfinancedisclosure.com/public/activities/a_01m3zb7mjffkgaptt0qehzfh7h,2026-10-05 14:39,General,,,2026-10-02 18:19
a_01m3zb7mjffkgaptt0qehzfh7h,2026-10-01,Common Sense for Maine,Independent Expenditure,9000.00,Julie Kramer DBA Effective Marketing,TVN - TV ads and production,TV Ads,Hannah Pingree,Oppose,6000.00,Governor,Governor,-,Democratic,https://www.mainecampaignfinancedisclosure.com/public/activities/a_01m3zb7mjffkgaptt0qehzfh7h,2026-10-05 14:39,General,,,2026-10-02 18:19
a_01m3z6gpeqeqyvcayegmg19b0s,2026-10-02,Pine Tree State Prosperity,Independent Expenditure,84500.00,"The New Media Firm, Inc.","ONL - Social media, online ads",Digital Media Production & Buy,Robert B. Charles,Oppose,84500.00,Governor,Governor,-,Republican,https://www.mainecampaignfinancedisclosure.com/public/activities/a_01m3z6gpeqeqyvcayegmg19b0s,2026-10-05 14:39,General,,,2026-10-02 16:57
a_01m3z6ex4bemy9383k60ah9h3b,2026-10-02,Pine Tree State Prosperity,Independent Expenditure,6000.00,Great American Media,TVN - TV ads and production,Consulting Services,Robert B. Charles,Oppose,6000.00,Governor,Governor,-,Republican,https://www.mainecampaignfinancedisclosure.com/public/activities/a_01m3z6ex4bemy9383k60ah9h3b,2026-10-05 14:39,General,,,2026-10-02 16:56
a_01m3z6cv9fe02vwkr59fk35wzc,2026-10-02,Pine Tree State Prosperity,Independent Expenditure,85750.00,Great American Media,TVN - TV ads and production,TV Media Buy,Robert B. Charles,Oppose,85750.00,Governor,Governor,-,Republican,https://www.mainecampaignfinancedisclosure.com/public/activities/a_01m3z6cv9fe02vwkr59fk35wzc,2026-10-05 14:39,General,,,2026-10-02 16:55
a_01m3z6dwwgf0k9kpckh8946yse,2026-10-02,Pine Tree State Prosperity,Independent Expenditure,24000.00,Ralston Lapp Guinn Media Group,TVN - TV ads and production,Consulting Services,Robert B. Charles,Oppose,24000.00,Governor,Governor,-,Republican,https://www.mainecampaignfinancedisclosure.com/public/activities/a_01m3z6dwwgf0k9kpckh8946yse,2026-10-05 14:39,General,,,2026-10-02 16:55
a_01m3z6bmrkf029apf1spd9wz2t,2026-10-02,Pine Tree State Prosperity,Independent Expenditure,255000.00,Great American Media,TVN - TV ads and production,TV Media Buy,Robert B. Charles,Oppose,255000.00,Governor,Governor,-,Republican,https://www.mainecampaignfinancedisclosure.com/public/activities/a_01m3z6bmrkf029apf1spd9wz2t,2026-10-05 14:38,General,,,2026-10-02 16:54
a_01m3yrcyvye0zs7gd42xnbfmcg,2026-10-01,MAINE DEMOCRATIC STATE COMMITTEE,Independent Expenditure,44702.82,"JM2, LLC",MHS - Direct mail (all costs included),Mail Printing & Postage,Leo Christopher Kenney,Oppose,5378.44,Senator District 8,Senator,8,Republican,https://www.mainecampaignfinancedisclosure.com/public/activities/a_01m3yrcyvye0zs7gd42xnbfmcg,2026-10-05 14:39,General,,8,2026-10-02 12:50
a_01m3yrcyvye0zs7gd42xnbfmcg,2026-10-01,MAINE DEMOCRATIC STATE COMMITTEE,Independent Expenditure,44702.82,"JM2, LLC",MHS - Direct mail (all costs included),Mail Printing & Postage,Craig Hickman,Support,8613.54,Senator District 14,Senator,14,Democratic,https://www.mainecampaignfinancedisclosure.com/public/activities/a_01m3yrcyvye0zs7gd42xnbfmcg,2026-10-05 14:39,General,,14,2026-10-02 12:50
a_01m3yrcyvye0zs7gd42xnbfmcg,2026-10-01,MAINE DEMOCRATIC STATE COMMITTEE,Independent Expenditure,44702.82,"JM2, LLC",MHS - Direct mail (all costs included),Mail Printing & Postage,Amanda Heath,Support,4597.32,Senator District 15,Senator,15,Democratic,https://www.mainecampaignfinancedisclosure.com/public/activities/a_01m3yrcyvye0zs7gd42xnbfmcg,2026-10-05 14:39,General,,15,2026-10-02 12:50
a_01m3yrcyvye0zs7gd42xnbfmcg,2026-10-01,MAINE DEMOCRATIC STATE COMMITTEE,Independent Expenditure,44702.82,"JM2, LLC",MHS - Direct mail (all costs included),Mail Printing & Postage,Kati L. McCormick,Oppose,1532.44,Senator District 15,Senator,15,Republican,https://www.mainecampaignfinancedisclosure.com/public/activities/a_01m3yrcyvye0zs7gd42xnbfmcg,2026-10-05 14:39,General,,15,2026-10-02 12:50
a_01m3yrcyvye0zs7gd42xnbfmcg,2026-10-01,MAINE DEMOCRATIC STATE COMMITTEE,Independent Expenditure,44702.82,"JM2, LLC",MHS - Direct mail (all costs included),Mail Printing & Postage,Scott W. Cyrway,Oppose,8435.70,Senator District 16,Senator,16,Republican,https://www.mainecampaignfinancedisclosure.com/public/activities/a_01m3yrcyvye0zs7gd42xnbfmcg,2026-10-05 14:39,General,,16,2026-10-02 12:50
a_01m3yrcyvye0zs7gd42xnbfmcg,2026-10-01,MAINE DEMOCRATIC STATE COMMITTEE,Independent Expenditure,44702.82,"JM2, LLC",MHS - Direct mail (all costs included),Mail Printing & Postage,Bruce Bickford,Oppose,8323.56,Senator District 20,Senator,20,Republican,https://www.mainecampaignfinancedisclosure.com/public/activities/a_01m3yrcyvye0zs7gd42xnbfmcg,2026-10-05 14:39,General,,20,2026-10-02 12:50
a_01m3yrcyvye0zs7gd42xnbfmcg,2026-10-01,MAINE DEMOCRATIC STATE COMMITTEE,Independent Expenditure,44702.82,"JM2, LLC",MHS - Direct mail (all costs included),Mail Printing & Postage,Kenneth Cianchette,Oppose,7821.82,Senator District 26,Senator,26,Republican,https://www.mainecampaignfinancedisclosure.com/public/activities/a_01m3yrcyvye0zs7gd42xnbfmcg,2026-10-05 14:39,General,,26,2026-10-02 12:50
a_01m3ymxef3ejws2pgntw1v1y3k,2026-10-01,No Nonsense PAC,Independent Expenditure,95000.00,RED MAVERICK MEDIA LLC,"ONL - Social media, online ads",Digital Advertising Placement,Richard Bennett,Support,47500.00,Governor,Governor,-,Unenrolled,https://www.mainecampaignfinancedisclosure.com/public/activities/a_01m3ymxef3ejws2pgntw1v1y3k,2026-10-05 14:39,General,,,2026-10-02 11:49
a_01m3ymxef3ejws2pgntw1v1y3k,2026-10-01,No Nonsense PAC,Independent Expenditure,95000.00,RED MAVERICK MEDIA LLC,"ONL - Social media, online ads",Digital Advertising Placement,Hannah Pingree,Oppose,47500.00,Governor,Governor,-,Democratic,https://www.mainecampaignfinancedisclosure.com/public/activities/a_01m3ymxef3ejws2pgntw1v1y3k,2026-10-05 14:39,General,,,2026-10-02 11:49
a_01m3y24cc0ejzvhq1rm9jz0kda,2026-10-02,PLANNED PARENTHOOD MAINE ACTION FUND PAC,Independent Expenditure,40000.00,"The New Media Firm, Inc.","ONL - Social media, online ads",Digital ads,Shawn Saindon,Support,5000.00,Representative District 44,Representative,44,Unenrolled,https://www.mainecampaignfinancedisclosure.com/public/activities/a_01m3y24cc0ejzvhq1rm9jz0kda,2026-10-05 14:38,General,,44,2026-10-02 06:21
a_01m3y24cc0ejzvhq1rm9jz0kda,2026-10-02,PLANNED PARENTHOOD MAINE ACTION FUND PAC,Independent Expenditure,40000.00,"The New Media Firm, Inc.","ONL - Social media, online ads",Digital ads,Wayne K. Farrin,Support,5000.00,Representative District 47,Representative,47,Democratic,https://www.mainecampaignfinancedisclosure.com/public/activities/a_01m3y24cc0ejzvhq1rm9jz0kda,2026-10-05 14:38,General,,47,2026-10-02 06:21
a_01m3y24cc0ejzvhq1rm9jz0kda,2026-10-02,PLANNED PARENTHOOD MAINE ACTION FUND PAC,Independent Expenditure,40000.00,"The New Media Firm, Inc.","ONL - Social media, online ads",Digital ads,Sally Cluchey,Support,5000.00,Representative District 52,Representative,52,Democratic,https://www.mainecampaignfinancedisclosure.com/public/activities/a_01m3y24cc0ejzvhq1rm9jz0kda,2026-10-05 14:38,General,,52,2026-10-02 06:21
a_01m3y24cc0ejzvhq1rm9jz0kda,2026-10-02,PLANNED PARENTHOOD MAINE ACTION FUND PAC,Independent Expenditure,40000.00,"The New Media Firm, Inc.","ONL - Social media, online ads",Digital ads,Sharon C. Frost,Support,5000.00,Representative District 58,Representative,58,Unenrolled,https://www.mainecampaignfinancedisclosure.com/public/activities/a_01m3y24cc0ejzvhq1rm9jz0kda,2026-10-05 14:38,General,,58,2026-10-02 06:21
a_01m3y24cc0ejzvhq1rm9jz0kda,2026-10-02,PLANNED PARENTHOOD MAINE ACTION FUND PAC,Independent Expenditure,40000.00,"The New Media Firm, Inc.","ONL - Social media, online ads",Digital ads,Woodleigh H Hughes,Support,5000.00,Representative District 78,Representative,78,Democratic,https://www.mainecampaignfinancedisclosure.com/public/activities/a_01m3y24cc0ejzvhq1rm9jz0kda,2026-10-05 14:38,General,,78,2026-10-02 06:21
a_01m3y24cc0ejzvhq1rm9jz0kda,2026-10-02,PLANNED PARENTHOOD MAINE ACTION FUND PAC,Independent Expenditure,40000.00,"The New Media Firm, Inc.","ONL - Social media, online ads",Digital ads,Christopher Easton,Support,5000.00,Representative District 81,Representative,81,Democratic,https://www.mainecampaignfinancedisclosure.com/public/activities/a_01m3y24cc0ejzvhq1rm9jz0kda,2026-10-05 14:38,General,,81,2026-10-02 06:21
a_01m3y24cc0ejzvhq1rm9jz0kda,2026-10-02,PLANNED PARENTHOOD MAINE ACTION FUND PAC,Independent Expenditure,40000.00,"The New Media Firm, Inc.","ONL - Social media, online ads",Digital ads,Christopher Alfred Lewey,Support,5000.00,Representative District 82,Representative,82,Democratic,https://www.mainecampaignfinancedisclosure.com/public/activities/a_01m3y24cc0ejzvhq1rm9jz0kda,2026-10-05 14:38,General,,82,2026-10-02 06:21
a_01m3y24cc0ejzvhq1rm9jz0kda,2026-10-02,PLANNED PARENTHOOD MAINE ACTION FUND PAC,Independent Expenditure,40000.00,"The New Media Firm, Inc.","ONL - Social media, online ads",Digital ads,Dana Staples,Support,5000.00,Representative District 88,Representative,88,Democratic,https://www.mainecampaignfinancedisclosure.com/public/activities/a_01m3y24cc0ejzvhq1rm9jz0kda,2026-10-05 14:38,General,,88,2026-10-02 06:21
a_01m3x9860xfctrxyva3tavbzq0,2026-08-31,Maine Senate Republicans,Independent Expenditure,675.20,Aroostook Embroidery and Design LLC,"LIT - Palmcards, signs, stickers, etc.",Sign,Dr. Lucien Daigle,Support,675.20,Senator District 1,Senator,1,Republican,https://www.mainecampaignfinancedisclosure.com/public/activities/a_01m3x9860xfctrxyva3tavbzq0,2026-10-05 19:25,General,,1,2026-10-01 23:06
a_01m3x1g63vempbsjrejare8j2q,2026-10-01,Lead Maine Action,Independent Expenditure,16925.38,Mash Dynamo,MHS - Direct mail (all costs included),Direct Mail,Steven Matthew Bishop,Support,2323.11,Representative District 17,Representative,17,Republican,https://www.mainecampaignfinancedisclosure.com/public/activities/a_01m3x1g63vempbsjrejare8j2q,2026-10-05 14:39,General,,17,2026-10-01 20:51
a_01m3x1g63vempbsjrejare8j2q,2026-10-01,Lead Maine Action,Independent Expenditure,16925.38,Mash Dynamo,MHS - Direct mail (all costs included),Direct Mail,Caleb Joshua NESS,Support,2527.78,Representative District 82,Representative,82,Republican,https://www.mainecampaignfinancedisclosure.com/public/activities/a_01m3x1g63vempbsjrejare8j2q,2026-10-05 14:39,General,,82,2026-10-01 20:51
a_01m3x1g63vempbsjrejare8j2q,2026-10-01,Lead Maine Action,Independent Expenditure,16925.38,Mash Dynamo,MHS - Direct mail (all costs included),Direct Mail,Marygrace Cimino,Support,2335.77,Representative District 83,Representative,83,Republican,https://www.mainecampaignfinancedisclosure.com/public/activities/a_01m3x1g63vempbsjrejare8j2q,2026-10-05 14:39,General,,83,2026-10-01 20:51
a_01m3x1g63vempbsjrejare8j2q,2026-10-01,Lead Maine Action,Independent Expenditure,16925.38,Mash Dynamo,MHS - Direct mail (all costs included),Direct Mail,Adrienne Paul,Support,1908.50,Representative District 85,Representative,85,Republican,https://www.mainecampaignfinancedisclosure.com/public/activities/a_01m3x1g63vempbsjrejare8j2q,2026-10-05 14:39,General,,85,2026-10-01 20:51
a_01m3x1g63vempbsjrejare8j2q,2026-10-01,Lead Maine Action,Independent Expenditure,16925.38,Mash Dynamo,MHS - Direct mail (all costs included),Direct Mail,Rolf Arthur Olsen Jr.,Support,1985.51,Representative District 86,Representative,86,Republican,https://www.mainecampaignfinancedisclosure.com/public/activities/a_01m3x1g63vempbsjrejare8j2q,2026-10-05 14:39,General,,86,2026-10-01 20:51
a_01m3x1g63vempbsjrejare8j2q,2026-10-01,Lead Maine Action,Independent Expenditure,16925.38,Mash Dynamo,MHS - Direct mail (all costs included),Direct Mail,Quentin Chapman,Support,1814.60,Representative District 88,Representative,88,Republican,https://www.mainecampaignfinancedisclosure.com/public/activities/a_01m3x1g63vempbsjrejare8j2q,2026-10-05 14:39,General,,88,2026-10-01 20:51
a_01m3x1g63vempbsjrejare8j2q,2026-10-01,Lead Maine Action,Independent Expenditure,16925.38,Mash Dynamo,MHS - Direct mail (all costs included),Direct Mail,R. Melissa Winslow,Support,2254.54,Representative District 104,Representative,104,Republican,https://www.mainecampaignfinancedisclosure.com/public/activities/a_01m3x1g63vempbsjrejare8j2q,2026-10-05 14:39,General,,104,2026-10-01 20:51
a_01m3x1g63vempbsjrejare8j2q,2026-10-01,Lead Maine Action,Independent Expenditure,16925.38,Mash Dynamo,MHS - Direct mail (all costs included),Direct Mail,Melissa Simpson,Support,1775.57,Representative District 143,Representative,143,Republican,https://www.mainecampaignfinancedisclosure.com/public/activities/a_01m3x1g63vempbsjrejare8j2q,2026-10-05 14:39,General,,143,2026-10-01 20:51
a_01m3x13eqzf1mbbbhvtrrawkjk,2026-09-30,Lead Maine Action,Independent Expenditure,98837.03,Medium Buying,"ONL - Social media, online ads",Digital Placement,Steven Matthew Bishop,Support,4535.80,Representative District 17,Representative,17,Republican,https://www.mainecampaignfinancedisclosure.com/public/activities/a_01m3x13eqzf1mbbbhvtrrawkjk,2026-10-05 14:39,General,,17,2026-10-01 20:44
a_01m3x13eqzf1mbbbhvtrrawkjk,2026-09-30,Lead Maine Action,Independent Expenditure,98837.03,Medium Buying,"ONL - Social media, online ads",Digital Placement,Ronald Russell,Oppose,4535.80,Representative District 17,Representative,17,Democratic,https://www.mainecampaignfinancedisclosure.com/public/activities/a_01m3x13eqzf1mbbbhvtrrawkjk,2026-10-05 14:39,General,,17,2026-10-01 20:44
a_01m3x13eqzf1mbbbhvtrrawkjk,2026-09-30,Lead Maine Action,Independent Expenditure,98837.03,Medium Buying,"ONL - Social media, online ads",Digital Placement,Caleb Joshua NESS,Support,8520.01,Representative District 82,Representative,82,Republican,https://www.mainecampaignfinancedisclosure.com/public/activities/a_01m3x13eqzf1mbbbhvtrrawkjk,2026-10-05 14:39,General,,82,2026-10-01 20:44
a_01m3x13eqzf1mbbbhvtrrawkjk,2026-09-30,Lead Maine Action,Independent Expenditure,98837.03,Medium Buying,"ONL - Social media, online ads",Digital Placement,Christopher Alfred Lewey,Oppose,8520.01,Representative District 82,Representative,82,Democratic,https://www.mainecampaignfinancedisclosure.com/public/activities/a_01m3x13eqzf1mbbbhvtrrawkjk,2026-10-05 14:39,General,,82,2026-10-01 20:44
a_01m3x13eqzf1mbbbhvtrrawkjk,2026-09-30,Lead Maine Action,Independent Expenditure,98837.03,Medium Buying,"ONL - Social media, online ads",Digital Placement,Marygrace Cimino,Support,8817.87,Representative District 83,Representative,83,Republican,https://www.mainecampaignfinancedisclosure.com/public/activities/a_01m3x13eqzf1mbbbhvtrrawkjk,2026-10-05 14:39,General,,83,2026-10-01 20:44
a_01m3x13eqzf1mbbbhvtrrawkjk,2026-09-30,Lead Maine Action,Independent Expenditure,98837.03,Medium Buying,"ONL - Social media, online ads",Digital Placement,Timothy Becker,Oppose,8817.86,Representative District 83,Representative,83,Democratic,https://www.mainecampaignfinancedisclosure.com/public/activities/a_01m3x13eqzf1mbbbhvtrrawkjk,2026-10-05 14:39,General,,83,2026-10-01 20:44
a_01m3x13eqzf1mbbbhvtrrawkjk,2026-09-30,Lead Maine Action,Independent Expenditure,98837.03,Medium Buying,"ONL - Social media, online ads",Digital Placement,Rolf Arthur Olsen Jr.,Support,7480.17,Representative District 86,Representative,86,Republican,https://www.mainecampaignfinancedisclosure.com/public/activities/a_01m3x13eqzf1mbbbhvtrrawkjk,2026-10-05 14:39,General,,86,2026-10-01 20:44
a_01m3x13eqzf1mbbbhvtrrawkjk,2026-09-30,Lead Maine Action,Independent Expenditure,98837.03,Medium Buying,"ONL - Social media, online ads",Digital Placement,Abigail Geer,Oppose,7480.16,Representative District 86,Representative,86,Democratic,https://www.mainecampaignfinancedisclosure.com/public/activities/a_01m3x13eqzf1mbbbhvtrrawkjk,2026-10-05 14:39,General,,86,2026-10-01 20:44
a_01m3x13eqzf1mbbbhvtrrawkjk,2026-09-30,Lead Maine Action,Independent Expenditure,98837.03,Medium Buying,"ONL - Social media, online ads",Digital Placement,Quentin Chapman,Support,4323.94,Representative District 88,Representative,88,Republican,https://www.mainecampaignfinancedisclosure.com/public/activities/a_01m3x13eqzf1mbbbhvtrrawkjk,2026-10-05 14:39,General,,88,2026-10-01 20:44
a_01m3x13eqzf1mbbbhvtrrawkjk,2026-09-30,Lead Maine Action,Independent Expenditure,98837.03,Medium Buying,"ONL - Social media, online ads",Digital Placement,Dana Staples,Oppose,4323.93,Representative District 88,Representative,88,Democratic,https://www.mainecampaignfinancedisclosure.com/public/activities/a_01m3x13eqzf1mbbbhvtrrawkjk,2026-10-05 14:39,General,,88,2026-10-01 20:44
a_01m3x13eqzf1mbbbhvtrrawkjk,2026-09-30,Lead Maine Action,Independent Expenditure,98837.03,Medium Buying,"ONL - Social media, online ads",Digital Placement,R. Melissa Winslow,Support,7548.20,Representative District 104,Representative,104,Republican,https://www.mainecampaignfinancedisclosure.com/public/activities/a_01m3x13eqzf1mbbbhvtrrawkjk,2026-10-05 14:39,General,,104,2026-10-01 20:44
a_01m3x13eqzf1mbbbhvtrrawkjk,2026-09-30,Lead Maine Action,Independent Expenditure,98837.03,Medium Buying,"ONL - Social media, online ads",Digital Placement,Louis Samuel Pfeifle,Oppose,7548.19,Representative District 104,Representative,104,Unenrolled,https://www.mainecampaignfinancedisclosure.com/public/activities/a_01m3x13eqzf1mbbbhvtrrawkjk,2026-10-05 14:39,General,,104,2026-10-01 20:44
a_01m3x13eqzf1mbbbhvtrrawkjk,2026-09-30,Lead Maine Action,Independent Expenditure,98837.03,Medium Buying,"ONL - Social media, online ads",Digital Placement,Melissa Simpson,Support,8192.55,Representative District 143,Representative,143,Republican,https://www.mainecampaignfinancedisclosure.com/public/activities/a_01m3x13eqzf1mbbbhvtrrawkjk,2026-10-05 14:39,General,,143,2026-10-01 20:44
a_01m3x13eqzf1mbbbhvtrrawkjk,2026-09-30,Lead Maine Action,Independent Expenditure,98837.03,Medium Buying,"ONL - Social media, online ads",Digital Placement,John Robert Henkelman III,Oppose,8192.54,Representative District 143,Representative,143,Democratic,https://www.mainecampaignfinancedisclosure.com/public/activities/a_01m3x13eqzf1mbbbhvtrrawkjk,2026-10-05 14:39,General,,143,2026-10-01 20:44
a_01m3w2g0dmf0s941trqy05g7xe,2026-09-29,Pine Tree State Prosperity,Independent Expenditure,90500.00,"The New Media Firm, Inc.","ONL - Social media, online ads",Digital Media Production & Buy,Robert B. Charles,Oppose,90500.00,Governor,Governor,-,Republican,https://www.mainecampaignfinancedisclosure.com/public/activities/a_01m3w2g0dmf0s941trqy05g7xe,2026-10-05 14:39,General,,,2026-10-01 11:49
a_01m3w2bzhmehvsrf2hzvss8meh,2026-09-29,Pine Tree State Prosperity,Independent Expenditure,5992.00,Great American Media,TVN - TV ads and production,Consulting Services,Robert B. Charles,Oppose,5992.00,Governor,Governor,-,Republican,https://www.mainecampaignfinancedisclosure.com/public/activities/a_01m3w2bzhmehvsrf2hzvss8meh,2026-10-05 14:39,General,,,2026-10-01 11:47
a_01m3w2avrzebj8bg8wfv53nvz1,2026-09-29,Pine Tree State Prosperity,Independent Expenditure,23968.00,Ralston Lapp Guinn Media Group,TVN - TV ads and production,Consulting Services,Robert B. Charles,Oppose,23968.00,Governor,Governor,-,Republican,https://www.mainecampaignfinancedisclosure.com/public/activities/a_01m3w2avrzebj8bg8wfv53nvz1,2026-10-05 14:39,General,,,2026-10-01 11:46
a_01m3w281j1e5hb8vd75pnd4wh3,2026-09-29,Pine Tree State Prosperity,Independent Expenditure,275790.00,Great American Media,TVN - TV ads and production,TV Media Buy,Robert B. Charles,Oppose,275790.00,Governor,Governor,-,Republican,https://www.mainecampaignfinancedisclosure.com/public/activities/a_01m3w281j1e5hb8vd75pnd4wh3,2026-10-05 14:39,General,,,2026-10-01 11:45
a_01m3w29aw5e00saqs5p2xtj1d5,2026-09-29,Pine Tree State Prosperity,Independent Expenditure,64500.00,Great American Media,TVN - TV ads and production,TV Media Buy,Robert B. Charles,Oppose,64500.00,Governor,Governor,-,Republican,https://www.mainecampaignfinancedisclosure.com/public/activities/a_01m3w29aw5e00saqs5p2xtj1d5,2026-10-05 14:39,General,,,2026-10-01 11:45
a_01m3vnf7g0edevpvza743b9dq7,2026-09-30,Maine Senate Republicans,Independent Expenditure,60000.00,"OnMessage, Inc.","ONL - Social media, online ads",Digital Advertising,Leo Christopher Kenney,Support,12000.00,Senator District 8,Senator,8,Republican,https://www.mainecampaignfinancedisclosure.com/public/activities/a_01m3vnf7g0edevpvza743b9dq7,2026-10-05 14:39,General,,8,2026-10-01 08:01
a_01m3vnf7g0edevpvza743b9dq7,2026-09-30,Maine Senate Republicans,Independent Expenditure,60000.00,"OnMessage, Inc.","ONL - Social media, online ads",Digital Advertising,Stephen Carey,Support,12000.00,Senator District 9,Senator,9,Unenrolled,https://www.mainecampaignfinancedisclosure.com/public/activities/a_01m3vnf7g0edevpvza743b9dq7,2026-10-05 14:39,General,,9,2026-10-01 08:01
a_01m3vnf7g0edevpvza743b9dq7,2026-09-30,Maine Senate Republicans,Independent Expenditure,60000.00,"OnMessage, Inc.","ONL - Social media, online ads",Digital Advertising,Ryan Christopher Otis,Support,12000.00,Senator District 11,Senator,11,Republican,https://www.mainecampaignfinancedisclosure.com/public/activities/a_01m3vnf7g0edevpvza743b9dq7,2026-10-05 14:39,General,,11,2026-10-01 08:01
a_01m3vnf7g0edevpvza743b9dq7,2026-09-30,Maine Senate Republicans,Independent Expenditure,60000.00,"OnMessage, Inc.","ONL - Social media, online ads",Digital Advertising,Steven McGee,Support,12000.00,Senator District 14,Senator,14,Republican,https://www.mainecampaignfinancedisclosure.com/public/activities/a_01m3vnf7g0edevpvza743b9dq7,2026-10-05 14:39,General,,14,2026-10-01 08:01
a_01m3vnf7g0edevpvza743b9dq7,2026-09-30,Maine Senate Republicans,Independent Expenditure,60000.00,"OnMessage, Inc.","ONL - Social media, online ads",Digital Advertising,Kati L. McCormick,Support,12000.00,Senator District 15,Senator,15,Republican,https://www.mainecampaignfinancedisclosure.com/public/activities/a_01m3vnf7g0edevpvza743b9dq7,2026-10-05 14:39,General,,15,2026-10-01 08:01
a_01m3vky2jffqjbxhn1ah9bj4vd,2026-09-30,Mainers for Economic Opportunity,Independent Expenditure,10787.50,"LFD Strategies, LLC","ONL - Social media, online ads",Support candidates who support Maine's economic growth,Steven Matthew Bishop,Support,10787.50,Representative District 17,Representative,17,Republican,https://www.mainecampaignfinancedisclosure.com/public/activities/a_01m3vky2jffqjbxhn1ah9bj4vd,2026-10-05 14:39,General,,17,2026-10-01 07:34
a_01m3tbr43wewnb3pz47jw8qcm8,2026-09-28,Strong Maine Communities PAC,Independent Expenditure,1509.38,Convergence Targeted Communication,MHS - Direct mail (all costs included),Mail,Sharon C. Frost,Support,1509.38,Representative District 58,Representative,58,Unenrolled,https://www.mainecampaignfinancedisclosure.com/public/activities/a_01m3tbr43wewnb3pz47jw8qcm8,2026-10-05 14:41,General,,58,2026-09-30 19:52
a_01m3t2ddkdfp4v33d1qqcs3jdv,2026-09-28,MAINE DEMOCRATIC STATE COMMITTEE,Independent Expenditure,6802.95,Convergence Targeted Communication,MHS - Direct mail (all costs included),Mail Printing & Postage,Dani O'Halloran,Support,1073.68,Representative District 20,Representative,20,Democratic,https://www.mainecampaignfinancedisclosure.com/public/activities/a_01m3t2ddkdfp4v33d1qqcs3jdv,2026-10-05 14:41,General,,20,2026-09-30 17:09
a_01m3t2ddkdfp4v33d1qqcs3jdv,2026-09-28,MAINE DEMOCRATIC STATE COMMITTEE,Independent Expenditure,6802.95,Convergence Targeted Communication,MHS - Direct mail (all costs included),Mail Printing & Postage,Wayne K. Farrin,Support,1503.82,Representative District 47,Representative,47,Democratic,https://www.mainecampaignfinancedisclosure.com/public/activities/a_01m3t2ddkdfp4v33d1qqcs3jdv,2026-10-05 14:41,General,,47,2026-09-30 17:09
a_01m3t2ddkdfp4v33d1qqcs3jdv,2026-09-28,MAINE DEMOCRATIC STATE COMMITTEE,Independent Expenditure,6802.95,Convergence Targeted Communication,MHS - Direct mail (all costs included),Mail Printing & Postage,Sally Cluchey,Support,1400.72,Representative District 52,Representative,52,Democratic,https://www.mainecampaignfinancedisclosure.com/public/activities/a_01m3t2ddkdfp4v33d1qqcs3jdv,2026-10-05 14:41,General,,52,2026-09-30 17:09
a_01m3t2ddkdfp4v33d1qqcs3jdv,2026-09-28,MAINE DEMOCRATIC STATE COMMITTEE,Independent Expenditure,6802.95,Convergence Targeted Communication,MHS - Direct mail (all costs included),Mail Printing & Postage,Scott A. Harriman,Support,1445.07,Representative District 94,Representative,94,Democratic,https://www.mainecampaignfinancedisclosure.com/public/activities/a_01m3t2ddkdfp4v33d1qqcs3jdv,2026-10-05 14:41,General,,94,2026-09-30 17:09
a_01m3t2ddkdfp4v33d1qqcs3jdv,2026-09-28,MAINE DEMOCRATIC STATE COMMITTEE,Independent Expenditure,6802.95,Convergence Targeted Communication,MHS - Direct mail (all costs included),Mail Printing & Postage,Kilton McCarthy Webb,Support,1379.66,Representative District 98,Representative,98,Democratic,https://www.mainecampaignfinancedisclosure.com/public/activities/a_01m3t2ddkdfp4v33d1qqcs3jdv,2026-10-05 14:41,General,,98,2026-09-30 17:09
a_01m3t1gz01f3bt7eftmqyjje2z,2026-09-28,MAINE DEMOCRATIC STATE COMMITTEE,Independent Expenditure,19090.37,Convergence Targeted Communication,MHS - Direct mail (all costs included),Mail Printing & Postage,Roger Albert,Oppose,1349.95,Representative District 2,Representative,2,Republican,https://www.mainecampaignfinancedisclosure.com/public/activities/a_01m3t1gz01f3bt7eftmqyjje2z,2026-10-05 14:41,General,,2,2026-09-30 16:54
a_01m3t1gz01f3bt7eftmqyjje2z,2026-09-28,MAINE DEMOCRATIC STATE COMMITTEE,Independent Expenditure,19090.37,Convergence Targeted Communication,MHS - Direct mail (all costs included),Mail Printing & Postage,Russell P. White,Oppose,1288.18,Representative District 13,Representative,13,Republican,https://www.mainecampaignfinancedisclosure.com/public/activities/a_01m3t1gz01f3bt7eftmqyjje2z,2026-10-05 14:41,General,,13,2026-09-30 16:54
a_01m3t1gz01f3bt7eftmqyjje2z,2026-09-28,MAINE DEMOCRATIC STATE COMMITTEE,Independent Expenditure,19090.37,Convergence Targeted Communication,MHS - Direct mail (all costs included),Mail Printing & Postage,Steven Matthew Bishop,Oppose,1258.02,Representative District 17,Representative,17,Republican,https://www.mainecampaignfinancedisclosure.com/public/activities/a_01m3t1gz01f3bt7eftmqyjje2z,2026-10-05 14:41,General,,17,2026-09-30 16:54
a_01m3t1gz01f3bt7eftmqyjje2z,2026-09-28,MAINE DEMOCRATIC STATE COMMITTEE,Independent Expenditure,19090.37,Convergence Targeted Communication,MHS - Direct mail (all costs included),Mail Printing & Postage,Reagan Paul,Oppose,1256.58,Representative District 37,Representative,37,Republican,https://www.mainecampaignfinancedisclosure.com/public/activities/a_01m3t1gz01f3bt7eftmqyjje2z,2026-10-05 14:41,General,,37,2026-09-30 16:54
a_01m3t1gz01f3bt7eftmqyjje2z,2026-09-28,MAINE DEMOCRATIC STATE COMMITTEE,Independent Expenditure,19090.37,Convergence Targeted Communication,MHS - Direct mail (all costs included),Mail Printing & Postage,Ray Thombs,Oppose,1184.76,Representative District 44,Representative,44,Republican,https://www.mainecampaignfinancedisclosure.com/public/activities/a_01m3t1gz01f3bt7eftmqyjje2z,2026-10-05 14:41,General,,44,2026-09-30 16:54
a_01m3t1gz01f3bt7eftmqyjje2z,2026-09-28,MAINE DEMOCRATIC STATE COMMITTEE,Independent Expenditure,19090.37,Convergence Targeted Communication,MHS - Direct mail (all costs included),Mail Printing & Postage,"Charles Hippler, IV",Oppose,1125.14,Representative District 55,Representative,55,Republican,https://www.mainecampaignfinancedisclosure.com/public/activities/a_01m3t1gz01f3bt7eftmqyjje2z,2026-10-05 14:41,General,,55,2026-09-30 16:54
a_01m3t1gz01f3bt7eftmqyjje2z,2026-09-28,MAINE DEMOCRATIC STATE COMMITTEE,Independent Expenditure,19090.37,Convergence Targeted Communication,MHS - Direct mail (all costs included),Mail Printing & Postage,John Reny,Oppose,1041.10,Representative District 59,Representative,59,Republican,https://www.mainecampaignfinancedisclosure.com/public/activities/a_01m3t1gz01f3bt7eftmqyjje2z,2026-10-05 14:41,General,,59,2026-09-30 16:54
a_01m3t1gz01f3bt7eftmqyjje2z,2026-09-28,MAINE DEMOCRATIC STATE COMMITTEE,Independent Expenditure,19090.37,Convergence Targeted Communication,MHS - Direct mail (all costs included),Mail Printing & Postage,Randall Douglas Gauvin,Oppose,987.95,Representative District 75,Representative,75,Republican,https://www.mainecampaignfinancedisclosure.com/public/activities/a_01m3t1gz01f3bt7eftmqyjje2z,2026-10-05 14:41,General,,75,2026-09-30 16:54
a_01m3t1gz01f3bt7eftmqyjje2z,2026-09-28,MAINE DEMOCRATIC STATE COMMITTEE,Independent Expenditure,19090.37,Convergence Targeted Communication,MHS - Direct mail (all costs included),Mail Printing & Postage,Peter Wood,Oppose,959.94,Representative District 81,Representative,81,Republican,https://www.mainecampaignfinancedisclosure.com/public/activities/a_01m3t1gz01f3bt7eftmqyjje2z,2026-10-05 14:41,General,,81,2026-09-30 16:54
a_01m3t1gz01f3bt7eftmqyjje2z,2026-09-28,MAINE DEMOCRATIC STATE COMMITTEE,Independent Expenditure,19090.37,Convergence Targeted Communication,MHS - Direct mail (all costs included),Mail Printing & Postage,Caleb Joshua NESS,Oppose,952.76,Representative District 82,Representative,82,Republican,https://www.mainecampaignfinancedisclosure.com/public/activities/a_01m3t1gz01f3bt7eftmqyjje2z,2026-10-05 14:41,General,,82,2026-09-30 16:54
a_01m3t1gz01f3bt7eftmqyjje2z,2026-09-28,MAINE DEMOCRATIC STATE COMMITTEE,Independent Expenditure,19090.37,Convergence Targeted Communication,MHS - Direct mail (all costs included),Mail Printing & Postage,Marygrace Cimino,Oppose,916.13,Representative District 83,Representative,83,Republican,https://www.mainecampaignfinancedisclosure.com/public/activities/a_01m3t1gz01f3bt7eftmqyjje2z,2026-10-05 14:41,General,,83,2026-09-30 16:54
a_01m3t1gz01f3bt7eftmqyjje2z,2026-09-28,MAINE DEMOCRATIC STATE COMMITTEE,Independent Expenditure,19090.37,Convergence Targeted Communication,MHS - Direct mail (all costs included),Mail Printing & Postage,Rolf Arthur Olsen Jr.,Oppose,875.19,Representative District 86,Representative,86,Republican,https://www.mainecampaignfinancedisclosure.com/public/activities/a_01m3t1gz01f3bt7eftmqyjje2z,2026-10-05 14:41,General,,86,2026-09-30 16:54
a_01m3t1gz01f3bt7eftmqyjje2z,2026-09-28,MAINE DEMOCRATIC STATE COMMITTEE,Independent Expenditure,19090.37,Convergence Targeted Communication,MHS - Direct mail (all costs included),Mail Printing & Postage,Quentin Chapman,Oppose,860.82,Representative District 88,Representative,88,Republican,https://www.mainecampaignfinancedisclosure.com/public/activities/a_01m3t1gz01f3bt7eftmqyjje2z,2026-10-05 14:41,General,,88,2026-09-30 16:54
a_01m3t1gz01f3bt7eftmqyjje2z,2026-09-28,MAINE DEMOCRATIC STATE COMMITTEE,Independent Expenditure,19090.37,Convergence Targeted Communication,MHS - Direct mail (all costs included),Mail Printing & Postage,James Sorcek,Oppose,851.48,Representative District 90,Representative,90,Republican,https://www.mainecampaignfinancedisclosure.com/public/activities/a_01m3t1gz01f3bt7eftmqyjje2z,2026-10-05 14:41,General,,90,2026-09-30 16:54
a_01m3t1gz01f3bt7eftmqyjje2z,2026-09-28,MAINE DEMOCRATIC STATE COMMITTEE,Independent Expenditure,19090.37,Convergence Targeted Communication,MHS - Direct mail (all costs included),Mail Printing & Postage,Kerryl Lee Clement,Oppose,778.22,Representative District 96,Representative,96,Republican,https://www.mainecampaignfinancedisclosure.com/public/activities/a_01m3t1gz01f3bt7eftmqyjje2z,2026-10-05 14:41,General,,96,2026-09-30 16:54
a_01m3t1gz01f3bt7eftmqyjje2z,2026-09-28,MAINE DEMOCRATIC STATE COMMITTEE,Independent Expenditure,19090.37,Convergence Targeted Communication,MHS - Direct mail (all costs included),Mail Printing & Postage,Barbara Anne Bagshaw,Oppose,767.45,Representative District 106,Representative,106,Republican,https://www.mainecampaignfinancedisclosure.com/public/activities/a_01m3t1gz01f3bt7eftmqyjje2z,2026-10-05 14:41,General,,106,2026-09-30 16:54
a_01m3t1gz01f3bt7eftmqyjje2z,2026-09-28,MAINE DEMOCRATIC STATE COMMITTEE,Independent Expenditure,19090.37,Convergence Targeted Communication,MHS - Direct mail (all costs included),Mail Printing & Postage,Mark C. Cooper,Oppose,720.05,Representative District 107,Representative,107,Republican,https://www.mainecampaignfinancedisclosure.com/public/activities/a_01m3t1gz01f3bt7eftmqyjje2z,2026-10-05 14:41,General,,107,2026-09-30 16:54
a_01m3t1gz01f3bt7eftmqyjje2z,2026-09-28,MAINE DEMOCRATIC STATE COMMITTEE,Independent Expenditure,19090.37,Convergence Targeted Communication,MHS - Direct mail (all costs included),Mail Printing & Postage,Domingo Torres,Oppose,649.66,Representative District 142,Representative,142,Republican,https://www.mainecampaignfinancedisclosure.com/public/activities/a_01m3t1gz01f3bt7eftmqyjje2z,2026-10-05 14:41,General,,142,2026-09-30 16:54
a_01m3t1gz01f3bt7eftmqyjje2z,2026-09-28,MAINE DEMOCRATIC STATE COMMITTEE,Independent Expenditure,19090.37,Convergence Targeted Communication,MHS - Direct mail (all costs included),Mail Printing & Postage,Melissa Simpson,Oppose,643.91,Representative District 143,Representative,143,Republican,https://www.mainecampaignfinancedisclosure.com/public/activities/a_01m3t1gz01f3bt7eftmqyjje2z,2026-10-05 14:41,General,,143,2026-09-30 16:54
a_01m3t1gz01f3bt7eftmqyjje2z,2026-09-28,MAINE DEMOCRATIC STATE COMMITTEE,Independent Expenditure,19090.37,Convergence Targeted Communication,MHS - Direct mail (all costs included),Mail Printing & Postage,Caleb Joseph Chase,Oppose,623.08,Representative District 145,Representative,145,Republican,https://www.mainecampaignfinancedisclosure.com/public/activities/a_01m3t1gz01f3bt7eftmqyjje2z,2026-10-05 14:41,General,,145,2026-09-30 16:54
a_01m3szbrvae9c9jkz170bzb40x,2026-09-29,MAINE DEMOCRATIC STATE COMMITTEE,Independent Expenditure,32640.94,"JM2, LLC",MHS - Direct mail (all costs included),Mail Printing & Postage,Craig Hickman,Support,7122.50,Senator District 14,Senator,14,Democratic,https://www.mainecampaignfinancedisclosure.com/public/activities/a_01m3szbrvae9c9jkz170bzb40x,2026-10-05 14:39,General,,14,2026-09-30 16:16
a_01m3szbrvae9c9jkz170bzb40x,2026-09-29,MAINE DEMOCRATIC STATE COMMITTEE,Independent Expenditure,32640.94,"JM2, LLC",MHS - Direct mail (all costs included),Mail Printing & Postage,Amanda Heath,Support,3123.82,Senator District 15,Senator,15,Democratic,https://www.mainecampaignfinancedisclosure.com/public/activities/a_01m3szbrvae9c9jkz170bzb40x,2026-10-05 14:39,General,,15,2026-09-30 16:16
a_01m3szbrvae9c9jkz170bzb40x,2026-09-29,MAINE DEMOCRATIC STATE COMMITTEE,Independent Expenditure,32640.94,"JM2, LLC",MHS - Direct mail (all costs included),Mail Printing & Postage,Kati L. McCormick,Oppose,3123.82,Senator District 15,Senator,15,Republican,https://www.mainecampaignfinancedisclosure.com/public/activities/a_01m3szbrvae9c9jkz170bzb40x,2026-10-05 14:39,General,,15,2026-09-30 16:16
a_01m3szbrvae9c9jkz170bzb40x,2026-09-29,MAINE DEMOCRATIC STATE COMMITTEE,Independent Expenditure,32640.94,"JM2, LLC",MHS - Direct mail (all costs included),Mail Printing & Postage,Patric Moore,Support,2781.44,Senator District 16,Senator,16,Democratic,https://www.mainecampaignfinancedisclosure.com/public/activities/a_01m3szbrvae9c9jkz170bzb40x,2026-10-05 14:39,General,,16,2026-09-30 16:16
a_01m3szbrvae9c9jkz170bzb40x,2026-09-29,MAINE DEMOCRATIC STATE COMMITTEE,Independent Expenditure,32640.94,"JM2, LLC",MHS - Direct mail (all costs included),Mail Printing & Postage,Scott W. Cyrway,Oppose,2781.44,Senator District 16,Senator,16,Republican,https://www.mainecampaignfinancedisclosure.com/public/activities/a_01m3szbrvae9c9jkz170bzb40x,2026-10-05 14:39,General,,16,2026-09-30 16:16
a_01m3szbrvae9c9jkz170bzb40x,2026-09-29,MAINE DEMOCRATIC STATE COMMITTEE,Independent Expenditure,32640.94,"JM2, LLC",MHS - Direct mail (all costs included),Mail Printing & Postage,Michael R. Scott,Support,3481.04,Senator District 20,Senator,20,Democratic,https://www.mainecampaignfinancedisclosure.com/public/activities/a_01m3szbrvae9c9jkz170bzb40x,2026-10-05 14:39,General,,20,2026-09-30 16:16
a_01m3szbrvae9c9jkz170bzb40x,2026-09-29,MAINE DEMOCRATIC STATE COMMITTEE,Independent Expenditure,32640.94,"JM2, LLC",MHS - Direct mail (all costs included),Mail Printing & Postage,Bruce Bickford,Oppose,3481.04,Senator District 20,Senator,20,Republican,https://www.mainecampaignfinancedisclosure.com/public/activities/a_01m3szbrvae9c9jkz170bzb40x,2026-10-05 14:39,General,,20,2026-09-30 16:16
a_01m3szbrvae9c9jkz170bzb40x,2026-09-29,MAINE DEMOCRATIC STATE COMMITTEE,Independent Expenditure,32640.94,"JM2, LLC",MHS - Direct mail (all costs included),Mail Printing & Postage,Kenneth Cianchette,Oppose,6745.84,Senator District 26,Senator,26,Republican,https://www.mainecampaignfinancedisclosure.com/public/activities/a_01m3szbrvae9c9jkz170bzb40x,2026-10-05 14:39,General,,26,2026-09-30 16:16
a_01m3sqh62yep3a4e7v5jbtn2fp,2026-09-30,Win Back Maine,Independent Expenditure,33000.00,LFD Strategies,PRO - Professional services,Develop and distribute advertising,Wayne K. Farrin,Oppose,8250.00,Representative District 47,Representative,47,Democratic,https://www.mainecampaignfinancedisclosure.com/public/activities/a_01m3sqh62yep3a4e7v5jbtn2fp,2026-10-05 14:39,General,,47,2026-09-30 13:59
a_01m3sqh62yep3a4e7v5jbtn2fp,2026-09-30,Win Back Maine,Independent Expenditure,33000.00,LFD Strategies,PRO - Professional services,Develop and distribute advertising,Andrew Gattine,Oppose,8250.00,Representative District 126,Representative,126,Democratic,https://www.mainecampaignfinancedisclosure.com/public/activities/a_01m3sqh62yep3a4e7v5jbtn2fp,2026-10-05 14:39,General,Drew Gattine,126,2026-09-30 13:59
a_01m3sqh62yep3a4e7v5jbtn2fp,2026-09-30,Win Back Maine,Independent Expenditure,33000.00,LFD Strategies,PRO - Professional services,Develop and distribute advertising,Kilton McCarthy Webb,Oppose,8250.00,Representative District 98,Representative,98,Democratic,https://www.mainecampaignfinancedisclosure.com/public/activities/a_01m3sqh62yep3a4e7v5jbtn2fp,2026-10-05 14:39,General,,98,2026-09-30 13:59
a_01m3sqh62yep3a4e7v5jbtn2fp,2026-09-30,Win Back Maine,Independent Expenditure,33000.00,LFD Strategies,PRO - Professional services,Develop and distribute advertising,Sharon C. Frost,Oppose,8250.00,Representative District 58,Representative,58,Unenrolled,https://www.mainecampaignfinancedisclosure.com/public/activities/a_01m3sqh62yep3a4e7v5jbtn2fp,2026-10-05 14:39,General,,58,2026-09-30 13:59
a_01m3spvjmvfmjtpb4xbd0t84ky,2026-09-29,Prosper Maine PAC,Independent Expenditure,61607.00,Voter Connect LLC,MHS - Direct mail (all costs included),Mail Postage and Production,Mark C. Cooper,Support,4359.00,Representative District 107,Representative,107,Republican,https://www.mainecampaignfinancedisclosure.com/public/activities/a_01m3spvjmvfmjtpb4xbd0t84ky,2026-10-05 14:39,General,,107,2026-09-30 13:47
a_01m3spvjmvfmjtpb4xbd0t84ky,2026-09-29,Prosper Maine PAC,Independent Expenditure,61607.00,Voter Connect LLC,MHS - Direct mail (all costs included),Mail Postage and Production,Russell P. White,Support,4523.00,Representative District 13,Representative,13,Republican,https://www.mainecampaignfinancedisclosure.com/public/activities/a_01m3spvjmvfmjtpb4xbd0t84ky,2026-10-05 14:39,General,,13,2026-09-30 13:47
a_01m3spvjmvfmjtpb4xbd0t84ky,2026-09-29,Prosper Maine PAC,Independent Expenditure,61607.00,Voter Connect LLC,MHS - Direct mail (all costs included),Mail Postage and Production,Marc Anthony Boisse,Support,4612.00,Representative District 141,Representative,141,Republican,https://www.mainecampaignfinancedisclosure.com/public/activities/a_01m3spvjmvfmjtpb4xbd0t84ky,2026-10-05 14:39,General,,141,2026-09-30 13:47
a_01m3spvjmvfmjtpb4xbd0t84ky,2026-09-29,Prosper Maine PAC,Independent Expenditure,61607.00,Voter Connect LLC,MHS - Direct mail (all costs included),Mail Postage and Production,Domingo Torres,Support,3450.00,Representative District 142,Representative,142,Republican,https://www.mainecampaignfinancedisclosure.com/public/activities/a_01m3spvjmvfmjtpb4xbd0t84ky,2026-10-05 14:39,General,,142,2026-09-30 13:47
a_01m3spvjmvfmjtpb4xbd0t84ky,2026-09-29,Prosper Maine PAC,Independent Expenditure,61607.00,Voter Connect LLC,MHS - Direct mail (all costs included),Mail Postage and Production,Rebecca Stephens,Support,4569.00,Representative District 45,Representative,45,Republican,https://www.mainecampaignfinancedisclosure.com/public/activities/a_01m3spvjmvfmjtpb4xbd0t84ky,2026-10-05 14:39,General,,45,2026-09-30 13:47
a_01m3spvjmvfmjtpb4xbd0t84ky,2026-09-29,Prosper Maine PAC,Independent Expenditure,61607.00,Voter Connect LLC,MHS - Direct mail (all costs included),Mail Postage and Production,Chester B. Grover III,Support,5024.00,Representative District 47,Representative,47,Republican,https://www.mainecampaignfinancedisclosure.com/public/activities/a_01m3spvjmvfmjtpb4xbd0t84ky,2026-10-05 14:39,General,,47,2026-09-30 13:47
a_01m3spvjmvfmjtpb4xbd0t84ky,2026-09-29,Prosper Maine PAC,Independent Expenditure,61607.00,Voter Connect LLC,MHS - Direct mail (all costs included),Mail Postage and Production,John Reny,Support,3974.00,Representative District 59,Representative,59,Republican,https://www.mainecampaignfinancedisclosure.com/public/activities/a_01m3spvjmvfmjtpb4xbd0t84ky,2026-10-05 14:39,General,,59,2026-09-30 13:47
a_01m3spvjmvfmjtpb4xbd0t84ky,2026-09-29,Prosper Maine PAC,Independent Expenditure,61607.00,Voter Connect LLC,MHS - Direct mail (all costs included),Mail Postage and Production,Shawn M. Dixon,Support,4264.00,Representative District 67,Representative,67,Republican,https://www.mainecampaignfinancedisclosure.com/public/activities/a_01m3spvjmvfmjtpb4xbd0t84ky,2026-10-05 14:39,General,,67,2026-09-30 13:47
a_01m3spvjmvfmjtpb4xbd0t84ky,2026-09-29,Prosper Maine PAC,Independent Expenditure,61607.00,Voter Connect LLC,MHS - Direct mail (all costs included),Mail Postage and Production,Peter Wood,Support,4772.00,Representative District 81,Representative,81,Republican,https://www.mainecampaignfinancedisclosure.com/public/activities/a_01m3spvjmvfmjtpb4xbd0t84ky,2026-10-05 14:39,General,,81,2026-09-30 13:47
a_01m3spvjmvfmjtpb4xbd0t84ky,2026-09-29,Prosper Maine PAC,Independent Expenditure,61607.00,Voter Connect LLC,MHS - Direct mail (all costs included),Mail Postage and Production,William J. St. Michel,Support,2316.00,Representative District 98,Representative,98,Republican,https://www.mainecampaignfinancedisclosure.com/public/activities/a_01m3spvjmvfmjtpb4xbd0t84ky,2026-10-05 14:39,General,,98,2026-09-30 13:47
a_01m3spvjmvfmjtpb4xbd0t84ky,2026-09-29,Prosper Maine PAC,Independent Expenditure,61607.00,Voter Connect LLC,MHS - Direct mail (all costs included),Mail Postage and Production,Kilton McCarthy Webb,Oppose,2316.00,Representative District 98,Representative,98,Democratic,https://www.mainecampaignfinancedisclosure.com/public/activities/a_01m3spvjmvfmjtpb4xbd0t84ky,2026-10-05 14:39,General,,98,2026-09-30 13:47
a_01m3spvjmvfmjtpb4xbd0t84ky,2026-09-29,Prosper Maine PAC,Independent Expenditure,61607.00,Voter Connect LLC,MHS - Direct mail (all costs included),Mail Postage and Production,Randall Douglas Gauvin,Support,1920.00,Representative District 75,Representative,75,Republican,https://www.mainecampaignfinancedisclosure.com/public/activities/a_01m3spvjmvfmjtpb4xbd0t84ky,2026-10-05 14:39,General,,75,2026-09-30 13:47
a_01m3spvjmvfmjtpb4xbd0t84ky,2026-09-29,Prosper Maine PAC,Independent Expenditure,61607.00,Voter Connect LLC,MHS - Direct mail (all costs included),Mail Postage and Production,H. Scott Landry,Oppose,1920.00,Representative District 75,Representative,75,Democratic,https://www.mainecampaignfinancedisclosure.com/public/activities/a_01m3spvjmvfmjtpb4xbd0t84ky,2026-10-05 14:39,General,Scott Landry,75,2026-09-30 13:47
a_01m3spvjmvfmjtpb4xbd0t84ky,2026-09-29,Prosper Maine PAC,Independent Expenditure,61607.00,Voter Connect LLC,MHS - Direct mail (all costs included),Mail Postage and Production,Dexter 'Buzz' Bridges,Support,2591.00,Representative District 58,Representative,58,Republican,https://www.mainecampaignfinancedisclosure.com/public/activities/a_01m3spvjmvfmjtpb4xbd0t84ky,2026-10-05 14:39,General,,58,2026-09-30 13:47
a_01m3spvjmvfmjtpb4xbd0t84ky,2026-09-29,Prosper Maine PAC,Independent Expenditure,61607.00,Voter Connect LLC,MHS - Direct mail (all costs included),Mail Postage and Production,Sharon C. Frost,Oppose,2591.00,Representative District 58,Representative,58,Unenrolled,https://www.mainecampaignfinancedisclosure.com/public/activities/a_01m3spvjmvfmjtpb4xbd0t84ky,2026-10-05 14:39,General,,58,2026-09-30 13:47
a_01m3spvjmvfmjtpb4xbd0t84ky,2026-09-29,Prosper Maine PAC,Independent Expenditure,61607.00,Voter Connect LLC,MHS - Direct mail (all costs included),Mail Postage and Production,David Wayne Guilmette,Support,2137.50,Representative District 52,Representative,52,Republican,https://www.mainecampaignfinancedisclosure.com/public/activities/a_01m3spvjmvfmjtpb4xbd0t84ky,2026-10-05 14:39,General,,52,2026-09-30 13:47
a_01m3spvjmvfmjtpb4xbd0t84ky,2026-09-29,Prosper Maine PAC,Independent Expenditure,61607.00,Voter Connect LLC,MHS - Direct mail (all costs included),Mail Postage and Production,Sally Cluchey,Oppose,2137.50,Representative District 52,Representative,52,Democratic,https://www.mainecampaignfinancedisclosure.com/public/activities/a_01m3spvjmvfmjtpb4xbd0t84ky,2026-10-05 14:39,General,,52,2026-09-30 13:47
a_01m3spvjmvfmjtpb4xbd0t84ky,2026-09-29,Prosper Maine PAC,Independent Expenditure,61607.00,Voter Connect LLC,MHS - Direct mail (all costs included),Mail Postage and Production,PATRICK JUDE,Support,2065.50,Representative District 20,Representative,20,Republican,https://www.mainecampaignfinancedisclosure.com/public/activities/a_01m3spvjmvfmjtpb4xbd0t84ky,2026-10-05 14:39,General,,20,2026-09-30 13:47
a_01m3spvjmvfmjtpb4xbd0t84ky,2026-09-29,Prosper Maine PAC,Independent Expenditure,61607.00,Voter Connect LLC,MHS - Direct mail (all costs included),Mail Postage and Production,Dani O'Halloran,Oppose,2065.50,Representative District 20,Representative,20,Democratic,https://www.mainecampaignfinancedisclosure.com/public/activities/a_01m3spvjmvfmjtpb4xbd0t84ky,2026-10-05 14:39,General,,20,2026-09-30 13:47
a_01m3sdnkgre9bvpnxppkzvy2f6,2026-09-30,Renew the American Dream,Independent Expenditure,45000.00,Letter Friend,MHS - Direct mail (all costs included),Mailing,Roger Albert,Support,2657.78,Representative District 2,Representative,2,Republican,https://www.mainecampaignfinancedisclosure.com/public/activities/a_01m3sdnkgre9bvpnxppkzvy2f6,2026-10-05 14:39,General,,2,2026-09-30 11:07
a_01m3sdnkgre9bvpnxppkzvy2f6,2026-09-30,Renew the American Dream,Independent Expenditure,45000.00,Letter Friend,MHS - Direct mail (all costs included),Mailing,Susan Bernard,Support,2472.87,Representative District 3,Representative,3,Republican,https://www.mainecampaignfinancedisclosure.com/public/activities/a_01m3sdnkgre9bvpnxppkzvy2f6,2026-10-05 14:39,General,,3,2026-09-30 11:07
a_01m3sdnkgre9bvpnxppkzvy2f6,2026-09-30,Renew the American Dream,Independent Expenditure,45000.00,Letter Friend,MHS - Direct mail (all costs included),Mailing,Chester B. Grover III,Support,2354.32,Representative District 47,Representative,47,Republican,https://www.mainecampaignfinancedisclosure.com/public/activities/a_01m3sdnkgre9bvpnxppkzvy2f6,2026-10-05 14:39,General,,47,2026-09-30 11:07
a_01m3sdnkgre9bvpnxppkzvy2f6,2026-09-30,Renew the American Dream,Independent Expenditure,45000.00,Letter Friend,MHS - Direct mail (all costs included),Mailing,David Wayne Guilmette,Support,2370.92,Representative District 52,Representative,52,Republican,https://www.mainecampaignfinancedisclosure.com/public/activities/a_01m3sdnkgre9bvpnxppkzvy2f6,2026-10-05 14:39,General,,52,2026-09-30 11:07
a_01m3sdnkgre9bvpnxppkzvy2f6,2026-09-30,Renew the American Dream,Independent Expenditure,45000.00,Letter Friend,MHS - Direct mail (all costs included),Mailing,"Charles Hippler, IV",Support,2368.55,Representative District 55,Representative,55,Republican,https://www.mainecampaignfinancedisclosure.com/public/activities/a_01m3sdnkgre9bvpnxppkzvy2f6,2026-10-05 14:39,General,,55,2026-09-30 11:07
a_01m3sdnkgre9bvpnxppkzvy2f6,2026-09-30,Renew the American Dream,Independent Expenditure,45000.00,Letter Friend,MHS - Direct mail (all costs included),Mailing,Dexter 'Buzz' Bridges,Support,2340.09,Representative District 58,Representative,58,Republican,https://www.mainecampaignfinancedisclosure.com/public/activities/a_01m3sdnkgre9bvpnxppkzvy2f6,2026-10-05 14:39,General,,58,2026-09-30 11:07
a_01m3sdnkgre9bvpnxppkzvy2f6,2026-09-30,Renew the American Dream,Independent Expenditure,45000.00,Letter Friend,MHS - Direct mail (all costs included),Mailing,John Reny,Support,2081.66,Representative District 59,Representative,59,Republican,https://www.mainecampaignfinancedisclosure.com/public/activities/a_01m3sdnkgre9bvpnxppkzvy2f6,2026-10-05 14:39,General,,59,2026-09-30 11:07
a_01m3sdnkgre9bvpnxppkzvy2f6,2026-09-30,Renew the American Dream,Independent Expenditure,45000.00,Letter Friend,MHS - Direct mail (all costs included),Mailing,Paul R Flynn,Support,2252.37,Representative District 63,Representative,63,Republican,https://www.mainecampaignfinancedisclosure.com/public/activities/a_01m3sdnkgre9bvpnxppkzvy2f6,2026-10-05 14:39,General,,63,2026-09-30 11:07
a_01m3sdnkgre9bvpnxppkzvy2f6,2026-09-30,Renew the American Dream,Independent Expenditure,45000.00,Letter Friend,MHS - Direct mail (all costs included),Mailing,Shawn M. Dixon,Support,2219.18,Representative District 67,Representative,67,Republican,https://www.mainecampaignfinancedisclosure.com/public/activities/a_01m3sdnkgre9bvpnxppkzvy2f6,2026-10-05 14:39,General,,67,2026-09-30 11:07
a_01m3sdnkgre9bvpnxppkzvy2f6,2026-09-30,Renew the American Dream,Independent Expenditure,45000.00,Letter Friend,MHS - Direct mail (all costs included),Mailing,Randall Douglas Gauvin,Support,2174.13,Representative District 75,Representative,75,Republican,https://www.mainecampaignfinancedisclosure.com/public/activities/a_01m3sdnkgre9bvpnxppkzvy2f6,2026-10-05 14:39,General,,75,2026-09-30 11:07
a_01m3sdnkgre9bvpnxppkzvy2f6,2026-09-30,Renew the American Dream,Independent Expenditure,45000.00,Letter Friend,MHS - Direct mail (all costs included),Mailing,Caleb Joshua NESS,Support,2368.55,Representative District 82,Representative,82,Republican,https://www.mainecampaignfinancedisclosure.com/public/activities/a_01m3sdnkgre9bvpnxppkzvy2f6,2026-10-05 14:39,General,,82,2026-09-30 11:07
a_01m3sdnkgre9bvpnxppkzvy2f6,2026-09-30,Renew the American Dream,Independent Expenditure,45000.00,Letter Friend,MHS - Direct mail (all costs included),Mailing,Marygrace Cimino,Support,2679.14,Representative District 83,Representative,83,Republican,https://www.mainecampaignfinancedisclosure.com/public/activities/a_01m3sdnkgre9bvpnxppkzvy2f6,2026-10-05 14:39,General,,83,2026-09-30 11:07
a_01m3sdnkgre9bvpnxppkzvy2f6,2026-09-30,Renew the American Dream,Independent Expenditure,45000.00,Letter Friend,MHS - Direct mail (all costs included),Mailing,Janet Inger Beaudoin,Support,2394.63,Representative District 94,Representative,94,Republican,https://www.mainecampaignfinancedisclosure.com/public/activities/a_01m3sdnkgre9bvpnxppkzvy2f6,2026-10-05 14:39,General,,94,2026-09-30 11:07
a_01m3sdnkgre9bvpnxppkzvy2f6,2026-09-30,Renew the American Dream,Independent Expenditure,45000.00,Letter Friend,MHS - Direct mail (all costs included),Mailing,Kerryl Lee Clement,Support,2340.09,Representative District 96,Representative,96,Republican,https://www.mainecampaignfinancedisclosure.com/public/activities/a_01m3sdnkgre9bvpnxppkzvy2f6,2026-10-05 14:39,General,,96,2026-09-30 11:07
a_01m3sdnkgre9bvpnxppkzvy2f6,2026-09-30,Renew the American Dream,Independent Expenditure,45000.00,Letter Friend,MHS - Direct mail (all costs included),Mailing,William J. St. Michel,Support,2852.21,Representative District 98,Representative,98,Republican,https://www.mainecampaignfinancedisclosure.com/public/activities/a_01m3sdnkgre9bvpnxppkzvy2f6,2026-10-05 14:39,General,,98,2026-09-30 11:07
a_01m3sdnkgre9bvpnxppkzvy2f6,2026-09-30,Renew the American Dream,Independent Expenditure,45000.00,Letter Friend,MHS - Direct mail (all costs included),Mailing,R. Melissa Winslow,Support,2368.55,Representative District 104,Representative,104,Republican,https://www.mainecampaignfinancedisclosure.com/public/activities/a_01m3sdnkgre9bvpnxppkzvy2f6,2026-10-05 14:39,General,,104,2026-09-30 11:07
a_01m3sdnkgre9bvpnxppkzvy2f6,2026-09-30,Renew the American Dream,Independent Expenditure,45000.00,Letter Friend,MHS - Direct mail (all costs included),Mailing,Melissa Simpson,Support,2114.86,Representative District 143,Representative,143,Republican,https://www.mainecampaignfinancedisclosure.com/public/activities/a_01m3sdnkgre9bvpnxppkzvy2f6,2026-10-05 14:39,General,,143,2026-09-30 11:07
a_01m3sdnkgre9bvpnxppkzvy2f6,2026-09-30,Renew the American Dream,Independent Expenditure,45000.00,Letter Friend,MHS - Direct mail (all costs included),Mailing,Caleb Joseph Chase,Support,2159.91,Representative District 145,Representative,145,Republican,https://www.mainecampaignfinancedisclosure.com/public/activities/a_01m3sdnkgre9bvpnxppkzvy2f6,2026-10-05 14:39,General,,145,2026-09-30 11:07
a_01m3sdnkgre9bvpnxppkzvy2f6,2026-09-30,Renew the American Dream,Independent Expenditure,45000.00,Letter Friend,MHS - Direct mail (all costs included),Mailing,Timothy Towne,Support,2430.19,Representative District 149,Representative,149,Republican,https://www.mainecampaignfinancedisclosure.com/public/activities/a_01m3sdnkgre9bvpnxppkzvy2f6,2026-10-05 14:39,General,,149,2026-09-30 11:07
a_01m3qy6d16egka7br6jvapqf35,2026-09-28,Common Sense for Maine,Independent Expenditure,12000.00,Julie Kramer DBA Effective Marketing,TVN - TV ads and production,TV streaming ads,Hannah Pingree,Oppose,5923.05,Governor,Governor,-,Democratic,https://www.mainecampaignfinancedisclosure.com/public/activities/a_01m3qy6d16egka7br6jvapqf35,2026-10-05 14:41,General,,,2026-09-29 21:17
a_01m3qy6d16egka7br6jvapqf35,2026-09-28,Common Sense for Maine,Independent Expenditure,12000.00,Julie Kramer DBA Effective Marketing,TVN - TV ads and production,TV streaming ads,Billy Bob Faulkingham,Support,1000.00,Senator District 6,Senator,6,Republican,https://www.mainecampaignfinancedisclosure.com/public/activities/a_01m3qy6d16egka7br6jvapqf35,2026-10-05 14:41,General,,6,2026-09-29 21:17
a_01m3qy6d16egka7br6jvapqf35,2026-09-28,Common Sense for Maine,Independent Expenditure,12000.00,Julie Kramer DBA Effective Marketing,TVN - TV ads and production,TV streaming ads,Janet Inger Beaudoin,Support,253.85,Representative District 94,Representative,94,Republican,https://www.mainecampaignfinancedisclosure.com/public/activities/a_01m3qy6d16egka7br6jvapqf35,2026-10-05 14:41,General,,94,2026-09-29 21:17
a_01m3qy6d16egka7br6jvapqf35,2026-09-28,Common Sense for Maine,Independent Expenditure,12000.00,Julie Kramer DBA Effective Marketing,TVN - TV ads and production,TV streaming ads,Jason G Litalien,Support,507.69,Senator District 32,Senator,32,Unenrolled,https://www.mainecampaignfinancedisclosure.com/public/activities/a_01m3qy6d16egka7br6jvapqf35,2026-10-05 14:41,General,,32,2026-09-29 21:17
a_01m3qy6d16egka7br6jvapqf35,2026-09-28,Common Sense for Maine,Independent Expenditure,12000.00,Julie Kramer DBA Effective Marketing,TVN - TV ads and production,TV streaming ads,Kenneth Cianchette,Support,507.69,Senator District 26,Senator,26,Republican,https://www.mainecampaignfinancedisclosure.com/public/activities/a_01m3qy6d16egka7br6jvapqf35,2026-10-05 14:41,General,,26,2026-09-29 21:17
a_01m3qy6d16egka7br6jvapqf35,2026-09-28,Common Sense for Maine,Independent Expenditure,12000.00,Julie Kramer DBA Effective Marketing,TVN - TV ads and production,TV streaming ads,Julie Nicole Rakic,Support,507.69,Senator District 35,Senator,35,Republican,https://www.mainecampaignfinancedisclosure.com/public/activities/a_01m3qy6d16egka7br6jvapqf35,2026-10-05 14:41,General,,35,2026-09-29 21:17
a_01m3qy6d16egka7br6jvapqf35,2026-09-28,Common Sense for Maine,Independent Expenditure,12000.00,Julie Kramer DBA Effective Marketing,TVN - TV ads and production,TV streaming ads,Eryn Soule,Support,507.69,Senator District 21,Senator,21,Unenrolled,https://www.mainecampaignfinancedisclosure.com/public/activities/a_01m3qy6d16egka7br6jvapqf35,2026-10-05 14:41,General,,21,2026-09-29 21:17
a_01m3qy6d16egka7br6jvapqf35,2026-09-28,Common Sense for Maine,Independent Expenditure,12000.00,Julie Kramer DBA Effective Marketing,TVN - TV ads and production,TV streaming ads,Leo Christopher Kenney,Support,507.69,Senator District 8,Senator,8,Republican,https://www.mainecampaignfinancedisclosure.com/public/activities/a_01m3qy6d16egka7br6jvapqf35,2026-10-05 14:41,General,,8,2026-09-29 21:17
a_01m3qy6d16egka7br6jvapqf35,2026-09-28,Common Sense for Maine,Independent Expenditure,12000.00,Julie Kramer DBA Effective Marketing,TVN - TV ads and production,TV streaming ads,PATRICK JUDE,Support,253.85,Representative District 20,Representative,20,Republican,https://www.mainecampaignfinancedisclosure.com/public/activities/a_01m3qy6d16egka7br6jvapqf35,2026-10-05 14:41,General,,20,2026-09-29 21:17
a_01m3qy6d16egka7br6jvapqf35,2026-09-28,Common Sense for Maine,Independent Expenditure,12000.00,Julie Kramer DBA Effective Marketing,TVN - TV ads and production,TV streaming ads,Ray Thombs,Support,253.85,Representative District 44,Representative,44,Republican,https://www.mainecampaignfinancedisclosure.com/public/activities/a_01m3qy6d16egka7br6jvapqf35,2026-10-05 14:41,General,,44,2026-09-29 21:17
a_01m3qy6d16egka7br6jvapqf35,2026-09-28,Common Sense for Maine,Independent Expenditure,12000.00,Julie Kramer DBA Effective Marketing,TVN - TV ads and production,TV streaming ads,Ethan Mongue,Support,253.85,Representative District 126,Representative,126,Republican,https://www.mainecampaignfinancedisclosure.com/public/activities/a_01m3qy6d16egka7br6jvapqf35,2026-10-05 14:41,General,,126,2026-09-29 21:17
a_01m3qy6d16egka7br6jvapqf35,2026-09-28,Common Sense for Maine,Independent Expenditure,12000.00,Julie Kramer DBA Effective Marketing,TVN - TV ads and production,TV streaming ads,Mark Frederick Zimmer,Support,253.85,Representative District 150,Representative,150,Republican,https://www.mainecampaignfinancedisclosure.com/public/activities/a_01m3qy6d16egka7br6jvapqf35,2026-10-05 14:41,General,,150,2026-09-29 21:17
a_01m3qy6d16egka7br6jvapqf35,2026-09-28,Common Sense for Maine,Independent Expenditure,12000.00,Julie Kramer DBA Effective Marketing,TVN - TV ads and production,TV streaming ads,Kerryl Lee Clement,Support,253.85,Representative District 96,Representative,96,Republican,https://www.mainecampaignfinancedisclosure.com/public/activities/a_01m3qy6d16egka7br6jvapqf35,2026-10-05 14:41,General,,96,2026-09-29 21:17
a_01m3qy6d16egka7br6jvapqf35,2026-09-28,Common Sense for Maine,Independent Expenditure,12000.00,Julie Kramer DBA Effective Marketing,TVN - TV ads and production,TV streaming ads,Marc Anthony Boisse,Support,253.85,Representative District 141,Representative,141,Republican,https://www.mainecampaignfinancedisclosure.com/public/activities/a_01m3qy6d16egka7br6jvapqf35,2026-10-05 14:41,General,,141,2026-09-29 21:17
a_01m3qy6d16egka7br6jvapqf35,2026-09-28,Common Sense for Maine,Independent Expenditure,12000.00,Julie Kramer DBA Effective Marketing,TVN - TV ads and production,TV streaming ads,David Wayne Guilmette,Support,253.85,Representative District 52,Representative,52,Republican,https://www.mainecampaignfinancedisclosure.com/public/activities/a_01m3qy6d16egka7br6jvapqf35,2026-10-05 14:41,General,,52,2026-09-29 21:17
a_01m3qy6d16egka7br6jvapqf35,2026-09-28,Common Sense for Maine,Independent Expenditure,12000.00,Julie Kramer DBA Effective Marketing,TVN - TV ads and production,TV streaming ads,Randall Douglas Gauvin,Support,253.85,Representative District 75,Representative,75,Republican,https://www.mainecampaignfinancedisclosure.com/public/activities/a_01m3qy6d16egka7br6jvapqf35,2026-10-05 14:41,General,,75,2026-09-29 21:17
a_01m3qy6d16egka7br6jvapqf35,2026-09-28,Common Sense for Maine,Independent Expenditure,12000.00,Julie Kramer DBA Effective Marketing,TVN - TV ads and production,TV streaming ads,Suzanne R. Andresen,Support,253.85,Representative District 49,Representative,49,Republican,https://www.mainecampaignfinancedisclosure.com/public/activities/a_01m3qy6d16egka7br6jvapqf35,2026-10-05 14:41,General,,49,2026-09-29 21:17
a_01m3qx85hkefnaqh4bbett2cbz,2026-09-29,Maine Senate Republicans,Independent Expenditure,7250.00,LFD Strategies LLC,"ONL - Social media, online ads",Digital Advertising,Craig Hickman,Oppose,7250.00,Senator District 14,Senator,14,Democratic,https://www.mainecampaignfinancedisclosure.com/public/activities/a_01m3qx85hkefnaqh4bbett2cbz,2026-10-05 14:39,General,,14,2026-09-29 21:00
a_01m3qdp506e8fra68macvryzs3,2026-09-29,MAINE CONSERVATION VOTERS ACTION FUND,Independent Expenditure,2850.00,Moxie Media,"LIT - Palmcards, signs, stickers, etc.",design and printing,Michael R. Scott,Support,1425.00,Senator District 20,Senator,20,Democratic,https://www.mainecampaignfinancedisclosure.com/public/activities/a_01m3qdp506e8fra68macvryzs3,2026-10-05 14:39,General,,20,2026-09-29 16:28
a_01m3qdp506e8fra68macvryzs3,2026-09-29,MAINE CONSERVATION VOTERS ACTION FUND,Independent Expenditure,2850.00,Moxie Media,"LIT - Palmcards, signs, stickers, etc.",design and printing,Kilton McCarthy Webb,Support,475.00,Representative District 98,Representative,98,Democratic,https://www.mainecampaignfinancedisclosure.com/public/activities/a_01m3qdp506e8fra68macvryzs3,2026-10-05 14:39,General,,98,2026-09-29 16:28
a_01m3qdp506e8fra68macvryzs3,2026-09-29,MAINE CONSERVATION VOTERS ACTION FUND,Independent Expenditure,2850.00,Moxie Media,"LIT - Palmcards, signs, stickers, etc.",design and printing,Pamela Hart,Support,950.00,Representative District 90,Representative,90,Democratic,https://www.mainecampaignfinancedisclosure.com/public/activities/a_01m3qdp506e8fra68macvryzs3,2026-10-05 14:39,General,,90,2026-09-29 16:28
a_01m3qbfg6kef8tvpn111qpr4kt,2026-09-29,MAINE CONSERVATION VOTERS ACTION FUND,Independent Expenditure,53333.33,The New Media Firm,TVN - TV ads and production,OTT/CTV ads and production,Hannah Pingree,Support,53333.33,Governor,Governor,-,Democratic,https://www.mainecampaignfinancedisclosure.com/public/activities/a_01m3qbfg6kef8tvpn111qpr4kt,2026-10-05 14:39,General,,,2026-09-29 15:50
a_01m3qbdhd6f2dt5a0bzmcyv5j3,2026-09-29,MAINE CONSERVATION VOTERS ACTION FUND,Independent Expenditure,46666.67,The New Media Firm,"ONL - Social media, online ads","digital ad placements, production",Hannah Pingree,Support,46666.67,Governor,Governor,-,Democratic,https://www.mainecampaignfinancedisclosure.com/public/activities/a_01m3qbdhd6f2dt5a0bzmcyv5j3,2026-10-05 14:39,General,,,2026-09-29 15:49
a_01m3q6y3hkfe0anz1cjz0y94p0,2026-09-28,Pine Tree State Prosperity,Independent Expenditure,234209.00,Great American Media,TVN - TV ads and production,TV Media Buy,Robert B. Charles,Oppose,234209.00,Governor,Governor,-,Republican,https://www.mainecampaignfinancedisclosure.com/public/activities/a_01m3q6y3hkfe0anz1cjz0y94p0,2026-10-05 14:41,General,,,2026-09-29 14:30
a_01m3q6tchpf9ta8zvj87y6g2a8,2026-09-28,Pine Tree State Prosperity,Independent Expenditure,64500.00,Great American Media,TVN - TV ads and production,TV Media Buy,Robert B. Charles,Oppose,64500.00,Governor,Governor,-,Republican,https://www.mainecampaignfinancedisclosure.com/public/activities/a_01m3q6tchpf9ta8zvj87y6g2a8,2026-10-05 14:41,General,,,2026-09-29 14:28
a_01m3q6r799e9796qw8r6mt3fb7,2026-09-28,Pine Tree State Prosperity,Independent Expenditure,5258.00,Great American Media,TVN - TV ads and production,Consulting Services,Robert B. Charles,Oppose,5258.00,Governor,Governor,-,Republican,https://www.mainecampaignfinancedisclosure.com/public/activities/a_01m3q6r799e9796qw8r6mt3fb7,2026-10-05 14:41,General,,,2026-09-29 14:27
a_01m3q4vs95e3aan2nc0dtpz818,2026-09-28,Bangor Republican Committee,Independent Expenditure,1062.58,Snowman Printing,"LIT - Palmcards, signs, stickers, etc.",Mailer,Brian Ames,Support,1062.58,Representative District 23,Representative,23,Republican,https://www.mainecampaignfinancedisclosure.com/public/activities/a_01m3q4vs95e3aan2nc0dtpz818,2026-10-05 14:41,General,,23,2026-09-29 13:54
a_01m3q4s59teens9qt1snk4fh6b,2026-09-28,Bangor Republican Committee,Independent Expenditure,1036.08,Snowman Printing,"LIT - Palmcards, signs, stickers, etc.",Mailer,Frank Joseph Casella,Support,1036.08,Representative District 21,Representative,21,Republican,https://www.mainecampaignfinancedisclosure.com/public/activities/a_01m3q4s59teens9qt1snk4fh6b,2026-10-05 14:41,General,,21,2026-09-29 13:53
a_01m3q4mtewezarmn3kjmzek0sq,2026-09-28,Bangor Republican Committee,Independent Expenditure,623.33,USPS,"POS - Postage, mailbox fees",Postage for Mailer Bryan Ames USPS Nonprofit Auth from State GOP,Brian Ames,Support,623.33,Representative District 23,Representative,23,Republican,https://www.mainecampaignfinancedisclosure.com/public/activities/a_01m3q4mtewezarmn3kjmzek0sq,2026-10-05 14:41,General,,23,2026-09-29 13:50
a_01m3q4hbp8e4n9r5mcf2hjn5jw,2026-09-28,Bangor Republican Committee,Independent Expenditure,517.17,USPS,"POS - Postage, mailbox fees",Postage for Frank Casella mailer USPS Nonprofit Auth from the State GOP,Frank Joseph Casella,Support,517.17,Representative District 21,Representative,21,Republican,https://www.mainecampaignfinancedisclosure.com/public/activities/a_01m3q4hbp8e4n9r5mcf2hjn5jw,2026-10-05 14:41,General,,21,2026-09-29 13:48
a_01m3pz5exke0f8nk6xq3rmxfxw,2026-09-29,People Over Politics PAC,Independent Expenditure,9968.53,Spectrum Marketing Companies,"ONL - Social media, online ads",Marketing,Kelly Dearborn,Support,796.83,Representative District 108,Representative,108,Republican,https://www.mainecampaignfinancedisclosure.com/public/activities/a_01m3pz5exke0f8nk6xq3rmxfxw,2026-10-05 14:39,General,,108,2026-09-29 12:15
a_01m3pz5exke0f8nk6xq3rmxfxw,2026-09-29,People Over Politics PAC,Independent Expenditure,9968.53,Spectrum Marketing Companies,"ONL - Social media, online ads",Marketing,Domingo Torres,Support,684.35,Representative District 142,Representative,142,Republican,https://www.mainecampaignfinancedisclosure.com/public/activities/a_01m3pz5exke0f8nk6xq3rmxfxw,2026-10-05 14:39,General,,142,2026-09-29 12:15
a_01m3pz5exke0f8nk6xq3rmxfxw,2026-09-29,People Over Politics PAC,Independent Expenditure,9968.53,Spectrum Marketing Companies,"ONL - Social media, online ads",Marketing,Roger Albert,Support,651.91,Representative District 2,Representative,2,Republican,https://www.mainecampaignfinancedisclosure.com/public/activities/a_01m3pz5exke0f8nk6xq3rmxfxw,2026-10-05 14:39,General,,2,2026-09-29 12:15
a_01m3pz5exke0f8nk6xq3rmxfxw,2026-09-29,People Over Politics PAC,Independent Expenditure,9968.53,Spectrum Marketing Companies,"ONL - Social media, online ads",Marketing,PATRICK JUDE,Support,807.82,Representative District 20,Representative,20,Republican,https://www.mainecampaignfinancedisclosure.com/public/activities/a_01m3pz5exke0f8nk6xq3rmxfxw,2026-10-05 14:39,General,,20,2026-09-29 12:15
a_01m3pz5exke0f8nk6xq3rmxfxw,2026-09-29,People Over Politics PAC,Independent Expenditure,9968.53,Spectrum Marketing Companies,"ONL - Social media, online ads",Marketing,Chester B. Grover III,Support,974.72,Representative District 47,Representative,47,Republican,https://www.mainecampaignfinancedisclosure.com/public/activities/a_01m3pz5exke0f8nk6xq3rmxfxw,2026-10-05 14:39,General,,47,2026-09-29 12:15
a_01m3pz5exke0f8nk6xq3rmxfxw,2026-09-29,People Over Politics PAC,Independent Expenditure,9968.53,Spectrum Marketing Companies,"ONL - Social media, online ads",Marketing,David Wayne Guilmette,Support,907.23,Representative District 52,Representative,52,Republican,https://www.mainecampaignfinancedisclosure.com/public/activities/a_01m3pz5exke0f8nk6xq3rmxfxw,2026-10-05 14:39,General,,52,2026-09-29 12:15
a_01m3pz5exke0f8nk6xq3rmxfxw,2026-09-29,People Over Politics PAC,Independent Expenditure,9968.53,Spectrum Marketing Companies,"ONL - Social media, online ads",Marketing,"Charles Hippler, IV",Support,897.81,Representative District 55,Representative,55,Republican,https://www.mainecampaignfinancedisclosure.com/public/activities/a_01m3pz5exke0f8nk6xq3rmxfxw,2026-10-05 14:39,General,,55,2026-09-29 12:15
a_01m3pz5exke0f8nk6xq3rmxfxw,2026-09-29,People Over Politics PAC,Independent Expenditure,9968.53,Spectrum Marketing Companies,"ONL - Social media, online ads",Marketing,Dexter 'Buzz' Bridges,Support,1033.84,Representative District 58,Representative,58,Republican,https://www.mainecampaignfinancedisclosure.com/public/activities/a_01m3pz5exke0f8nk6xq3rmxfxw,2026-10-05 14:39,General,,58,2026-09-29 12:15
a_01m3pz5exke0f8nk6xq3rmxfxw,2026-09-29,People Over Politics PAC,Independent Expenditure,9968.53,Spectrum Marketing Companies,"ONL - Social media, online ads",Marketing,John Reny,Support,770.67,Representative District 59,Representative,59,Republican,https://www.mainecampaignfinancedisclosure.com/public/activities/a_01m3pz5exke0f8nk6xq3rmxfxw,2026-10-05 14:39,General,,59,2026-09-29 12:15
a_01m3pz5exke0f8nk6xq3rmxfxw,2026-09-29,People Over Politics PAC,Independent Expenditure,9968.53,Spectrum Marketing Companies,"ONL - Social media, online ads",Marketing,Randall Douglas Gauvin,Support,694.29,Representative District 75,Representative,75,Republican,https://www.mainecampaignfinancedisclosure.com/public/activities/a_01m3pz5exke0f8nk6xq3rmxfxw,2026-10-05 14:39,General,,75,2026-09-29 12:15
a_01m3pz5exke0f8nk6xq3rmxfxw,2026-09-29,People Over Politics PAC,Independent Expenditure,9968.53,Spectrum Marketing Companies,"ONL - Social media, online ads",Marketing,Kerryl Lee Clement,Support,769.63,Representative District 96,Representative,96,Republican,https://www.mainecampaignfinancedisclosure.com/public/activities/a_01m3pz5exke0f8nk6xq3rmxfxw,2026-10-05 14:39,General,,96,2026-09-29 12:15
a_01m3pz5exke0f8nk6xq3rmxfxw,2026-09-29,People Over Politics PAC,Independent Expenditure,9968.53,Spectrum Marketing Companies,"ONL - Social media, online ads",Marketing,William J. St. Michel,Support,979.43,Representative District 98,Representative,98,Republican,https://www.mainecampaignfinancedisclosure.com/public/activities/a_01m3pz5exke0f8nk6xq3rmxfxw,2026-10-05 14:39,General,,98,2026-09-29 12:15
a_01m3pt5yd3fg7vzqqpyh1811r6,2026-09-30,PLANNED PARENTHOOD MAINE ACTION FUND PAC,Independent Expenditure,63668.50,Moxie Media,MHS - Direct mail (all costs included),Mail pieces,Kayla Miller,Support,685.82,Representative District 38,Representative,38,Democratic,https://www.mainecampaignfinancedisclosure.com/public/activities/a_01m3pt5yd3fg7vzqqpyh1811r6,2026-10-05 14:39,General,,38,2026-09-29 10:47
a_01m3pt5yd3fg7vzqqpyh1811r6,2026-09-30,PLANNED PARENTHOOD MAINE ACTION FUND PAC,Independent Expenditure,63668.50,Moxie Media,MHS - Direct mail (all costs included),Mail pieces,Benjamin Hymes,Oppose,685.82,Representative District 38,Representative,38,Republican,https://www.mainecampaignfinancedisclosure.com/public/activities/a_01m3pt5yd3fg7vzqqpyh1811r6,2026-10-05 14:39,General,,38,2026-09-29 10:47
a_01m3pt5yd3fg7vzqqpyh1811r6,2026-09-30,PLANNED PARENTHOOD MAINE ACTION FUND PAC,Independent Expenditure,63668.50,Moxie Media,MHS - Direct mail (all costs included),Mail pieces,Rhiannon Hampson,Support,882.78,Representative District 43,Representative,43,Democratic,https://www.mainecampaignfinancedisclosure.com/public/activities/a_01m3pt5yd3fg7vzqqpyh1811r6,2026-10-05 14:39,General,,43,2026-09-29 10:47
a_01m3pt5yd3fg7vzqqpyh1811r6,2026-09-30,PLANNED PARENTHOOD MAINE ACTION FUND PAC,Independent Expenditure,63668.50,Moxie Media,MHS - Direct mail (all costs included),Mail pieces,Chris P Austin,Oppose,882.77,Representative District 43,Representative,43,Republican,https://www.mainecampaignfinancedisclosure.com/public/activities/a_01m3pt5yd3fg7vzqqpyh1811r6,2026-10-05 14:39,General,,43,2026-09-29 10:47
a_01m3pt5yd3fg7vzqqpyh1811r6,2026-09-30,PLANNED PARENTHOOD MAINE ACTION FUND PAC,Independent Expenditure,63668.50,Moxie Media,MHS - Direct mail (all costs included),Mail pieces,Shawn Saindon,Support,633.97,Representative District 44,Representative,44,Unenrolled,https://www.mainecampaignfinancedisclosure.com/public/activities/a_01m3pt5yd3fg7vzqqpyh1811r6,2026-10-05 14:39,General,,44,2026-09-29 10:47
a_01m3pt5yd3fg7vzqqpyh1811r6,2026-09-30,PLANNED PARENTHOOD MAINE ACTION FUND PAC,Independent Expenditure,63668.50,Moxie Media,MHS - Direct mail (all costs included),Mail pieces,Ray Thombs,Oppose,633.97,Representative District 44,Representative,44,Republican,https://www.mainecampaignfinancedisclosure.com/public/activities/a_01m3pt5yd3fg7vzqqpyh1811r6,2026-10-05 14:39,General,,44,2026-09-29 10:47
a_01m3pt5yd3fg7vzqqpyh1811r6,2026-09-30,PLANNED PARENTHOOD MAINE ACTION FUND PAC,Independent Expenditure,63668.50,Moxie Media,MHS - Direct mail (all costs included),Mail pieces,Wayne K. Farrin,Support,782.15,Representative District 47,Representative,47,Democratic,https://www.mainecampaignfinancedisclosure.com/public/activities/a_01m3pt5yd3fg7vzqqpyh1811r6,2026-10-05 14:39,General,,47,2026-09-29 10:47
a_01m3pt5yd3fg7vzqqpyh1811r6,2026-09-30,PLANNED PARENTHOOD MAINE ACTION FUND PAC,Independent Expenditure,63668.50,Moxie Media,MHS - Direct mail (all costs included),Mail pieces,Chester B. Grover III,Oppose,782.14,Representative District 47,Representative,47,Republican,https://www.mainecampaignfinancedisclosure.com/public/activities/a_01m3pt5yd3fg7vzqqpyh1811r6,2026-10-05 14:39,General,,47,2026-09-29 10:47
a_01m3pt5yd3fg7vzqqpyh1811r6,2026-09-30,PLANNED PARENTHOOD MAINE ACTION FUND PAC,Independent Expenditure,63668.50,Moxie Media,MHS - Direct mail (all costs included),Mail pieces,Trent Vellella,Support,897.75,Representative District 49,Representative,49,Democratic,https://www.mainecampaignfinancedisclosure.com/public/activities/a_01m3pt5yd3fg7vzqqpyh1811r6,2026-10-05 14:39,General,,49,2026-09-29 10:47
a_01m3pt5yd3fg7vzqqpyh1811r6,2026-09-30,PLANNED PARENTHOOD MAINE ACTION FUND PAC,Independent Expenditure,63668.50,Moxie Media,MHS - Direct mail (all costs included),Mail pieces,Suzanne R. Andresen,Oppose,897.75,Representative District 49,Representative,49,Republican,https://www.mainecampaignfinancedisclosure.com/public/activities/a_01m3pt5yd3fg7vzqqpyh1811r6,2026-10-05 14:39,General,,49,2026-09-29 10:47
a_01m3pt5yd3fg7vzqqpyh1811r6,2026-09-30,PLANNED PARENTHOOD MAINE ACTION FUND PAC,Independent Expenditure,63668.50,Moxie Media,MHS - Direct mail (all costs included),Mail pieces,Sally Cluchey,Support,719.35,Representative District 52,Representative,52,Democratic,https://www.mainecampaignfinancedisclosure.com/public/activities/a_01m3pt5yd3fg7vzqqpyh1811r6,2026-10-05 14:39,General,,52,2026-09-29 10:47
a_01m3pt5yd3fg7vzqqpyh1811r6,2026-09-30,PLANNED PARENTHOOD MAINE ACTION FUND PAC,Independent Expenditure,63668.50,Moxie Media,MHS - Direct mail (all costs included),Mail pieces,David Wayne Guilmette,Oppose,719.34,Representative District 52,Representative,52,Republican,https://www.mainecampaignfinancedisclosure.com/public/activities/a_01m3pt5yd3fg7vzqqpyh1811r6,2026-10-05 14:39,General,,52,2026-09-29 10:47
a_01m3pt5yd3fg7vzqqpyh1811r6,2026-09-30,PLANNED PARENTHOOD MAINE ACTION FUND PAC,Independent Expenditure,63668.50,Moxie Media,MHS - Direct mail (all costs included),Mail pieces,Maureen AuCoin,Support,758.12,Representative District 55,Representative,55,Democratic,https://www.mainecampaignfinancedisclosure.com/public/activities/a_01m3pt5yd3fg7vzqqpyh1811r6,2026-10-05 14:39,General,,55,2026-09-29 10:47
a_01m3pt5yd3fg7vzqqpyh1811r6,2026-09-30,PLANNED PARENTHOOD MAINE ACTION FUND PAC,Independent Expenditure,63668.50,Moxie Media,MHS - Direct mail (all costs included),Mail pieces,"Charles Hippler, IV",Oppose,758.12,Representative District 55,Representative,55,Republican,https://www.mainecampaignfinancedisclosure.com/public/activities/a_01m3pt5yd3fg7vzqqpyh1811r6,2026-10-05 14:39,General,,55,2026-09-29 10:47
a_01m3pt5yd3fg7vzqqpyh1811r6,2026-09-30,PLANNED PARENTHOOD MAINE ACTION FUND PAC,Independent Expenditure,63668.50,Moxie Media,MHS - Direct mail (all costs included),Mail pieces,Sharon C. Frost,Support,754.10,Representative District 58,Representative,58,Unenrolled,https://www.mainecampaignfinancedisclosure.com/public/activities/a_01m3pt5yd3fg7vzqqpyh1811r6,2026-10-05 14:39,General,,58,2026-09-29 10:47
a_01m3pt5yd3fg7vzqqpyh1811r6,2026-09-30,PLANNED PARENTHOOD MAINE ACTION FUND PAC,Independent Expenditure,63668.50,Moxie Media,MHS - Direct mail (all costs included),Mail pieces,Dexter 'Buzz' Bridges,Oppose,754.09,Representative District 58,Representative,58,Republican,https://www.mainecampaignfinancedisclosure.com/public/activities/a_01m3pt5yd3fg7vzqqpyh1811r6,2026-10-05 14:39,General,,58,2026-09-29 10:47
a_01m3pt5yd3fg7vzqqpyh1811r6,2026-09-30,PLANNED PARENTHOOD MAINE ACTION FUND PAC,Independent Expenditure,63668.50,Moxie Media,MHS - Direct mail (all costs included),Mail pieces,Katrina Couch Ray-Saulis,Support,790.25,Representative District 59,Representative,59,Democratic,https://www.mainecampaignfinancedisclosure.com/public/activities/a_01m3pt5yd3fg7vzqqpyh1811r6,2026-10-05 14:39,General,,59,2026-09-29 10:47
a_01m3pt5yd3fg7vzqqpyh1811r6,2026-09-30,PLANNED PARENTHOOD MAINE ACTION FUND PAC,Independent Expenditure,63668.50,Moxie Media,MHS - Direct mail (all costs included),Mail pieces,John Reny,Oppose,790.24,Representative District 59,Representative,59,Republican,https://www.mainecampaignfinancedisclosure.com/public/activities/a_01m3pt5yd3fg7vzqqpyh1811r6,2026-10-05 14:39,General,,59,2026-09-29 10:47
a_01m3pt5yd3fg7vzqqpyh1811r6,2026-09-30,PLANNED PARENTHOOD MAINE ACTION FUND PAC,Independent Expenditure,63668.50,Moxie Media,MHS - Direct mail (all costs included),Mail pieces,Matthew Channing Townsend,Support,572.35,Representative District 67,Representative,67,Democratic,https://www.mainecampaignfinancedisclosure.com/public/activities/a_01m3pt5yd3fg7vzqqpyh1811r6,2026-10-05 14:39,General,,67,2026-09-29 10:47
a_01m3pt5yd3fg7vzqqpyh1811r6,2026-09-30,PLANNED PARENTHOOD MAINE ACTION FUND PAC,Independent Expenditure,63668.50,Moxie Media,MHS - Direct mail (all costs included),Mail pieces,Shawn M. Dixon,Oppose,572.34,Representative District 67,Representative,67,Republican,https://www.mainecampaignfinancedisclosure.com/public/activities/a_01m3pt5yd3fg7vzqqpyh1811r6,2026-10-05 14:39,General,,67,2026-09-29 10:47
a_01m3pt5yd3fg7vzqqpyh1811r6,2026-09-30,PLANNED PARENTHOOD MAINE ACTION FUND PAC,Independent Expenditure,63668.50,Moxie Media,MHS - Direct mail (all costs included),Mail pieces,H. Scott Landry,Support,779.07,Representative District 75,Representative,75,Democratic,https://www.mainecampaignfinancedisclosure.com/public/activities/a_01m3pt5yd3fg7vzqqpyh1811r6,2026-10-05 14:39,General,,75,2026-09-29 10:47
a_01m3pt5yd3fg7vzqqpyh1811r6,2026-09-30,PLANNED PARENTHOOD MAINE ACTION FUND PAC,Independent Expenditure,63668.50,Moxie Media,MHS - Direct mail (all costs included),Mail pieces,Randall Douglas Gauvin,Oppose,779.07,Representative District 75,Representative,75,Republican,https://www.mainecampaignfinancedisclosure.com/public/activities/a_01m3pt5yd3fg7vzqqpyh1811r6,2026-10-05 14:39,General,,75,2026-09-29 10:47
a_01m3pt5yd3fg7vzqqpyh1811r6,2026-09-30,PLANNED PARENTHOOD MAINE ACTION FUND PAC,Independent Expenditure,63668.50,Moxie Media,MHS - Direct mail (all costs included),Mail pieces,Trevor Alex Doiron,Support,657.05,Representative District 76,Representative,76,Democratic,https://www.mainecampaignfinancedisclosure.com/public/activities/a_01m3pt5yd3fg7vzqqpyh1811r6,2026-10-05 14:39,General,,76,2026-09-29 10:47
a_01m3pt5yd3fg7vzqqpyh1811r6,2026-09-30,PLANNED PARENTHOOD MAINE ACTION FUND PAC,Independent Expenditure,63668.50,Moxie Media,MHS - Direct mail (all costs included),Mail pieces,Sheila Lyman,Oppose,657.04,Representative District 76,Representative,76,Republican,https://www.mainecampaignfinancedisclosure.com/public/activities/a_01m3pt5yd3fg7vzqqpyh1811r6,2026-10-05 14:39,General,,76,2026-09-29 10:47
a_01m3pt5yd3fg7vzqqpyh1811r6,2026-09-30,PLANNED PARENTHOOD MAINE ACTION FUND PAC,Independent Expenditure,63668.50,Moxie Media,MHS - Direct mail (all costs included),Mail pieces,Woodleigh H Hughes,Support,733.15,Representative District 78,Representative,78,Democratic,https://www.mainecampaignfinancedisclosure.com/public/activities/a_01m3pt5yd3fg7vzqqpyh1811r6,2026-10-05 14:39,General,,78,2026-09-29 10:47
a_01m3pt5yd3fg7vzqqpyh1811r6,2026-09-30,PLANNED PARENTHOOD MAINE ACTION FUND PAC,Independent Expenditure,63668.50,Moxie Media,MHS - Direct mail (all costs included),Mail pieces,Rachel A. Henderson,Oppose,733.14,Representative District 78,Representative,78,Republican,https://www.mainecampaignfinancedisclosure.com/public/activities/a_01m3pt5yd3fg7vzqqpyh1811r6,2026-10-05 14:39,General,,78,2026-09-29 10:47
a_01m3pt5yd3fg7vzqqpyh1811r6,2026-09-30,PLANNED PARENTHOOD MAINE ACTION FUND PAC,Independent Expenditure,63668.50,Moxie Media,MHS - Direct mail (all costs included),Mail pieces,Christopher Easton,Support,767.40,Representative District 81,Representative,81,Democratic,https://www.mainecampaignfinancedisclosure.com/public/activities/a_01m3pt5yd3fg7vzqqpyh1811r6,2026-10-05 14:39,General,,81,2026-09-29 10:47
a_01m3pt5yd3fg7vzqqpyh1811r6,2026-09-30,PLANNED PARENTHOOD MAINE ACTION FUND PAC,Independent Expenditure,63668.50,Moxie Media,MHS - Direct mail (all costs included),Mail pieces,Peter Wood,Oppose,767.39,Representative District 81,Representative,81,Republican,https://www.mainecampaignfinancedisclosure.com/public/activities/a_01m3pt5yd3fg7vzqqpyh1811r6,2026-10-05 14:39,General,,81,2026-09-29 10:47
a_01m3pt5yd3fg7vzqqpyh1811r6,2026-09-30,PLANNED PARENTHOOD MAINE ACTION FUND PAC,Independent Expenditure,63668.50,Moxie Media,MHS - Direct mail (all costs included),Mail pieces,Christopher Alfred Lewey,Support,806.90,Representative District 82,Representative,82,Democratic,https://www.mainecampaignfinancedisclosure.com/public/activities/a_01m3pt5yd3fg7vzqqpyh1811r6,2026-10-05 14:39,General,,82,2026-09-29 10:47
a_01m3pt5yd3fg7vzqqpyh1811r6,2026-09-30,PLANNED PARENTHOOD MAINE ACTION FUND PAC,Independent Expenditure,63668.50,Moxie Media,MHS - Direct mail (all costs included),Mail pieces,Caleb Joshua NESS,Oppose,806.89,Representative District 82,Representative,82,Republican,https://www.mainecampaignfinancedisclosure.com/public/activities/a_01m3pt5yd3fg7vzqqpyh1811r6,2026-10-05 14:39,General,,82,2026-09-29 10:47
a_01m3pt5yd3fg7vzqqpyh1811r6,2026-09-30,PLANNED PARENTHOOD MAINE ACTION FUND PAC,Independent Expenditure,63668.50,Moxie Media,MHS - Direct mail (all costs included),Mail pieces,Paul Welch,Support,828.08,Representative District 85,Representative,85,Democratic,https://www.mainecampaignfinancedisclosure.com/public/activities/a_01m3pt5yd3fg7vzqqpyh1811r6,2026-10-05 14:39,General,,85,2026-09-29 10:47
a_01m3pt5yd3fg7vzqqpyh1811r6,2026-09-30,PLANNED PARENTHOOD MAINE ACTION FUND PAC,Independent Expenditure,63668.50,Moxie Media,MHS - Direct mail (all costs included),Mail pieces,Adrienne Paul,Oppose,828.07,Representative District 85,Representative,85,Republican,https://www.mainecampaignfinancedisclosure.com/public/activities/a_01m3pt5yd3fg7vzqqpyh1811r6,2026-10-05 14:39,General,,85,2026-09-29 10:47
a_01m3pt5yd3fg7vzqqpyh1811r6,2026-09-30,PLANNED PARENTHOOD MAINE ACTION FUND PAC,Independent Expenditure,63668.50,Moxie Media,MHS - Direct mail (all costs included),Mail pieces,Abigail Geer,Support,907.98,Representative District 86,Representative,86,Democratic,https://www.mainecampaignfinancedisclosure.com/public/activities/a_01m3pt5yd3fg7vzqqpyh1811r6,2026-10-05 14:39,General,,86,2026-09-29 10:47
a_01m3pt5yd3fg7vzqqpyh1811r6,2026-09-30,PLANNED PARENTHOOD MAINE ACTION FUND PAC,Independent Expenditure,63668.50,Moxie Media,MHS - Direct mail (all costs included),Mail pieces,Rolf Arthur Olsen Jr.,Oppose,907.97,Representative District 86,Representative,86,Republican,https://www.mainecampaignfinancedisclosure.com/public/activities/a_01m3pt5yd3fg7vzqqpyh1811r6,2026-10-05 14:39,General,,86,2026-09-29 10:47
a_01m3pt5yd3fg7vzqqpyh1811r6,2026-09-30,PLANNED PARENTHOOD MAINE ACTION FUND PAC,Independent Expenditure,63668.50,Moxie Media,MHS - Direct mail (all costs included),Mail pieces,Dana Staples,Support,672.02,Representative District 88,Representative,88,Democratic,https://www.mainecampaignfinancedisclosure.com/public/activities/a_01m3pt5yd3fg7vzqqpyh1811r6,2026-10-05 14:39,General,,88,2026-09-29 10:47
a_01m3pt5yd3fg7vzqqpyh1811r6,2026-09-30,PLANNED PARENTHOOD MAINE ACTION FUND PAC,Independent Expenditure,63668.50,Moxie Media,MHS - Direct mail (all costs included),Mail pieces,Quentin Chapman,Oppose,672.02,Representative District 88,Representative,88,Republican,https://www.mainecampaignfinancedisclosure.com/public/activities/a_01m3pt5yd3fg7vzqqpyh1811r6,2026-10-05 14:39,General,,88,2026-09-29 10:47
a_01m3pt5yd3fg7vzqqpyh1811r6,2026-09-30,PLANNED PARENTHOOD MAINE ACTION FUND PAC,Independent Expenditure,63668.50,Moxie Media,MHS - Direct mail (all costs included),Mail pieces,Pamela Hart,Support,672.75,Representative District 90,Representative,90,Democratic,https://www.mainecampaignfinancedisclosure.com/public/activities/a_01m3pt5yd3fg7vzqqpyh1811r6,2026-10-05 14:39,General,,90,2026-09-29 10:47
a_01m3pt5yd3fg7vzqqpyh1811r6,2026-09-30,PLANNED PARENTHOOD MAINE ACTION FUND PAC,Independent Expenditure,63668.50,Moxie Media,MHS - Direct mail (all costs included),Mail pieces,James Sorcek,Oppose,672.74,Representative District 90,Representative,90,Republican,https://www.mainecampaignfinancedisclosure.com/public/activities/a_01m3pt5yd3fg7vzqqpyh1811r6,2026-10-05 14:39,General,,90,2026-09-29 10:47
a_01m3pt5yd3fg7vzqqpyh1811r6,2026-09-30,PLANNED PARENTHOOD MAINE ACTION FUND PAC,Independent Expenditure,63668.50,Moxie Media,MHS - Direct mail (all costs included),Mail pieces,Scott A. Harriman,Support,693.20,Representative District 94,Representative,94,Democratic,https://www.mainecampaignfinancedisclosure.com/public/activities/a_01m3pt5yd3fg7vzqqpyh1811r6,2026-10-05 14:39,General,,94,2026-09-29 10:47
a_01m3pt5yd3fg7vzqqpyh1811r6,2026-09-30,PLANNED PARENTHOOD MAINE ACTION FUND PAC,Independent Expenditure,63668.50,Moxie Media,MHS - Direct mail (all costs included),Mail pieces,Janet Inger Beaudoin,Oppose,693.19,Representative District 94,Representative,94,Republican,https://www.mainecampaignfinancedisclosure.com/public/activities/a_01m3pt5yd3fg7vzqqpyh1811r6,2026-10-05 14:39,General,,94,2026-09-29 10:47
a_01m3pt5yd3fg7vzqqpyh1811r6,2026-09-30,PLANNED PARENTHOOD MAINE ACTION FUND PAC,Independent Expenditure,63668.50,Moxie Media,MHS - Direct mail (all costs included),Mail pieces,Luke Dylan Jensen,Support,657.05,Representative District 96,Representative,96,Democratic,https://www.mainecampaignfinancedisclosure.com/public/activities/a_01m3pt5yd3fg7vzqqpyh1811r6,2026-10-05 14:39,General,,96,2026-09-29 10:47
a_01m3pt5yd3fg7vzqqpyh1811r6,2026-09-30,PLANNED PARENTHOOD MAINE ACTION FUND PAC,Independent Expenditure,63668.50,Moxie Media,MHS - Direct mail (all costs included),Mail pieces,Kerryl Lee Clement,Oppose,657.04,Representative District 96,Representative,96,Republican,https://www.mainecampaignfinancedisclosure.com/public/activities/a_01m3pt5yd3fg7vzqqpyh1811r6,2026-10-05 14:39,General,,96,2026-09-29 10:47
a_01m3pt5yd3fg7vzqqpyh1811r6,2026-09-30,PLANNED PARENTHOOD MAINE ACTION FUND PAC,Independent Expenditure,63668.50,Moxie Media,MHS - Direct mail (all costs included),Mail pieces,Kilton McCarthy Webb,Support,830.20,Representative District 98,Representative,98,Democratic,https://www.mainecampaignfinancedisclosure.com/public/activities/a_01m3pt5yd3fg7vzqqpyh1811r6,2026-10-05 14:39,General,,98,2026-09-29 10:47
a_01m3pt5yd3fg7vzqqpyh1811r6,2026-09-30,PLANNED PARENTHOOD MAINE ACTION FUND PAC,Independent Expenditure,63668.50,Moxie Media,MHS - Direct mail (all costs included),Mail pieces,William J. St. Michel,Oppose,830.20,Representative District 98,Representative,98,Republican,https://www.mainecampaignfinancedisclosure.com/public/activities/a_01m3pt5yd3fg7vzqqpyh1811r6,2026-10-05 14:39,General,,98,2026-09-29 10:47
a_01m3pt5yd3fg7vzqqpyh1811r6,2026-09-30,PLANNED PARENTHOOD MAINE ACTION FUND PAC,Independent Expenditure,63668.50,Moxie Media,MHS - Direct mail (all costs included),Mail pieces,Bradley Youngs,Support,889.20,Representative District 106,Representative,106,Democratic,https://www.mainecampaignfinancedisclosure.com/public/activities/a_01m3pt5yd3fg7vzqqpyh1811r6,2026-10-05 14:39,General,,106,2026-09-29 10:47
a_01m3pt5yd3fg7vzqqpyh1811r6,2026-09-30,PLANNED PARENTHOOD MAINE ACTION FUND PAC,Independent Expenditure,63668.50,Moxie Media,MHS - Direct mail (all costs included),Mail pieces,Barbara Anne Bagshaw,Oppose,889.20,Representative District 106,Representative,106,Republican,https://www.mainecampaignfinancedisclosure.com/public/activities/a_01m3pt5yd3fg7vzqqpyh1811r6,2026-10-05 14:39,General,,106,2026-09-29 10:47
a_01m3pt5yd3fg7vzqqpyh1811r6,2026-09-30,PLANNED PARENTHOOD MAINE ACTION FUND PAC,Independent Expenditure,63668.50,Moxie Media,MHS - Direct mail (all costs included),Mail pieces,Joseph Campbell,Support,856.13,Representative District 107,Representative,107,Democratic,https://www.mainecampaignfinancedisclosure.com/public/activities/a_01m3pt5yd3fg7vzqqpyh1811r6,2026-10-05 14:39,General,,107,2026-09-29 10:47
a_01m3pt5yd3fg7vzqqpyh1811r6,2026-09-30,PLANNED PARENTHOOD MAINE ACTION FUND PAC,Independent Expenditure,63668.50,Moxie Media,MHS - Direct mail (all costs included),Mail pieces,Mark C. Cooper,Oppose,856.12,Representative District 107,Representative,107,Republican,https://www.mainecampaignfinancedisclosure.com/public/activities/a_01m3pt5yd3fg7vzqqpyh1811r6,2026-10-05 14:39,General,,107,2026-09-29 10:47
a_01m3pt5yd3fg7vzqqpyh1811r6,2026-09-30,PLANNED PARENTHOOD MAINE ACTION FUND PAC,Independent Expenditure,63668.50,Moxie Media,MHS - Direct mail (all costs included),Mail pieces,Charles Edward Tilburg,Support,828.30,Representative District 137,Representative,137,Democratic,https://www.mainecampaignfinancedisclosure.com/public/activities/a_01m3pt5yd3fg7vzqqpyh1811r6,2026-10-05 14:39,General,,137,2026-09-29 10:47
a_01m3pt5yd3fg7vzqqpyh1811r6,2026-09-30,PLANNED PARENTHOOD MAINE ACTION FUND PAC,Independent Expenditure,63668.50,Moxie Media,MHS - Direct mail (all costs included),Mail pieces,Nathan M. Carlow,Oppose,828.29,Representative District 137,Representative,137,Republican,https://www.mainecampaignfinancedisclosure.com/public/activities/a_01m3pt5yd3fg7vzqqpyh1811r6,2026-10-05 14:39,General,,137,2026-09-29 10:47
a_01m3pt5yd3fg7vzqqpyh1811r6,2026-09-30,PLANNED PARENTHOOD MAINE ACTION FUND PAC,Independent Expenditure,63668.50,Moxie Media,MHS - Direct mail (all costs included),Mail pieces,Kirstan Watson,Support,843.78,Representative District 140,Representative,140,Democratic,https://www.mainecampaignfinancedisclosure.com/public/activities/a_01m3pt5yd3fg7vzqqpyh1811r6,2026-10-05 14:39,General,,140,2026-09-29 10:47
a_01m3pt5yd3fg7vzqqpyh1811r6,2026-09-30,PLANNED PARENTHOOD MAINE ACTION FUND PAC,Independent Expenditure,63668.50,Moxie Media,MHS - Direct mail (all costs included),Mail pieces,Wayne Parry,Oppose,843.77,Representative District 140,Representative,140,Republican,https://www.mainecampaignfinancedisclosure.com/public/activities/a_01m3pt5yd3fg7vzqqpyh1811r6,2026-10-05 14:39,General,,140,2026-09-29 10:47
a_01m3pt5yd3fg7vzqqpyh1811r6,2026-09-30,PLANNED PARENTHOOD MAINE ACTION FUND PAC,Independent Expenditure,63668.50,Moxie Media,MHS - Direct mail (all costs included),Mail pieces,Ayn Hanselmann,Support,746.72,Representative District 142,Representative,142,Democratic,https://www.mainecampaignfinancedisclosure.com/public/activities/a_01m3pt5yd3fg7vzqqpyh1811r6,2026-10-05 14:39,General,,142,2026-09-29 10:47
a_01m3pt5yd3fg7vzqqpyh1811r6,2026-09-30,PLANNED PARENTHOOD MAINE ACTION FUND PAC,Independent Expenditure,63668.50,Moxie Media,MHS - Direct mail (all costs included),Mail pieces,Domingo Torres,Oppose,746.72,Representative District 142,Representative,142,Republican,https://www.mainecampaignfinancedisclosure.com/public/activities/a_01m3pt5yd3fg7vzqqpyh1811r6,2026-10-05 14:39,General,,142,2026-09-29 10:47
a_01m3pt5yd3fg7vzqqpyh1811r6,2026-09-30,PLANNED PARENTHOOD MAINE ACTION FUND PAC,Independent Expenditure,63668.50,Moxie Media,MHS - Direct mail (all costs included),Mail pieces,John Robert Henkelman III,Support,752.42,Representative District 143,Representative,143,Democratic,https://www.mainecampaignfinancedisclosure.com/public/activities/a_01m3pt5yd3fg7vzqqpyh1811r6,2026-10-05 14:39,General,,143,2026-09-29 10:47
a_01m3pt5yd3fg7vzqqpyh1811r6,2026-09-30,PLANNED PARENTHOOD MAINE ACTION FUND PAC,Independent Expenditure,63668.50,Moxie Media,MHS - Direct mail (all costs included),Mail pieces,Melissa Simpson,Oppose,752.42,Representative District 143,Representative,143,Republican,https://www.mainecampaignfinancedisclosure.com/public/activities/a_01m3pt5yd3fg7vzqqpyh1811r6,2026-10-05 14:39,General,,143,2026-09-29 10:47
a_01m3pt5yd3fg7vzqqpyh1811r6,2026-09-30,PLANNED PARENTHOOD MAINE ACTION FUND PAC,Independent Expenditure,63668.50,Moxie Media,MHS - Direct mail (all costs included),Mail pieces,Kristin Tyra Davis,Support,1065.70,Representative District 145,Representative,145,Democratic,https://www.mainecampaignfinancedisclosure.com/public/activities/a_01m3pt5yd3fg7vzqqpyh1811r6,2026-10-05 14:39,General,,145,2026-09-29 10:47
a_01m3pt5yd3fg7vzqqpyh1811r6,2026-09-30,PLANNED PARENTHOOD MAINE ACTION FUND PAC,Independent Expenditure,63668.50,Moxie Media,MHS - Direct mail (all costs included),Mail pieces,Caleb Joseph Chase,Oppose,1065.70,Representative District 145,Representative,145,Republican,https://www.mainecampaignfinancedisclosure.com/public/activities/a_01m3pt5yd3fg7vzqqpyh1811r6,2026-10-05 14:39,General,,145,2026-09-29 10:47
a_01m3pt5yd3fg7vzqqpyh1811r6,2026-09-30,PLANNED PARENTHOOD MAINE ACTION FUND PAC,Independent Expenditure,63668.50,Moxie Media,MHS - Direct mail (all costs included),Mail pieces,Amanda Heath,Support,2873.23,Senator District 15,Senator,15,Democratic,https://www.mainecampaignfinancedisclosure.com/public/activities/a_01m3pt5yd3fg7vzqqpyh1811r6,2026-10-05 14:39,General,,15,2026-09-29 10:47
a_01m3pt5yd3fg7vzqqpyh1811r6,2026-09-30,PLANNED PARENTHOOD MAINE ACTION FUND PAC,Independent Expenditure,63668.50,Moxie Media,MHS - Direct mail (all costs included),Mail pieces,Kati L. McCormick,Oppose,2873.22,Senator District 15,Senator,15,Republican,https://www.mainecampaignfinancedisclosure.com/public/activities/a_01m3pt5yd3fg7vzqqpyh1811r6,2026-10-05 14:39,General,,15,2026-09-29 10:47
a_01m3pt5yd3fg7vzqqpyh1811r6,2026-09-30,PLANNED PARENTHOOD MAINE ACTION FUND PAC,Independent Expenditure,63668.50,Moxie Media,MHS - Direct mail (all costs included),Mail pieces,Patric Moore,Support,3199.80,Senator District 16,Senator,16,Democratic,https://www.mainecampaignfinancedisclosure.com/public/activities/a_01m3pt5yd3fg7vzqqpyh1811r6,2026-10-05 14:39,General,,16,2026-09-29 10:47
a_01m3pt5yd3fg7vzqqpyh1811r6,2026-09-30,PLANNED PARENTHOOD MAINE ACTION FUND PAC,Independent Expenditure,63668.50,Moxie Media,MHS - Direct mail (all costs included),Mail pieces,Scott W. Cyrway,Oppose,3199.80,Senator District 16,Senator,16,Republican,https://www.mainecampaignfinancedisclosure.com/public/activities/a_01m3pt5yd3fg7vzqqpyh1811r6,2026-10-05 14:39,General,,16,2026-09-29 10:47
a_01m3pt5yd3fg7vzqqpyh1811r6,2026-09-30,PLANNED PARENTHOOD MAINE ACTION FUND PAC,Independent Expenditure,63668.50,Moxie Media,MHS - Direct mail (all costs included),Mail pieces,Elizabeth D. Bosworth,Support,3297.58,Senator District 18,Senator,18,Democratic,https://www.mainecampaignfinancedisclosure.com/public/activities/a_01m3pt5yd3fg7vzqqpyh1811r6,2026-10-05 14:39,General,,18,2026-09-29 10:47
a_01m3pt5yd3fg7vzqqpyh1811r6,2026-09-30,PLANNED PARENTHOOD MAINE ACTION FUND PAC,Independent Expenditure,63668.50,Moxie Media,MHS - Direct mail (all costs included),Mail pieces,John Andrews,Oppose,3297.57,Senator District 18,Senator,18,Republican,https://www.mainecampaignfinancedisclosure.com/public/activities/a_01m3pt5yd3fg7vzqqpyh1811r6,2026-10-05 14:39,General,,18,2026-09-29 10:47
a_01m3prdywaf3g9ztyfqsf7c6jj,2026-09-28,Pine Tree State Prosperity,Independent Expenditure,21033.00,Ralston Lapp Guinn Media Group,TVN - TV ads and production,Consulting Services,Robert B. Charles,Oppose,21033.00,Governor,Governor,-,Republican,https://www.mainecampaignfinancedisclosure.com/public/activities/a_01m3prdywaf3g9ztyfqsf7c6jj,2026-10-05 14:40,General,,,2026-09-29 10:17
a_01m3nev3dhfm1tarqmf4wx8ee0,2026-09-26,MAINE DEMOCRATIC STATE COMMITTEE,Independent Expenditure,499464.00,The Strategy Group,MHS - Direct mail (all costs included),Mail Printing & Postage,Hannah Pingree,Support,499464.00,Governor,Governor,-,Democratic,https://www.mainecampaignfinancedisclosure.com/public/activities/a_01m3nev3dhfm1tarqmf4wx8ee0,2026-10-05 14:41,General,,,2026-09-28 22:10
a_01m3n620sfftet5q2t72746mmj,2026-09-28,Maine Senate Republicans,Independent Expenditure,27038.78,Letter Friend,MHS - Direct mail (all costs included),Mailing,Stephen Carey,Support,27038.78,Senator District 9,Senator,9,Unenrolled,https://www.mainecampaignfinancedisclosure.com/public/activities/a_01m3n620sfftet5q2t72746mmj,2026-10-05 14:40,General,,9,2026-09-28 19:37
a_01m3n283vxehr9gj1yqpvvv76j,2026-09-28,Maine Senate Republicans,Independent Expenditure,15548.87,Letter Friend,MHS - Direct mail (all costs included),Mailing,Ryan Christopher Otis,Support,15548.87,Senator District 11,Senator,11,Republican,https://www.mainecampaignfinancedisclosure.com/public/activities/a_01m3n283vxehr9gj1yqpvvv76j,2026-10-05 14:40,General,,11,2026-09-28 18:30
a_01m3mvhn00e7ere92yvq4k3cac,2026-09-26,MAINE DEMOCRATIC STATE COMMITTEE,Independent Expenditure,10033.50,Convergence Targeted Communication,MHS - Direct mail (all costs included),Mail Printing & Postage,Roland Daniel Martin,Support,494.73,Representative District 2,Representative,2,Democratic,https://www.mainecampaignfinancedisclosure.com/public/activities/a_01m3mvhn00e7ere92yvq4k3cac,2026-10-05 14:41,General,,2,2026-09-28 16:33
a_01m3mvhn00e7ere92yvq4k3cac,2026-09-26,MAINE DEMOCRATIC STATE COMMITTEE,Independent Expenditure,10033.50,Convergence Targeted Communication,MHS - Direct mail (all costs included),Mail Printing & Postage,Michael Hobart Cunningham II,Support,418.13,Representative District 13,Representative,13,Democratic,https://www.mainecampaignfinancedisclosure.com/public/activities/a_01m3mvhn00e7ere92yvq4k3cac,2026-10-05 14:41,General,,13,2026-09-28 16:33
a_01m3mvhn00e7ere92yvq4k3cac,2026-09-26,MAINE DEMOCRATIC STATE COMMITTEE,Independent Expenditure,10033.50,Convergence Targeted Communication,MHS - Direct mail (all costs included),Mail Printing & Postage,Ronald Russell,Support,425.90,Representative District 17,Representative,17,Democratic,https://www.mainecampaignfinancedisclosure.com/public/activities/a_01m3mvhn00e7ere92yvq4k3cac,2026-10-05 14:41,General,,17,2026-09-28 16:33
a_01m3mvhn00e7ere92yvq4k3cac,2026-09-26,MAINE DEMOCRATIC STATE COMMITTEE,Independent Expenditure,10033.50,Convergence Targeted Communication,MHS - Direct mail (all costs included),Mail Printing & Postage,Dani O'Halloran,Support,381.49,Representative District 20,Representative,20,Democratic,https://www.mainecampaignfinancedisclosure.com/public/activities/a_01m3mvhn00e7ere92yvq4k3cac,2026-10-05 14:41,General,,20,2026-09-28 16:33
a_01m3mvhn00e7ere92yvq4k3cac,2026-09-26,MAINE DEMOCRATIC STATE COMMITTEE,Independent Expenditure,10033.50,Convergence Targeted Communication,MHS - Direct mail (all costs included),Mail Printing & Postage,Alan Lee Orcutt,Support,465.86,Representative District 37,Representative,37,Democratic,https://www.mainecampaignfinancedisclosure.com/public/activities/a_01m3mvhn00e7ere92yvq4k3cac,2026-10-05 14:41,General,,37,2026-09-28 16:33
a_01m3mvhn00e7ere92yvq4k3cac,2026-09-26,MAINE DEMOCRATIC STATE COMMITTEE,Independent Expenditure,10033.50,Convergence Targeted Communication,MHS - Direct mail (all costs included),Mail Printing & Postage,Wayne K. Farrin,Support,425.90,Representative District 47,Representative,47,Democratic,https://www.mainecampaignfinancedisclosure.com/public/activities/a_01m3mvhn00e7ere92yvq4k3cac,2026-10-05 14:41,General,,47,2026-09-28 16:33
a_01m3mvhn00e7ere92yvq4k3cac,2026-09-26,MAINE DEMOCRATIC STATE COMMITTEE,Independent Expenditure,10033.50,Convergence Targeted Communication,MHS - Direct mail (all costs included),Mail Printing & Postage,Sally Cluchey,Support,358.18,Representative District 52,Representative,52,Democratic,https://www.mainecampaignfinancedisclosure.com/public/activities/a_01m3mvhn00e7ere92yvq4k3cac,2026-10-05 14:41,General,,52,2026-09-28 16:33
a_01m3mvhn00e7ere92yvq4k3cac,2026-09-26,MAINE DEMOCRATIC STATE COMMITTEE,Independent Expenditure,10033.50,Convergence Targeted Communication,MHS - Direct mail (all costs included),Mail Printing & Postage,Maureen AuCoin,Support,424.79,Representative District 55,Representative,55,Democratic,https://www.mainecampaignfinancedisclosure.com/public/activities/a_01m3mvhn00e7ere92yvq4k3cac,2026-10-05 14:41,General,,55,2026-09-28 16:33
a_01m3mvhn00e7ere92yvq4k3cac,2026-09-26,MAINE DEMOCRATIC STATE COMMITTEE,Independent Expenditure,10033.50,Convergence Targeted Communication,MHS - Direct mail (all costs included),Mail Printing & Postage,Katrina Couch Ray-Saulis,Support,452.54,Representative District 59,Representative,59,Democratic,https://www.mainecampaignfinancedisclosure.com/public/activities/a_01m3mvhn00e7ere92yvq4k3cac,2026-10-05 14:41,General,,59,2026-09-28 16:33
a_01m3mvhn00e7ere92yvq4k3cac,2026-09-26,MAINE DEMOCRATIC STATE COMMITTEE,Independent Expenditure,10033.50,Convergence Targeted Communication,MHS - Direct mail (all costs included),Mail Printing & Postage,H. Scott Landry,Support,329.31,Representative District 75,Representative,75,Democratic,https://www.mainecampaignfinancedisclosure.com/public/activities/a_01m3mvhn00e7ere92yvq4k3cac,2026-10-05 14:41,General,,75,2026-09-28 16:33
a_01m3mvhn00e7ere92yvq4k3cac,2026-09-26,MAINE DEMOCRATIC STATE COMMITTEE,Independent Expenditure,10033.50,Convergence Targeted Communication,MHS - Direct mail (all costs included),Mail Printing & Postage,Christopher Easton,Support,449.21,Representative District 81,Representative,81,Democratic,https://www.mainecampaignfinancedisclosure.com/public/activities/a_01m3mvhn00e7ere92yvq4k3cac,2026-10-05 14:41,General,,81,2026-09-28 16:33
a_01m3mvhn00e7ere92yvq4k3cac,2026-09-26,MAINE DEMOCRATIC STATE COMMITTEE,Independent Expenditure,10033.50,Convergence Targeted Communication,MHS - Direct mail (all costs included),Mail Printing & Postage,Christopher Alfred Lewey,Support,411.46,Representative District 82,Representative,82,Democratic,https://www.mainecampaignfinancedisclosure.com/public/activities/a_01m3mvhn00e7ere92yvq4k3cac,2026-10-05 14:41,General,,82,2026-09-28 16:33
a_01m3mvhn00e7ere92yvq4k3cac,2026-09-26,MAINE DEMOCRATIC STATE COMMITTEE,Independent Expenditure,10033.50,Convergence Targeted Communication,MHS - Direct mail (all costs included),Mail Printing & Postage,Timothy Becker,Support,348.18,Representative District 83,Representative,83,Democratic,https://www.mainecampaignfinancedisclosure.com/public/activities/a_01m3mvhn00e7ere92yvq4k3cac,2026-10-05 14:41,General,,83,2026-09-28 16:33
a_01m3mvhn00e7ere92yvq4k3cac,2026-09-26,MAINE DEMOCRATIC STATE COMMITTEE,Independent Expenditure,10033.50,Convergence Targeted Communication,MHS - Direct mail (all costs included),Mail Printing & Postage,Abigail Geer,Support,390.37,Representative District 86,Representative,86,Democratic,https://www.mainecampaignfinancedisclosure.com/public/activities/a_01m3mvhn00e7ere92yvq4k3cac,2026-10-05 14:41,General,,86,2026-09-28 16:33
a_01m3mvhn00e7ere92yvq4k3cac,2026-09-26,MAINE DEMOCRATIC STATE COMMITTEE,Independent Expenditure,10033.50,Convergence Targeted Communication,MHS - Direct mail (all costs included),Mail Printing & Postage,Dana Staples,Support,399.25,Representative District 88,Representative,88,Democratic,https://www.mainecampaignfinancedisclosure.com/public/activities/a_01m3mvhn00e7ere92yvq4k3cac,2026-10-05 14:41,General,,88,2026-09-28 16:33
a_01m3mvhn00e7ere92yvq4k3cac,2026-09-26,MAINE DEMOCRATIC STATE COMMITTEE,Independent Expenditure,10033.50,Convergence Targeted Communication,MHS - Direct mail (all costs included),Mail Printing & Postage,Pamela Hart,Support,397.03,Representative District 90,Representative,90,Democratic,https://www.mainecampaignfinancedisclosure.com/public/activities/a_01m3mvhn00e7ere92yvq4k3cac,2026-10-05 14:41,General,,90,2026-09-28 16:33
a_01m3mvhn00e7ere92yvq4k3cac,2026-09-26,MAINE DEMOCRATIC STATE COMMITTEE,Independent Expenditure,10033.50,Convergence Targeted Communication,MHS - Direct mail (all costs included),Mail Printing & Postage,Scott A. Harriman,Support,511.38,Representative District 94,Representative,94,Democratic,https://www.mainecampaignfinancedisclosure.com/public/activities/a_01m3mvhn00e7ere92yvq4k3cac,2026-10-05 14:41,General,,94,2026-09-28 16:33
a_01m3mvhn00e7ere92yvq4k3cac,2026-09-26,MAINE DEMOCRATIC STATE COMMITTEE,Independent Expenditure,10033.50,Convergence Targeted Communication,MHS - Direct mail (all costs included),Mail Printing & Postage,Luke Dylan Jensen,Support,491.40,Representative District 96,Representative,96,Democratic,https://www.mainecampaignfinancedisclosure.com/public/activities/a_01m3mvhn00e7ere92yvq4k3cac,2026-10-05 14:41,General,,96,2026-09-28 16:33
a_01m3mvhn00e7ere92yvq4k3cac,2026-09-26,MAINE DEMOCRATIC STATE COMMITTEE,Independent Expenditure,10033.50,Convergence Targeted Communication,MHS - Direct mail (all costs included),Mail Printing & Postage,Kilton McCarthy Webb,Support,442.55,Representative District 98,Representative,98,Democratic,https://www.mainecampaignfinancedisclosure.com/public/activities/a_01m3mvhn00e7ere92yvq4k3cac,2026-10-05 14:41,General,,98,2026-09-28 16:33
a_01m3mvhn00e7ere92yvq4k3cac,2026-09-26,MAINE DEMOCRATIC STATE COMMITTEE,Independent Expenditure,10033.50,Convergence Targeted Communication,MHS - Direct mail (all costs included),Mail Printing & Postage,Bradley Youngs,Support,392.59,Representative District 106,Representative,106,Democratic,https://www.mainecampaignfinancedisclosure.com/public/activities/a_01m3mvhn00e7ere92yvq4k3cac,2026-10-05 14:41,General,,106,2026-09-28 16:33
a_01m3mvhn00e7ere92yvq4k3cac,2026-09-26,MAINE DEMOCRATIC STATE COMMITTEE,Independent Expenditure,10033.50,Convergence Targeted Communication,MHS - Direct mail (all costs included),Mail Printing & Postage,Joseph Campbell,Support,337.08,Representative District 107,Representative,107,Democratic,https://www.mainecampaignfinancedisclosure.com/public/activities/a_01m3mvhn00e7ere92yvq4k3cac,2026-10-05 14:41,General,,107,2026-09-28 16:33
a_01m3mvhn00e7ere92yvq4k3cac,2026-09-26,MAINE DEMOCRATIC STATE COMMITTEE,Independent Expenditure,10033.50,Convergence Targeted Communication,MHS - Direct mail (all costs included),Mail Printing & Postage,Robert Kelly,Support,372.61,Representative District 131,Representative,131,Democratic,https://www.mainecampaignfinancedisclosure.com/public/activities/a_01m3mvhn00e7ere92yvq4k3cac,2026-10-05 14:41,General,,131,2026-09-28 16:33
a_01m3mvhn00e7ere92yvq4k3cac,2026-09-26,MAINE DEMOCRATIC STATE COMMITTEE,Independent Expenditure,10033.50,Convergence Targeted Communication,MHS - Direct mail (all costs included),Mail Printing & Postage,Ayn Hanselmann,Support,358.18,Representative District 142,Representative,142,Democratic,https://www.mainecampaignfinancedisclosure.com/public/activities/a_01m3mvhn00e7ere92yvq4k3cac,2026-10-05 14:41,General,,142,2026-09-28 16:33
a_01m3mvhn00e7ere92yvq4k3cac,2026-09-26,MAINE DEMOCRATIC STATE COMMITTEE,Independent Expenditure,10033.50,Convergence Targeted Communication,MHS - Direct mail (all costs included),Mail Printing & Postage,John Robert Henkelman III,Support,302.67,Representative District 143,Representative,143,Democratic,https://www.mainecampaignfinancedisclosure.com/public/activities/a_01m3mvhn00e7ere92yvq4k3cac,2026-10-05 14:41,General,,143,2026-09-28 16:33
a_01m3mvhn00e7ere92yvq4k3cac,2026-09-26,MAINE DEMOCRATIC STATE COMMITTEE,Independent Expenditure,10033.50,Convergence Targeted Communication,MHS - Direct mail (all costs included),Mail Printing & Postage,Kristin Tyra Davis,Support,252.71,Representative District 145,Representative,145,Democratic,https://www.mainecampaignfinancedisclosure.com/public/activities/a_01m3mvhn00e7ere92yvq4k3cac,2026-10-05 14:41,General,,145,2026-09-28 16:33
a_01m3m89je0ec4b9yh52me4jcbf,2026-09-22,Mainers for Economic Opportunity,Independent Expenditure,10787.50,"LFD Strategies, LLC","ONL - Social media, online ads",To support candidates who support Maine's economic growth.,John Reny,Support,10787.50,Representative District 59,Representative,59,Republican,https://www.mainecampaignfinancedisclosure.com/public/activities/a_01m3m89je0ec4b9yh52me4jcbf,2026-10-05 14:42,General,,59,2026-09-28 10:56
a_01m3m7z44bf3xvmkws3hktp4s2,2026-09-18,Mainers for Economic Opportunity,Independent Expenditure,10787.50,"LFD Strategies, LLC","ONL - Social media, online ads",To support candidates that support Maine's economic growth.,David Wayne Guilmette,Support,10787.50,Representative District 52,Representative,52,Republican,https://www.mainecampaignfinancedisclosure.com/public/activities/a_01m3m7z44bf3xvmkws3hktp4s2,2026-10-05 14:42,General,,52,2026-09-28 10:51
a_01m3f77b77e0g81n37cxnp3wgm,2026-09-24,Strong Maine Communities PAC,Independent Expenditure,1910.93,Convergence Targeted Communication,MHS - Direct mail (all costs included),Mail,Shawn Saindon,Support,444.00,Representative District 44,Representative,44,Unenrolled,https://www.mainecampaignfinancedisclosure.com/public/activities/a_01m3f77b77e0g81n37cxnp3wgm,2026-10-05 14:41,General,,44,2026-09-26 12:01
a_01m3f77b77e0g81n37cxnp3wgm,2026-09-24,Strong Maine Communities PAC,Independent Expenditure,1910.93,Convergence Targeted Communication,MHS - Direct mail (all costs included),Mail,Ray Thombs,Oppose,443.99,Representative District 44,Representative,44,Republican,https://www.mainecampaignfinancedisclosure.com/public/activities/a_01m3f77b77e0g81n37cxnp3wgm,2026-10-05 14:41,General,,44,2026-09-26 12:01
a_01m3f77b77e0g81n37cxnp3wgm,2026-09-24,Strong Maine Communities PAC,Independent Expenditure,1910.93,Convergence Targeted Communication,MHS - Direct mail (all costs included),Mail,Sharon C. Frost,Support,1022.94,Representative District 58,Representative,58,Unenrolled,https://www.mainecampaignfinancedisclosure.com/public/activities/a_01m3f77b77e0g81n37cxnp3wgm,2026-10-05 14:41,General,,58,2026-09-26 12:01
a_01m3dm0r9pff5sbz9dvj2f53xg,2026-09-25,Pine Tree State Prosperity,Independent Expenditure,90500.00,"The New Media Firm, Inc.","ONL - Social media, online ads",Digital Media Production & Buy,Robert B. Charles,Oppose,90500.00,Governor,Governor,-,Republican,https://www.mainecampaignfinancedisclosure.com/public/activities/a_01m3dm0r9pff5sbz9dvj2f53xg,2026-10-05 14:41,General,,,2026-09-25 21:07
a_01m3dkswnbffqvfj0xswemgkgj,2026-09-22,Pine Tree State Prosperity,Independent Expenditure,4875.00,Great American Media,TVN - TV ads and production,Consulting Services,Robert B. Charles,Oppose,4875.00,Governor,Governor,-,Republican,https://www.mainecampaignfinancedisclosure.com/public/activities/a_01m3dkswnbffqvfj0xswemgkgj,2026-10-05 14:42,General,,,2026-09-25 21:03
a_01m3dkr47dfb282hbanqt7gj5e,2026-09-22,Pine Tree State Prosperity,Independent Expenditure,19500.00,Ralston Lapp Guinn Media Group,TVN - TV ads and production,Consulting Services,Robert B. Charles,Oppose,19500.00,Governor,Governor,-,Republican,https://www.mainecampaignfinancedisclosure.com/public/activities/a_01m3dkr47dfb282hbanqt7gj5e,2026-10-05 14:41,General,,,2026-09-25 21:02
a_01m3dkptspfpstsgby7samsbrs,2026-09-22,Pine Tree State Prosperity,Independent Expenditure,64500.00,Great American Media,TVN - TV ads and production,TV Media Buy,Robert B. Charles,Oppose,64500.00,Governor,Governor,-,Republican,https://www.mainecampaignfinancedisclosure.com/public/activities/a_01m3dkptspfpstsgby7samsbrs,2026-10-05 14:41,General,,,2026-09-25 21:01
a_01m3d0nxg7f8za4qq6fb0d4w1q,2026-09-22,Pine Tree State Prosperity,Independent Expenditure,92000.00,"The New Media Firm, Inc.","ONL - Social media, online ads",Digital Media Production & Buy,Robert B. Charles,Oppose,92000.00,Governor,Governor,-,Republican,https://www.mainecampaignfinancedisclosure.com/public/activities/a_01m3d0nxg7f8za4qq6fb0d4w1q,2026-10-05 14:41,General,,,2026-09-25 15:29
a_01m3d0mevweg0vknrs723mgy5e,2026-09-22,Pine Tree State Prosperity,Independent Expenditure,212500.00,Great American Media,TVN - TV ads and production,TV Media Buy,Robert B. Charles,Oppose,212500.00,Governor,Governor,-,Republican,https://www.mainecampaignfinancedisclosure.com/public/activities/a_01m3d0mevweg0vknrs723mgy5e,2026-10-05 14:41,General,,,2026-09-25 15:28
a_01m3cwvahteem9qpqw5fnnqkqh,2026-09-24,MAINE DEMOCRATIC STATE COMMITTEE,Independent Expenditure,18341.04,Convergence Targeted Communication,MHS - Direct mail (all costs included),Mail Printing & Postage,Maureen AuCoin,Support,348.20,Representative District 55,Representative,55,Democratic,https://www.mainecampaignfinancedisclosure.com/public/activities/a_01m3cwvahteem9qpqw5fnnqkqh,2026-10-05 14:41,General,,55,2026-09-25 14:22
a_01m3cwvahteem9qpqw5fnnqkqh,2026-09-24,MAINE DEMOCRATIC STATE COMMITTEE,Independent Expenditure,18341.04,Convergence Targeted Communication,MHS - Direct mail (all costs included),Mail Printing & Postage,"Charles Hippler, IV",Oppose,348.19,Representative District 55,Representative,55,Republican,https://www.mainecampaignfinancedisclosure.com/public/activities/a_01m3cwvahteem9qpqw5fnnqkqh,2026-10-05 14:41,General,,55,2026-09-25 14:22
a_01m3cwvahteem9qpqw5fnnqkqh,2026-09-24,MAINE DEMOCRATIC STATE COMMITTEE,Independent Expenditure,18341.04,Convergence Targeted Communication,MHS - Direct mail (all costs included),Mail Printing & Postage,Katrina Couch Ray-Saulis,Support,335.27,Representative District 59,Representative,59,Democratic,https://www.mainecampaignfinancedisclosure.com/public/activities/a_01m3cwvahteem9qpqw5fnnqkqh,2026-10-05 14:41,General,,59,2026-09-25 14:22
a_01m3cwvahteem9qpqw5fnnqkqh,2026-09-24,MAINE DEMOCRATIC STATE COMMITTEE,Independent Expenditure,18341.04,Convergence Targeted Communication,MHS - Direct mail (all costs included),Mail Printing & Postage,John Reny,Oppose,335.27,Representative District 59,Representative,59,Republican,https://www.mainecampaignfinancedisclosure.com/public/activities/a_01m3cwvahteem9qpqw5fnnqkqh,2026-10-05 14:41,General,,59,2026-09-25 14:22
a_01m3cwvahteem9qpqw5fnnqkqh,2026-09-24,MAINE DEMOCRATIC STATE COMMITTEE,Independent Expenditure,18341.04,Convergence Targeted Communication,MHS - Direct mail (all costs included),Mail Printing & Postage,H. Scott Landry,Support,250.54,Representative District 75,Representative,75,Democratic,https://www.mainecampaignfinancedisclosure.com/public/activities/a_01m3cwvahteem9qpqw5fnnqkqh,2026-10-05 14:41,General,,75,2026-09-25 14:22
a_01m3cwvahteem9qpqw5fnnqkqh,2026-09-24,MAINE DEMOCRATIC STATE COMMITTEE,Independent Expenditure,18341.04,Convergence Targeted Communication,MHS - Direct mail (all costs included),Mail Printing & Postage,Randall Douglas Gauvin,Oppose,250.54,Representative District 75,Representative,75,Republican,https://www.mainecampaignfinancedisclosure.com/public/activities/a_01m3cwvahteem9qpqw5fnnqkqh,2026-10-05 14:41,General,,75,2026-09-25 14:22
a_01m3cwvahteem9qpqw5fnnqkqh,2026-09-24,MAINE DEMOCRATIC STATE COMMITTEE,Independent Expenditure,18341.04,Convergence Targeted Communication,MHS - Direct mail (all costs included),Mail Printing & Postage,Pamela Hart,Support,445.49,Representative District 90,Representative,90,Democratic,https://www.mainecampaignfinancedisclosure.com/public/activities/a_01m3cwvahteem9qpqw5fnnqkqh,2026-10-05 14:41,General,,90,2026-09-25 14:22
a_01m3cwvahteem9qpqw5fnnqkqh,2026-09-24,MAINE DEMOCRATIC STATE COMMITTEE,Independent Expenditure,18341.04,Convergence Targeted Communication,MHS - Direct mail (all costs included),Mail Printing & Postage,James Sorcek,Oppose,445.49,Representative District 90,Representative,90,Republican,https://www.mainecampaignfinancedisclosure.com/public/activities/a_01m3cwvahteem9qpqw5fnnqkqh,2026-10-05 14:41,General,,90,2026-09-25 14:22
a_01m3cwvahteem9qpqw5fnnqkqh,2026-09-24,MAINE DEMOCRATIC STATE COMMITTEE,Independent Expenditure,18341.04,Convergence Targeted Communication,MHS - Direct mail (all costs included),Mail Printing & Postage,Luke Dylan Jensen,Support,612.44,Representative District 96,Representative,96,Democratic,https://www.mainecampaignfinancedisclosure.com/public/activities/a_01m3cwvahteem9qpqw5fnnqkqh,2026-10-05 14:41,General,,96,2026-09-25 14:22
a_01m3cwvahteem9qpqw5fnnqkqh,2026-09-24,MAINE DEMOCRATIC STATE COMMITTEE,Independent Expenditure,18341.04,Convergence Targeted Communication,MHS - Direct mail (all costs included),Mail Printing & Postage,Kerryl Lee Clement,Oppose,612.43,Representative District 96,Representative,96,Republican,https://www.mainecampaignfinancedisclosure.com/public/activities/a_01m3cwvahteem9qpqw5fnnqkqh,2026-10-05 14:41,General,,96,2026-09-25 14:22
a_01m3cwvahteem9qpqw5fnnqkqh,2026-09-24,MAINE DEMOCRATIC STATE COMMITTEE,Independent Expenditure,18341.04,Convergence Targeted Communication,MHS - Direct mail (all costs included),Mail Printing & Postage,Ayn Hanselmann,Support,192.02,Representative District 142,Representative,142,Democratic,https://www.mainecampaignfinancedisclosure.com/public/activities/a_01m3cwvahteem9qpqw5fnnqkqh,2026-10-05 14:41,General,,142,2026-09-25 14:22
a_01m3cwvahteem9qpqw5fnnqkqh,2026-09-24,MAINE DEMOCRATIC STATE COMMITTEE,Independent Expenditure,18341.04,Convergence Targeted Communication,MHS - Direct mail (all costs included),Mail Printing & Postage,Domingo Torres,Oppose,192.02,Representative District 142,Representative,142,Republican,https://www.mainecampaignfinancedisclosure.com/public/activities/a_01m3cwvahteem9qpqw5fnnqkqh,2026-10-05 14:41,General,,142,2026-09-25 14:22
a_01m3cwvahteem9qpqw5fnnqkqh,2026-09-24,MAINE DEMOCRATIC STATE COMMITTEE,Independent Expenditure,18341.04,Convergence Targeted Communication,MHS - Direct mail (all costs included),Mail Printing & Postage,John Robert Henkelman III,Support,202.79,Representative District 143,Representative,143,Democratic,https://www.mainecampaignfinancedisclosure.com/public/activities/a_01m3cwvahteem9qpqw5fnnqkqh,2026-10-05 14:41,General,,143,2026-09-25 14:22
a_01m3cwvahteem9qpqw5fnnqkqh,2026-09-24,MAINE DEMOCRATIC STATE COMMITTEE,Independent Expenditure,18341.04,Convergence Targeted Communication,MHS - Direct mail (all costs included),Mail Printing & Postage,Melissa Simpson,Oppose,202.79,Representative District 143,Representative,143,Republican,https://www.mainecampaignfinancedisclosure.com/public/activities/a_01m3cwvahteem9qpqw5fnnqkqh,2026-10-05 14:41,General,,143,2026-09-25 14:22
a_01m3cwvahteem9qpqw5fnnqkqh,2026-09-24,MAINE DEMOCRATIC STATE COMMITTEE,Independent Expenditure,18341.04,Convergence Targeted Communication,MHS - Direct mail (all costs included),Mail Printing & Postage,Kristin Tyra Davis,Support,189.87,Representative District 145,Representative,145,Democratic,https://www.mainecampaignfinancedisclosure.com/public/activities/a_01m3cwvahteem9qpqw5fnnqkqh,2026-10-05 14:41,General,,145,2026-09-25 14:22
a_01m3cwvahteem9qpqw5fnnqkqh,2026-09-24,MAINE DEMOCRATIC STATE COMMITTEE,Independent Expenditure,18341.04,Convergence Targeted Communication,MHS - Direct mail (all costs included),Mail Printing & Postage,Caleb Joseph Chase,Oppose,189.86,Representative District 145,Representative,145,Republican,https://www.mainecampaignfinancedisclosure.com/public/activities/a_01m3cwvahteem9qpqw5fnnqkqh,2026-10-05 14:41,General,,145,2026-09-25 14:22
a_01m3cwvahteem9qpqw5fnnqkqh,2026-09-24,MAINE DEMOCRATIC STATE COMMITTEE,Independent Expenditure,18341.04,Convergence Targeted Communication,MHS - Direct mail (all costs included),Mail Printing & Postage,Roger Albert,Oppose,720.80,Representative District 2,Representative,2,Republican,https://www.mainecampaignfinancedisclosure.com/public/activities/a_01m3cwvahteem9qpqw5fnnqkqh,2026-10-05 14:41,General,,2,2026-09-25 14:22
a_01m3cwvahteem9qpqw5fnnqkqh,2026-09-24,MAINE DEMOCRATIC STATE COMMITTEE,Independent Expenditure,18341.04,Convergence Targeted Communication,MHS - Direct mail (all costs included),Mail Printing & Postage,Russell P. White,Oppose,589.40,Representative District 13,Representative,13,Republican,https://www.mainecampaignfinancedisclosure.com/public/activities/a_01m3cwvahteem9qpqw5fnnqkqh,2026-10-05 14:41,General,,13,2026-09-25 14:22
a_01m3cwvahteem9qpqw5fnnqkqh,2026-09-24,MAINE DEMOCRATIC STATE COMMITTEE,Independent Expenditure,18341.04,Convergence Targeted Communication,MHS - Direct mail (all costs included),Mail Printing & Postage,Steven Matthew Bishop,Oppose,659.77,Representative District 17,Representative,17,Republican,https://www.mainecampaignfinancedisclosure.com/public/activities/a_01m3cwvahteem9qpqw5fnnqkqh,2026-10-05 14:41,General,,17,2026-09-25 14:22
a_01m3cwvahteem9qpqw5fnnqkqh,2026-09-24,MAINE DEMOCRATIC STATE COMMITTEE,Independent Expenditure,18341.04,Convergence Targeted Communication,MHS - Direct mail (all costs included),Mail Printing & Postage,Reagan Paul,Oppose,715.78,Representative District 37,Representative,37,Republican,https://www.mainecampaignfinancedisclosure.com/public/activities/a_01m3cwvahteem9qpqw5fnnqkqh,2026-10-05 14:41,General,,37,2026-09-25 14:22
a_01m3cwvahteem9qpqw5fnnqkqh,2026-09-24,MAINE DEMOCRATIC STATE COMMITTEE,Independent Expenditure,18341.04,Convergence Targeted Communication,MHS - Direct mail (all costs included),Mail Printing & Postage,Peter Wood,Oppose,1119.32,Representative District 81,Representative,81,Republican,https://www.mainecampaignfinancedisclosure.com/public/activities/a_01m3cwvahteem9qpqw5fnnqkqh,2026-10-05 14:41,General,,81,2026-09-25 14:22
a_01m3cwvahteem9qpqw5fnnqkqh,2026-09-24,MAINE DEMOCRATIC STATE COMMITTEE,Independent Expenditure,18341.04,Convergence Targeted Communication,MHS - Direct mail (all costs included),Mail Printing & Postage,Caleb Joshua NESS,Oppose,1038.18,Representative District 82,Representative,82,Republican,https://www.mainecampaignfinancedisclosure.com/public/activities/a_01m3cwvahteem9qpqw5fnnqkqh,2026-10-05 14:41,General,,82,2026-09-25 14:22
a_01m3cwvahteem9qpqw5fnnqkqh,2026-09-24,MAINE DEMOCRATIC STATE COMMITTEE,Independent Expenditure,18341.04,Convergence Targeted Communication,MHS - Direct mail (all costs included),Mail Printing & Postage,Marygrace Cimino,Oppose,949.14,Representative District 83,Representative,83,Republican,https://www.mainecampaignfinancedisclosure.com/public/activities/a_01m3cwvahteem9qpqw5fnnqkqh,2026-10-05 14:41,General,,83,2026-09-25 14:22
a_01m3cwvahteem9qpqw5fnnqkqh,2026-09-24,MAINE DEMOCRATIC STATE COMMITTEE,Independent Expenditure,18341.04,Convergence Targeted Communication,MHS - Direct mail (all costs included),Mail Printing & Postage,Rolf Arthur Olsen Jr.,Oppose,1207.64,Representative District 86,Representative,86,Republican,https://www.mainecampaignfinancedisclosure.com/public/activities/a_01m3cwvahteem9qpqw5fnnqkqh,2026-10-05 14:41,General,,86,2026-09-25 14:22
a_01m3cwvahteem9qpqw5fnnqkqh,2026-09-24,MAINE DEMOCRATIC STATE COMMITTEE,Independent Expenditure,18341.04,Convergence Targeted Communication,MHS - Direct mail (all costs included),Mail Printing & Postage,Quentin Chapman,Oppose,729.42,Representative District 88,Representative,88,Republican,https://www.mainecampaignfinancedisclosure.com/public/activities/a_01m3cwvahteem9qpqw5fnnqkqh,2026-10-05 14:41,General,,88,2026-09-25 14:22
a_01m3cwvahteem9qpqw5fnnqkqh,2026-09-24,MAINE DEMOCRATIC STATE COMMITTEE,Independent Expenditure,18341.04,Convergence Targeted Communication,MHS - Direct mail (all costs included),Mail Printing & Postage,Barbara Anne Bagshaw,Oppose,696.39,Representative District 106,Representative,106,Republican,https://www.mainecampaignfinancedisclosure.com/public/activities/a_01m3cwvahteem9qpqw5fnnqkqh,2026-10-05 14:41,General,,106,2026-09-25 14:22
a_01m3cwvahteem9qpqw5fnnqkqh,2026-09-24,MAINE DEMOCRATIC STATE COMMITTEE,Independent Expenditure,18341.04,Convergence Targeted Communication,MHS - Direct mail (all costs included),Mail Printing & Postage,Mark C. Cooper,Oppose,727.26,Representative District 107,Representative,107,Republican,https://www.mainecampaignfinancedisclosure.com/public/activities/a_01m3cwvahteem9qpqw5fnnqkqh,2026-10-05 14:41,General,,107,2026-09-25 14:22
a_01m3cwvahteem9qpqw5fnnqkqh,2026-09-24,MAINE DEMOCRATIC STATE COMMITTEE,Independent Expenditure,18341.04,Convergence Targeted Communication,MHS - Direct mail (all costs included),Mail Printing & Postage,Dani O'Halloran,Support,453.69,Representative District 20,Representative,20,Democratic,https://www.mainecampaignfinancedisclosure.com/public/activities/a_01m3cwvahteem9qpqw5fnnqkqh,2026-10-05 14:41,General,,20,2026-09-25 14:22
a_01m3cwvahteem9qpqw5fnnqkqh,2026-09-24,MAINE DEMOCRATIC STATE COMMITTEE,Independent Expenditure,18341.04,Convergence Targeted Communication,MHS - Direct mail (all costs included),Mail Printing & Postage,Wayne K. Farrin,Support,789.02,Representative District 47,Representative,47,Democratic,https://www.mainecampaignfinancedisclosure.com/public/activities/a_01m3cwvahteem9qpqw5fnnqkqh,2026-10-05 14:41,General,,47,2026-09-25 14:22
a_01m3cwvahteem9qpqw5fnnqkqh,2026-09-24,MAINE DEMOCRATIC STATE COMMITTEE,Independent Expenditure,18341.04,Convergence Targeted Communication,MHS - Direct mail (all costs included),Mail Printing & Postage,Sally Cluchey,Support,694.23,Representative District 52,Representative,52,Democratic,https://www.mainecampaignfinancedisclosure.com/public/activities/a_01m3cwvahteem9qpqw5fnnqkqh,2026-10-05 14:41,General,,52,2026-09-25 14:22
a_01m3cwvahteem9qpqw5fnnqkqh,2026-09-24,MAINE DEMOCRATIC STATE COMMITTEE,Independent Expenditure,18341.04,Convergence Targeted Communication,MHS - Direct mail (all costs included),Mail Printing & Postage,Scott A. Harriman,Support,869.44,Representative District 94,Representative,94,Democratic,https://www.mainecampaignfinancedisclosure.com/public/activities/a_01m3cwvahteem9qpqw5fnnqkqh,2026-10-05 14:41,General,,94,2026-09-25 14:22
a_01m3cwvahteem9qpqw5fnnqkqh,2026-09-24,MAINE DEMOCRATIC STATE COMMITTEE,Independent Expenditure,18341.04,Convergence Targeted Communication,MHS - Direct mail (all costs included),Mail Printing & Postage,Kilton McCarthy Webb,Support,679.16,Representative District 98,Representative,98,Democratic,https://www.mainecampaignfinancedisclosure.com/public/activities/a_01m3cwvahteem9qpqw5fnnqkqh,2026-10-05 14:41,General,,98,2026-09-25 14:22
a_01m3cwvahteem9qpqw5fnnqkqh,2026-09-24,MAINE DEMOCRATIC STATE COMMITTEE,Independent Expenditure,18341.04,Convergence Targeted Communication,MHS - Direct mail (all costs included),Mail Printing & Postage,Robert Kelly,Support,549.19,Representative District 131,Representative,131,Democratic,https://www.mainecampaignfinancedisclosure.com/public/activities/a_01m3cwvahteem9qpqw5fnnqkqh,2026-10-05 14:41,General,,131,2026-09-25 14:22
a_01m3csxvmjfm7rfbmwf8dx2455,2026-09-24,MAINE DEMOCRATIC STATE COMMITTEE,Independent Expenditure,22899.00,Alphabet Inc,"ONL - Social media, online ads",Digital Ads,Michael Tipping,Support,3946.00,Senator District 8,Senator,8,Democratic,https://www.mainecampaignfinancedisclosure.com/public/activities/a_01m3csxvmjfm7rfbmwf8dx2455,2026-10-05 14:41,General,,8,2026-09-25 13:31
a_01m3csxvmjfm7rfbmwf8dx2455,2026-09-24,MAINE DEMOCRATIC STATE COMMITTEE,Independent Expenditure,22899.00,Alphabet Inc,"ONL - Social media, online ads",Digital Ads,Craig Hickman,Support,4315.00,Senator District 14,Senator,14,Democratic,https://www.mainecampaignfinancedisclosure.com/public/activities/a_01m3csxvmjfm7rfbmwf8dx2455,2026-10-05 14:41,General,,14,2026-09-25 13:31
a_01m3csxvmjfm7rfbmwf8dx2455,2026-09-24,MAINE DEMOCRATIC STATE COMMITTEE,Independent Expenditure,22899.00,Alphabet Inc,"ONL - Social media, online ads",Digital Ads,Amanda Heath,Support,3839.00,Senator District 15,Senator,15,Democratic,https://www.mainecampaignfinancedisclosure.com/public/activities/a_01m3csxvmjfm7rfbmwf8dx2455,2026-10-05 14:41,General,,15,2026-09-25 13:31
a_01m3csxvmjfm7rfbmwf8dx2455,2026-09-24,MAINE DEMOCRATIC STATE COMMITTEE,Independent Expenditure,22899.00,Alphabet Inc,"ONL - Social media, online ads",Digital Ads,Patric Moore,Support,1921.50,Senator District 16,Senator,16,Democratic,https://www.mainecampaignfinancedisclosure.com/public/activities/a_01m3csxvmjfm7rfbmwf8dx2455,2026-10-05 14:41,General,,16,2026-09-25 13:31
a_01m3csxvmjfm7rfbmwf8dx2455,2026-09-24,MAINE DEMOCRATIC STATE COMMITTEE,Independent Expenditure,22899.00,Alphabet Inc,"ONL - Social media, online ads",Digital Ads,Scott W. Cyrway,Oppose,1921.50,Senator District 16,Senator,16,Republican,https://www.mainecampaignfinancedisclosure.com/public/activities/a_01m3csxvmjfm7rfbmwf8dx2455,2026-10-05 14:41,General,,16,2026-09-25 13:31
a_01m3csxvmjfm7rfbmwf8dx2455,2026-09-24,MAINE DEMOCRATIC STATE COMMITTEE,Independent Expenditure,22899.00,Alphabet Inc,"ONL - Social media, online ads",Digital Ads,Michael R. Scott,Support,1989.00,Senator District 20,Senator,20,Democratic,https://www.mainecampaignfinancedisclosure.com/public/activities/a_01m3csxvmjfm7rfbmwf8dx2455,2026-10-05 14:41,General,,20,2026-09-25 13:31
a_01m3csxvmjfm7rfbmwf8dx2455,2026-09-24,MAINE DEMOCRATIC STATE COMMITTEE,Independent Expenditure,22899.00,Alphabet Inc,"ONL - Social media, online ads",Digital Ads,Bruce Bickford,Oppose,1989.00,Senator District 20,Senator,20,Republican,https://www.mainecampaignfinancedisclosure.com/public/activities/a_01m3csxvmjfm7rfbmwf8dx2455,2026-10-05 14:41,General,,20,2026-09-25 13:31
a_01m3csxvmjfm7rfbmwf8dx2455,2026-09-24,MAINE DEMOCRATIC STATE COMMITTEE,Independent Expenditure,22899.00,Alphabet Inc,"ONL - Social media, online ads",Digital Ads,Kenneth Cianchette,Oppose,2978.00,Senator District 26,Senator,26,Republican,https://www.mainecampaignfinancedisclosure.com/public/activities/a_01m3csxvmjfm7rfbmwf8dx2455,2026-10-05 14:41,General,,26,2026-09-25 13:31
a_01m3csrg1rfjjrn38ss404rthy,2026-09-24,MAINE DEMOCRATIC STATE COMMITTEE,Independent Expenditure,9216.00,Meta,"ONL - Social media, online ads",Digital Ads,Michael Tipping,Support,1588.00,Senator District 8,Senator,8,Democratic,https://www.mainecampaignfinancedisclosure.com/public/activities/a_01m3csrg1rfjjrn38ss404rthy,2026-10-05 14:41,General,,8,2026-09-25 13:28
a_01m3csrg1rfjjrn38ss404rthy,2026-09-24,MAINE DEMOCRATIC STATE COMMITTEE,Independent Expenditure,9216.00,Meta,"ONL - Social media, online ads",Digital Ads,Craig Hickman,Support,1737.00,Senator District 14,Senator,14,Democratic,https://www.mainecampaignfinancedisclosure.com/public/activities/a_01m3csrg1rfjjrn38ss404rthy,2026-10-05 14:41,General,,14,2026-09-25 13:28
a_01m3csrg1rfjjrn38ss404rthy,2026-09-24,MAINE DEMOCRATIC STATE COMMITTEE,Independent Expenditure,9216.00,Meta,"ONL - Social media, online ads",Digital Ads,Amanda Heath,Support,1545.00,Senator District 15,Senator,15,Democratic,https://www.mainecampaignfinancedisclosure.com/public/activities/a_01m3csrg1rfjjrn38ss404rthy,2026-10-05 14:41,General,,15,2026-09-25 13:28
a_01m3csrg1rfjjrn38ss404rthy,2026-09-24,MAINE DEMOCRATIC STATE COMMITTEE,Independent Expenditure,9216.00,Meta,"ONL - Social media, online ads",Digital Ads,Patric Moore,Support,773.50,Senator District 16,Senator,16,Democratic,https://www.mainecampaignfinancedisclosure.com/public/activities/a_01m3csrg1rfjjrn38ss404rthy,2026-10-05 14:41,General,,16,2026-09-25 13:28
a_01m3csrg1rfjjrn38ss404rthy,2026-09-24,MAINE DEMOCRATIC STATE COMMITTEE,Independent Expenditure,9216.00,Meta,"ONL - Social media, online ads",Digital Ads,Scott W. Cyrway,Oppose,773.50,Senator District 16,Senator,16,Republican,https://www.mainecampaignfinancedisclosure.com/public/activities/a_01m3csrg1rfjjrn38ss404rthy,2026-10-05 14:41,General,,16,2026-09-25 13:28
a_01m3csrg1rfjjrn38ss404rthy,2026-09-24,MAINE DEMOCRATIC STATE COMMITTEE,Independent Expenditure,9216.00,Meta,"ONL - Social media, online ads",Digital Ads,Michael R. Scott,Support,800.50,Senator District 20,Senator,20,Democratic,https://www.mainecampaignfinancedisclosure.com/public/activities/a_01m3csrg1rfjjrn38ss404rthy,2026-10-05 14:41,General,,20,2026-09-25 13:28
a_01m3csrg1rfjjrn38ss404rthy,2026-09-24,MAINE DEMOCRATIC STATE COMMITTEE,Independent Expenditure,9216.00,Meta,"ONL - Social media, online ads",Digital Ads,Bruce Bickford,Oppose,800.50,Senator District 20,Senator,20,Republican,https://www.mainecampaignfinancedisclosure.com/public/activities/a_01m3csrg1rfjjrn38ss404rthy,2026-10-05 14:41,General,,20,2026-09-25 13:28
a_01m3csrg1rfjjrn38ss404rthy,2026-09-24,MAINE DEMOCRATIC STATE COMMITTEE,Independent Expenditure,9216.00,Meta,"ONL - Social media, online ads",Digital Ads,Kenneth Cianchette,Oppose,1198.00,Senator District 26,Senator,26,Republican,https://www.mainecampaignfinancedisclosure.com/public/activities/a_01m3csrg1rfjjrn38ss404rthy,2026-10-05 14:41,General,,26,2026-09-25 13:28
a_01m3csgy83f5kv8v458qtmgr37,2026-09-24,MAINE DEMOCRATIC STATE COMMITTEE,Independent Expenditure,40731.00,Targeted Platform Media LLC,"ONL - Social media, online ads",Digital Ads,Michael Tipping,Support,7019.00,Senator District 8,Senator,8,Democratic,https://www.mainecampaignfinancedisclosure.com/public/activities/a_01m3csgy83f5kv8v458qtmgr37,2026-10-05 14:41,General,,8,2026-09-25 13:24
a_01m3csgy83f5kv8v458qtmgr37,2026-09-24,MAINE DEMOCRATIC STATE COMMITTEE,Independent Expenditure,40731.00,Targeted Platform Media LLC,"ONL - Social media, online ads",Digital Ads,Craig Hickman,Support,7675.00,Senator District 14,Senator,14,Democratic,https://www.mainecampaignfinancedisclosure.com/public/activities/a_01m3csgy83f5kv8v458qtmgr37,2026-10-05 14:41,General,,14,2026-09-25 13:24
a_01m3csgy83f5kv8v458qtmgr37,2026-09-24,MAINE DEMOCRATIC STATE COMMITTEE,Independent Expenditure,40731.00,Targeted Platform Media LLC,"ONL - Social media, online ads",Digital Ads,Amanda Heath,Support,6829.00,Senator District 15,Senator,15,Democratic,https://www.mainecampaignfinancedisclosure.com/public/activities/a_01m3csgy83f5kv8v458qtmgr37,2026-10-05 14:41,General,,15,2026-09-25 13:24
a_01m3csgy83f5kv8v458qtmgr37,2026-09-24,MAINE DEMOCRATIC STATE COMMITTEE,Independent Expenditure,40731.00,Targeted Platform Media LLC,"ONL - Social media, online ads",Digital Ads,Patric Moore,Support,3418.00,Senator District 16,Senator,16,Democratic,https://www.mainecampaignfinancedisclosure.com/public/activities/a_01m3csgy83f5kv8v458qtmgr37,2026-10-05 14:41,General,,16,2026-09-25 13:24
a_01m3csgy83f5kv8v458qtmgr37,2026-09-24,MAINE DEMOCRATIC STATE COMMITTEE,Independent Expenditure,40731.00,Targeted Platform Media LLC,"ONL - Social media, online ads",Digital Ads,Scott W. Cyrway,Oppose,3418.00,Senator District 16,Senator,16,Republican,https://www.mainecampaignfinancedisclosure.com/public/activities/a_01m3csgy83f5kv8v458qtmgr37,2026-10-05 14:41,General,,16,2026-09-25 13:24
a_01m3csgy83f5kv8v458qtmgr37,2026-09-24,MAINE DEMOCRATIC STATE COMMITTEE,Independent Expenditure,40731.00,Targeted Platform Media LLC,"ONL - Social media, online ads",Digital Ads,Michael R. Scott,Support,3537.50,Senator District 20,Senator,20,Democratic,https://www.mainecampaignfinancedisclosure.com/public/activities/a_01m3csgy83f5kv8v458qtmgr37,2026-10-05 14:41,General,,20,2026-09-25 13:24
a_01m3csgy83f5kv8v458qtmgr37,2026-09-24,MAINE DEMOCRATIC STATE COMMITTEE,Independent Expenditure,40731.00,Targeted Platform Media LLC,"ONL - Social media, online ads",Digital Ads,Bruce Bickford,Oppose,3537.50,Senator District 20,Senator,20,Republican,https://www.mainecampaignfinancedisclosure.com/public/activities/a_01m3csgy83f5kv8v458qtmgr37,2026-10-05 14:41,General,,20,2026-09-25 13:24
a_01m3csgy83f5kv8v458qtmgr37,2026-09-24,MAINE DEMOCRATIC STATE COMMITTEE,Independent Expenditure,40731.00,Targeted Platform Media LLC,"ONL - Social media, online ads",Digital Ads,Kenneth Cianchette,Oppose,5297.00,Senator District 26,Senator,26,Republican,https://www.mainecampaignfinancedisclosure.com/public/activities/a_01m3csgy83f5kv8v458qtmgr37,2026-10-05 14:41,General,,26,2026-09-25 13:24
a_01m3cs8f1yf62bp7xth3wndwzq,2026-09-24,MAINE DEMOCRATIC STATE COMMITTEE,Independent Expenditure,43498.55,"JM2, LLC",MHS - Direct mail (all costs included),Mail Printing & Postage,Leo Christopher Kenney,Oppose,7812.55,Senator District 8,Senator,8,Republican,https://www.mainecampaignfinancedisclosure.com/public/activities/a_01m3cs8f1yf62bp7xth3wndwzq,2026-10-05 14:41,General,,8,2026-09-25 13:19
a_01m3cs8f1yf62bp7xth3wndwzq,2026-09-24,MAINE DEMOCRATIC STATE COMMITTEE,Independent Expenditure,43498.55,"JM2, LLC",MHS - Direct mail (all costs included),Mail Printing & Postage,Craig Hickman,Support,9992.20,Senator District 14,Senator,14,Democratic,https://www.mainecampaignfinancedisclosure.com/public/activities/a_01m3cs8f1yf62bp7xth3wndwzq,2026-10-05 14:41,General,,14,2026-09-25 13:19
a_01m3cs8f1yf62bp7xth3wndwzq,2026-09-24,MAINE DEMOCRATIC STATE COMMITTEE,Independent Expenditure,43498.55,"JM2, LLC",MHS - Direct mail (all costs included),Mail Printing & Postage,Amanda Heath,Support,3076.15,Senator District 15,Senator,15,Democratic,https://www.mainecampaignfinancedisclosure.com/public/activities/a_01m3cs8f1yf62bp7xth3wndwzq,2026-10-05 14:41,General,,15,2026-09-25 13:19
a_01m3cs8f1yf62bp7xth3wndwzq,2026-09-24,MAINE DEMOCRATIC STATE COMMITTEE,Independent Expenditure,43498.55,"JM2, LLC",MHS - Direct mail (all costs included),Mail Printing & Postage,Kati L. McCormick,Oppose,3076.15,Senator District 15,Senator,15,Republican,https://www.mainecampaignfinancedisclosure.com/public/activities/a_01m3cs8f1yf62bp7xth3wndwzq,2026-10-05 14:41,General,,15,2026-09-25 13:19
a_01m3cs8f1yf62bp7xth3wndwzq,2026-09-24,MAINE DEMOCRATIC STATE COMMITTEE,Independent Expenditure,43498.55,"JM2, LLC",MHS - Direct mail (all costs included),Mail Printing & Postage,Patric Moore,Support,2884.20,Senator District 16,Senator,16,Democratic,https://www.mainecampaignfinancedisclosure.com/public/activities/a_01m3cs8f1yf62bp7xth3wndwzq,2026-10-05 14:41,General,,16,2026-09-25 13:19
a_01m3cs8f1yf62bp7xth3wndwzq,2026-09-24,MAINE DEMOCRATIC STATE COMMITTEE,Independent Expenditure,43498.55,"JM2, LLC",MHS - Direct mail (all costs included),Mail Printing & Postage,Scott W. Cyrway,Oppose,2884.20,Senator District 16,Senator,16,Republican,https://www.mainecampaignfinancedisclosure.com/public/activities/a_01m3cs8f1yf62bp7xth3wndwzq,2026-10-05 14:41,General,,16,2026-09-25 13:19
a_01m3cs8f1yf62bp7xth3wndwzq,2026-09-24,MAINE DEMOCRATIC STATE COMMITTEE,Independent Expenditure,43498.55,"JM2, LLC",MHS - Direct mail (all costs included),Mail Printing & Postage,Bruce Bickford,Oppose,6779.30,Senator District 20,Senator,20,Republican,https://www.mainecampaignfinancedisclosure.com/public/activities/a_01m3cs8f1yf62bp7xth3wndwzq,2026-10-05 14:41,General,,20,2026-09-25 13:19
a_01m3cs8f1yf62bp7xth3wndwzq,2026-09-24,MAINE DEMOCRATIC STATE COMMITTEE,Independent Expenditure,43498.55,"JM2, LLC",MHS - Direct mail (all costs included),Mail Printing & Postage,Timothy E Nangle,Support,3496.90,Senator District 26,Senator,26,Democratic,https://www.mainecampaignfinancedisclosure.com/public/activities/a_01m3cs8f1yf62bp7xth3wndwzq,2026-10-05 14:41,General,,26,2026-09-25 13:19
a_01m3cs8f1yf62bp7xth3wndwzq,2026-09-24,MAINE DEMOCRATIC STATE COMMITTEE,Independent Expenditure,43498.55,"JM2, LLC",MHS - Direct mail (all costs included),Mail Printing & Postage,Kenneth Cianchette,Oppose,3496.90,Senator District 26,Senator,26,Republican,https://www.mainecampaignfinancedisclosure.com/public/activities/a_01m3cs8f1yf62bp7xth3wndwzq,2026-10-05 14:41,General,,26,2026-09-25 13:19
a_01m3cmcxhjfj3bkd93vky46908,2026-09-25,Prosper Maine PAC,Independent Expenditure,14130.00,"RYE Strategies, LLC","ONL - Social media, online ads",Digital advertising,Russell P. White,Support,1026.00,Representative District 13,Representative,13,Republican,https://www.mainecampaignfinancedisclosure.com/public/activities/a_01m3cmcxhjfj3bkd93vky46908,2026-10-05 14:41,General,,13,2026-09-25 11:54
a_01m3cmcxhjfj3bkd93vky46908,2026-09-25,Prosper Maine PAC,Independent Expenditure,14130.00,"RYE Strategies, LLC","ONL - Social media, online ads",Digital advertising,PATRICK JUDE,Support,871.00,Representative District 20,Representative,20,Republican,https://www.mainecampaignfinancedisclosure.com/public/activities/a_01m3cmcxhjfj3bkd93vky46908,2026-10-05 14:41,General,,20,2026-09-25 11:54
a_01m3cmcxhjfj3bkd93vky46908,2026-09-25,Prosper Maine PAC,Independent Expenditure,14130.00,"RYE Strategies, LLC","ONL - Social media, online ads",Digital advertising,Rebecca Stephens,Support,1055.00,Representative District 45,Representative,45,Republican,https://www.mainecampaignfinancedisclosure.com/public/activities/a_01m3cmcxhjfj3bkd93vky46908,2026-10-05 14:41,General,,45,2026-09-25 11:54
a_01m3cmcxhjfj3bkd93vky46908,2026-09-25,Prosper Maine PAC,Independent Expenditure,14130.00,"RYE Strategies, LLC","ONL - Social media, online ads",Digital advertising,Chester B. Grover III,Support,1184.00,Representative District 47,Representative,47,Republican,https://www.mainecampaignfinancedisclosure.com/public/activities/a_01m3cmcxhjfj3bkd93vky46908,2026-10-05 14:41,General,,47,2026-09-25 11:54
a_01m3cmcxhjfj3bkd93vky46908,2026-09-25,Prosper Maine PAC,Independent Expenditure,14130.00,"RYE Strategies, LLC","ONL - Social media, online ads",Digital advertising,David Wayne Guilmette,Support,1100.00,Representative District 52,Representative,52,Republican,https://www.mainecampaignfinancedisclosure.com/public/activities/a_01m3cmcxhjfj3bkd93vky46908,2026-10-05 14:41,General,,52,2026-09-25 11:54
a_01m3cmcxhjfj3bkd93vky46908,2026-09-25,Prosper Maine PAC,Independent Expenditure,14130.00,"RYE Strategies, LLC","ONL - Social media, online ads",Digital advertising,Dexter 'Buzz' Bridges,Support,1314.00,Representative District 58,Representative,58,Republican,https://www.mainecampaignfinancedisclosure.com/public/activities/a_01m3cmcxhjfj3bkd93vky46908,2026-10-05 14:41,General,,58,2026-09-25 11:54
a_01m3cmcxhjfj3bkd93vky46908,2026-09-25,Prosper Maine PAC,Independent Expenditure,14130.00,"RYE Strategies, LLC","ONL - Social media, online ads",Digital advertising,John Reny,Support,656.00,Representative District 59,Representative,59,Republican,https://www.mainecampaignfinancedisclosure.com/public/activities/a_01m3cmcxhjfj3bkd93vky46908,2026-10-05 14:41,General,,59,2026-09-25 11:54
a_01m3cmcxhjfj3bkd93vky46908,2026-09-25,Prosper Maine PAC,Independent Expenditure,14130.00,"RYE Strategies, LLC","ONL - Social media, online ads",Digital advertising,Shawn M. Dixon,Support,912.00,Representative District 67,Representative,67,Republican,https://www.mainecampaignfinancedisclosure.com/public/activities/a_01m3cmcxhjfj3bkd93vky46908,2026-10-05 14:41,General,,67,2026-09-25 11:54
a_01m3cmcxhjfj3bkd93vky46908,2026-09-25,Prosper Maine PAC,Independent Expenditure,14130.00,"RYE Strategies, LLC","ONL - Social media, online ads",Digital advertising,Randall Douglas Gauvin,Support,887.00,Representative District 75,Representative,75,Republican,https://www.mainecampaignfinancedisclosure.com/public/activities/a_01m3cmcxhjfj3bkd93vky46908,2026-10-05 14:41,General,,75,2026-09-25 11:54
a_01m3cmcxhjfj3bkd93vky46908,2026-09-25,Prosper Maine PAC,Independent Expenditure,14130.00,"RYE Strategies, LLC","ONL - Social media, online ads",Digital advertising,Peter Wood,Support,1168.00,Representative District 81,Representative,81,Republican,https://www.mainecampaignfinancedisclosure.com/public/activities/a_01m3cmcxhjfj3bkd93vky46908,2026-10-05 14:41,General,,81,2026-09-25 11:54
a_01m3cmcxhjfj3bkd93vky46908,2026-09-25,Prosper Maine PAC,Independent Expenditure,14130.00,"RYE Strategies, LLC","ONL - Social media, online ads",Digital advertising,William J. St. Michel,Support,1172.00,Representative District 98,Representative,98,Republican,https://www.mainecampaignfinancedisclosure.com/public/activities/a_01m3cmcxhjfj3bkd93vky46908,2026-10-05 14:41,General,,98,2026-09-25 11:54
a_01m3cmcxhjfj3bkd93vky46908,2026-09-25,Prosper Maine PAC,Independent Expenditure,14130.00,"RYE Strategies, LLC","ONL - Social media, online ads",Digital advertising,Mark C. Cooper,Support,1054.00,Representative District 107,Representative,107,Republican,https://www.mainecampaignfinancedisclosure.com/public/activities/a_01m3cmcxhjfj3bkd93vky46908,2026-10-05 14:41,General,,107,2026-09-25 11:54
a_01m3cmcxhjfj3bkd93vky46908,2026-09-25,Prosper Maine PAC,Independent Expenditure,14130.00,"RYE Strategies, LLC","ONL - Social media, online ads",Digital advertising,Marc Anthony Boisse,Support,1070.00,Representative District 141,Representative,141,Republican,https://www.mainecampaignfinancedisclosure.com/public/activities/a_01m3cmcxhjfj3bkd93vky46908,2026-10-05 14:41,General,,141,2026-09-25 11:54
a_01m3cmcxhjfj3bkd93vky46908,2026-09-25,Prosper Maine PAC,Independent Expenditure,14130.00,"RYE Strategies, LLC","ONL - Social media, online ads",Digital advertising,Domingo Torres,Support,661.00,Representative District 142,Representative,142,Republican,https://www.mainecampaignfinancedisclosure.com/public/activities/a_01m3cmcxhjfj3bkd93vky46908,2026-10-05 14:41,General,,142,2026-09-25 11:54
a_01m3b1kcc2ensrwde2cwp54vsg,2026-09-24,PLANNED PARENTHOOD MAINE ACTION FUND PAC,Independent Expenditure,46751.16,"Mission Control, Inc.",MHS - Direct mail (all costs included),Mail piece,Hannah Pingree,Support,46751.16,Governor,Governor,-,Democratic,https://www.mainecampaignfinancedisclosure.com/public/activities/a_01m3b1kcc2ensrwde2cwp54vsg,2026-10-05 14:41,General,,,2026-09-24 21:06
a_01m3878r9sfybv07t8kb62rm64,2026-09-23,PLANNED PARENTHOOD MAINE ACTION FUND PAC,Independent Expenditure,100000.00,"The New Media Firm, Inc.","ONL - Social media, online ads",Digital ads,Robert B. Charles,Oppose,100000.00,Governor,Governor,-,Republican,https://www.mainecampaignfinancedisclosure.com/public/activities/a_01m3878r9sfybv07t8kb62rm64,2026-10-05 14:41,General,,,2026-09-23 18:48
a_01m376f3mxf6atqbezkg0kqp97,2026-09-23,PLANNED PARENTHOOD MAINE ACTION FUND PAC,Independent Expenditure,53278.28,"Mission Control, Inc.",MHS - Direct mail (all costs included),Mail piece,Hannah Pingree,Support,35518.86,Governor,Governor,-,Democratic,https://www.mainecampaignfinancedisclosure.com/public/activities/a_01m376f3mxf6atqbezkg0kqp97,2026-10-05 14:41,General,,,2026-09-23 09:14
a_01m376f3mxf6atqbezkg0kqp97,2026-09-23,PLANNED PARENTHOOD MAINE ACTION FUND PAC,Independent Expenditure,53278.28,"Mission Control, Inc.",MHS - Direct mail (all costs included),Mail piece,Richard Bennett,Oppose,8879.71,Governor,Governor,-,Unenrolled,https://www.mainecampaignfinancedisclosure.com/public/activities/a_01m376f3mxf6atqbezkg0kqp97,2026-10-05 14:41,General,,,2026-09-23 09:14
a_01m376f3mxf6atqbezkg0kqp97,2026-09-23,PLANNED PARENTHOOD MAINE ACTION FUND PAC,Independent Expenditure,53278.28,"Mission Control, Inc.",MHS - Direct mail (all costs included),Mail piece,Robert B. Charles,Oppose,8879.71,Governor,Governor,-,Republican,https://www.mainecampaignfinancedisclosure.com/public/activities/a_01m376f3mxf6atqbezkg0kqp97,2026-10-05 14:41,General,,,2026-09-23 09:14
a_01m35mrwnzen5a40t5nhmzf5bc,2026-09-22,MAINE DEMOCRATIC STATE COMMITTEE,Independent Expenditure,24210.47,Bent Brook Media,"OFF - Office supplies, utilities",Digital Production,Michael Tipping,Support,1345.03,Senator District 8,Senator,8,Democratic,https://www.mainecampaignfinancedisclosure.com/public/activities/a_01m35mrwnzen5a40t5nhmzf5bc,2026-10-05 14:41,General,,8,2026-09-22 18:46
a_01m35mrwnzen5a40t5nhmzf5bc,2026-09-22,MAINE DEMOCRATIC STATE COMMITTEE,Independent Expenditure,24210.47,Bent Brook Media,"OFF - Office supplies, utilities",Digital Production,Leo Christopher Kenney,Oppose,1345.03,Senator District 8,Senator,8,Republican,https://www.mainecampaignfinancedisclosure.com/public/activities/a_01m35mrwnzen5a40t5nhmzf5bc,2026-10-05 14:41,General,,8,2026-09-22 18:46
a_01m35mrwnzen5a40t5nhmzf5bc,2026-09-22,MAINE DEMOCRATIC STATE COMMITTEE,Independent Expenditure,24210.47,Bent Brook Media,"OFF - Office supplies, utilities",Digital Production,Craig Hickman,Support,2690.02,Senator District 14,Senator,14,Democratic,https://www.mainecampaignfinancedisclosure.com/public/activities/a_01m35mrwnzen5a40t5nhmzf5bc,2026-10-05 14:41,General,,14,2026-09-22 18:46
a_01m35mrwnzen5a40t5nhmzf5bc,2026-09-22,MAINE DEMOCRATIC STATE COMMITTEE,Independent Expenditure,24210.47,Bent Brook Media,"OFF - Office supplies, utilities",Digital Production,Amanda Heath,Support,2690.03,Senator District 15,Senator,15,Democratic,https://www.mainecampaignfinancedisclosure.com/public/activities/a_01m35mrwnzen5a40t5nhmzf5bc,2026-10-05 14:41,General,,15,2026-09-22 18:46
a_01m35mrwnzen5a40t5nhmzf5bc,2026-09-22,MAINE DEMOCRATIC STATE COMMITTEE,Independent Expenditure,24210.47,Bent Brook Media,"OFF - Office supplies, utilities",Digital Production,Patric Moore,Support,1345.03,Senator District 16,Senator,16,Democratic,https://www.mainecampaignfinancedisclosure.com/public/activities/a_01m35mrwnzen5a40t5nhmzf5bc,2026-10-05 14:41,General,,16,2026-09-22 18:46
a_01m35mrwnzen5a40t5nhmzf5bc,2026-09-22,MAINE DEMOCRATIC STATE COMMITTEE,Independent Expenditure,24210.47,Bent Brook Media,"OFF - Office supplies, utilities",Digital Production,Scott W. Cyrway,Oppose,1345.03,Senator District 16,Senator,16,Republican,https://www.mainecampaignfinancedisclosure.com/public/activities/a_01m35mrwnzen5a40t5nhmzf5bc,2026-10-05 14:41,General,,16,2026-09-22 18:46
a_01m35mrwnzen5a40t5nhmzf5bc,2026-09-22,MAINE DEMOCRATIC STATE COMMITTEE,Independent Expenditure,24210.47,Bent Brook Media,"OFF - Office supplies, utilities",Digital Production,Elizabeth D. Bosworth,Support,1345.03,Senator District 18,Senator,18,Democratic,https://www.mainecampaignfinancedisclosure.com/public/activities/a_01m35mrwnzen5a40t5nhmzf5bc,2026-10-05 14:41,General,,18,2026-09-22 18:46
a_01m35mrwnzen5a40t5nhmzf5bc,2026-09-22,MAINE DEMOCRATIC STATE COMMITTEE,Independent Expenditure,24210.47,Bent Brook Media,"OFF - Office supplies, utilities",Digital Production,John Andrews,Oppose,1345.03,Senator District 18,Senator,18,Republican,https://www.mainecampaignfinancedisclosure.com/public/activities/a_01m35mrwnzen5a40t5nhmzf5bc,2026-10-05 14:41,General,,18,2026-09-22 18:46
a_01m35mrwnzen5a40t5nhmzf5bc,2026-09-22,MAINE DEMOCRATIC STATE COMMITTEE,Independent Expenditure,24210.47,Bent Brook Media,"OFF - Office supplies, utilities",Digital Production,Peter J. Southam,Support,1345.03,Senator District 19,Senator,19,Democratic,https://www.mainecampaignfinancedisclosure.com/public/activities/a_01m35mrwnzen5a40t5nhmzf5bc,2026-10-05 14:41,General,,19,2026-09-22 18:46
a_01m35mrwnzen5a40t5nhmzf5bc,2026-09-22,MAINE DEMOCRATIC STATE COMMITTEE,Independent Expenditure,24210.47,Bent Brook Media,"OFF - Office supplies, utilities",Digital Production,Joseph Edward Martin,Oppose,1345.03,Senator District 19,Senator,19,Republican,https://www.mainecampaignfinancedisclosure.com/public/activities/a_01m35mrwnzen5a40t5nhmzf5bc,2026-10-05 14:41,General,,19,2026-09-22 18:46
a_01m35mrwnzen5a40t5nhmzf5bc,2026-09-22,MAINE DEMOCRATIC STATE COMMITTEE,Independent Expenditure,24210.47,Bent Brook Media,"OFF - Office supplies, utilities",Digital Production,Michael R. Scott,Support,1345.03,Senator District 20,Senator,20,Democratic,https://www.mainecampaignfinancedisclosure.com/public/activities/a_01m35mrwnzen5a40t5nhmzf5bc,2026-10-05 14:41,General,,20,2026-09-22 18:46
a_01m35mrwnzen5a40t5nhmzf5bc,2026-09-22,MAINE DEMOCRATIC STATE COMMITTEE,Independent Expenditure,24210.47,Bent Brook Media,"OFF - Office supplies, utilities",Digital Production,Bruce Bickford,Oppose,1345.03,Senator District 20,Senator,20,Republican,https://www.mainecampaignfinancedisclosure.com/public/activities/a_01m35mrwnzen5a40t5nhmzf5bc,2026-10-05 14:41,General,,20,2026-09-22 18:46
a_01m35mrwnzen5a40t5nhmzf5bc,2026-09-22,MAINE DEMOCRATIC STATE COMMITTEE,Independent Expenditure,24210.47,Bent Brook Media,"OFF - Office supplies, utilities",Digital Production,Timothy E Nangle,Support,1345.03,Senator District 26,Senator,26,Democratic,https://www.mainecampaignfinancedisclosure.com/public/activities/a_01m35mrwnzen5a40t5nhmzf5bc,2026-10-05 14:41,General,,26,2026-09-22 18:46
a_01m35mrwnzen5a40t5nhmzf5bc,2026-09-22,MAINE DEMOCRATIC STATE COMMITTEE,Independent Expenditure,24210.47,Bent Brook Media,"OFF - Office supplies, utilities",Digital Production,Kenneth Cianchette,Oppose,1345.03,Senator District 26,Senator,26,Republican,https://www.mainecampaignfinancedisclosure.com/public/activities/a_01m35mrwnzen5a40t5nhmzf5bc,2026-10-05 14:41,General,,26,2026-09-22 18:46
a_01m35mrwnzen5a40t5nhmzf5bc,2026-09-22,MAINE DEMOCRATIC STATE COMMITTEE,Independent Expenditure,24210.47,Bent Brook Media,"OFF - Office supplies, utilities",Digital Production,Mark Vigliotta,Support,1345.03,Senator District 33,Senator,33,Democratic,https://www.mainecampaignfinancedisclosure.com/public/activities/a_01m35mrwnzen5a40t5nhmzf5bc,2026-10-05 14:41,General,,33,2026-09-22 18:46
a_01m35mrwnzen5a40t5nhmzf5bc,2026-09-22,MAINE DEMOCRATIC STATE COMMITTEE,Independent Expenditure,24210.47,Bent Brook Media,"OFF - Office supplies, utilities",Digital Production,Matthew A. Harrington,Oppose,1345.03,Senator District 33,Senator,33,Republican,https://www.mainecampaignfinancedisclosure.com/public/activities/a_01m35mrwnzen5a40t5nhmzf5bc,2026-10-05 14:41,General,,33,2026-09-22 18:46
a_01m35knab1fj9shaychjvphb0s,2026-09-22,MAINE DEMOCRATIC STATE COMMITTEE,Independent Expenditure,24176.34,Alphabet Inc,"ONL - Social media, online ads",Digital Ads,Michael Tipping,Support,3946.50,Senator District 8,Senator,8,Democratic,https://www.mainecampaignfinancedisclosure.com/public/activities/a_01m35knab1fj9shaychjvphb0s,2026-10-05 14:41,General,,8,2026-09-22 18:26
a_01m35knab1fj9shaychjvphb0s,2026-09-22,MAINE DEMOCRATIC STATE COMMITTEE,Independent Expenditure,24176.34,Alphabet Inc,"ONL - Social media, online ads",Digital Ads,Craig Hickman,Support,4315.17,Senator District 14,Senator,14,Democratic,https://www.mainecampaignfinancedisclosure.com/public/activities/a_01m35knab1fj9shaychjvphb0s,2026-10-05 14:41,General,,14,2026-09-22 18:26
a_01m35knab1fj9shaychjvphb0s,2026-09-22,MAINE DEMOCRATIC STATE COMMITTEE,Independent Expenditure,24176.34,Alphabet Inc,"ONL - Social media, online ads",Digital Ads,Amanda Heath,Support,3839.33,Senator District 15,Senator,15,Democratic,https://www.mainecampaignfinancedisclosure.com/public/activities/a_01m35knab1fj9shaychjvphb0s,2026-10-05 14:41,General,,15,2026-09-22 18:26
a_01m35knab1fj9shaychjvphb0s,2026-09-22,MAINE DEMOCRATIC STATE COMMITTEE,Independent Expenditure,24176.34,Alphabet Inc,"ONL - Social media, online ads",Digital Ads,Patric Moore,Support,1921.58,Senator District 16,Senator,16,Democratic,https://www.mainecampaignfinancedisclosure.com/public/activities/a_01m35knab1fj9shaychjvphb0s,2026-10-05 14:41,General,,16,2026-09-22 18:26
a_01m35knab1fj9shaychjvphb0s,2026-09-22,MAINE DEMOCRATIC STATE COMMITTEE,Independent Expenditure,24176.34,Alphabet Inc,"ONL - Social media, online ads",Digital Ads,Scott W. Cyrway,Oppose,1921.59,Senator District 16,Senator,16,Republican,https://www.mainecampaignfinancedisclosure.com/public/activities/a_01m35knab1fj9shaychjvphb0s,2026-10-05 14:41,General,,16,2026-09-22 18:26
a_01m35knab1fj9shaychjvphb0s,2026-09-22,MAINE DEMOCRATIC STATE COMMITTEE,Independent Expenditure,24176.34,Alphabet Inc,"ONL - Social media, online ads",Digital Ads,Michael R. Scott,Support,1989.00,Senator District 20,Senator,20,Democratic,https://www.mainecampaignfinancedisclosure.com/public/activities/a_01m35knab1fj9shaychjvphb0s,2026-10-05 14:41,General,,20,2026-09-22 18:26
a_01m35knab1fj9shaychjvphb0s,2026-09-22,MAINE DEMOCRATIC STATE COMMITTEE,Independent Expenditure,24176.34,Alphabet Inc,"ONL - Social media, online ads",Digital Ads,Bruce Bickford,Oppose,1989.00,Senator District 20,Senator,20,Republican,https://www.mainecampaignfinancedisclosure.com/public/activities/a_01m35knab1fj9shaychjvphb0s,2026-10-05 14:41,General,,20,2026-09-22 18:26
a_01m35knab1fj9shaychjvphb0s,2026-09-22,MAINE DEMOCRATIC STATE COMMITTEE,Independent Expenditure,24176.34,Alphabet Inc,"ONL - Social media, online ads",Digital Ads,Kenneth Cianchette,Oppose,4254.17,Senator District 26,Senator,26,Republican,https://www.mainecampaignfinancedisclosure.com/public/activities/a_01m35knab1fj9shaychjvphb0s,2026-10-05 14:41,General,,26,2026-09-22 18:26
a_01m35g8rmnfkqatknjrfd7q6hq,2026-09-22,MAINE DEMOCRATIC STATE COMMITTEE,Independent Expenditure,9729.01,Meta,"ONL - Social media, online ads",Digital Ads,Michael Tipping,Support,1588.17,Senator District 8,Senator,8,Democratic,https://www.mainecampaignfinancedisclosure.com/public/activities/a_01m35g8rmnfkqatknjrfd7q6hq,2026-10-05 14:41,General,,8,2026-09-22 17:27
a_01m35g8rmnfkqatknjrfd7q6hq,2026-09-22,MAINE DEMOCRATIC STATE COMMITTEE,Independent Expenditure,9729.01,Meta,"ONL - Social media, online ads",Digital Ads,Kenneth Cianchette,Oppose,1712.00,Senator District 26,Senator,26,Republican,https://www.mainecampaignfinancedisclosure.com/public/activities/a_01m35g8rmnfkqatknjrfd7q6hq,2026-10-05 14:41,General,,26,2026-09-22 17:27
a_01m35g8rmnfkqatknjrfd7q6hq,2026-09-22,MAINE DEMOCRATIC STATE COMMITTEE,Independent Expenditure,9729.01,Meta,"ONL - Social media, online ads",Digital Ads,Bruce Bickford,Oppose,800.42,Senator District 20,Senator,20,Republican,https://www.mainecampaignfinancedisclosure.com/public/activities/a_01m35g8rmnfkqatknjrfd7q6hq,2026-10-05 14:41,General,,20,2026-09-22 17:27
a_01m35g8rmnfkqatknjrfd7q6hq,2026-09-22,MAINE DEMOCRATIC STATE COMMITTEE,Independent Expenditure,9729.01,Meta,"ONL - Social media, online ads",Digital Ads,Craig Hickman,Support,1736.50,Senator District 14,Senator,14,Democratic,https://www.mainecampaignfinancedisclosure.com/public/activities/a_01m35g8rmnfkqatknjrfd7q6hq,2026-10-05 14:41,General,,14,2026-09-22 17:27
a_01m35g8rmnfkqatknjrfd7q6hq,2026-09-22,MAINE DEMOCRATIC STATE COMMITTEE,Independent Expenditure,9729.01,Meta,"ONL - Social media, online ads",Digital Ads,Amanda Heath,Support,1545.00,Senator District 15,Senator,15,Democratic,https://www.mainecampaignfinancedisclosure.com/public/activities/a_01m35g8rmnfkqatknjrfd7q6hq,2026-10-05 14:41,General,,15,2026-09-22 17:27
a_01m35g8rmnfkqatknjrfd7q6hq,2026-09-22,MAINE DEMOCRATIC STATE COMMITTEE,Independent Expenditure,9729.01,Meta,"ONL - Social media, online ads",Digital Ads,Patric Moore,Support,773.25,Senator District 16,Senator,16,Democratic,https://www.mainecampaignfinancedisclosure.com/public/activities/a_01m35g8rmnfkqatknjrfd7q6hq,2026-10-05 14:41,General,,16,2026-09-22 17:27
a_01m35g8rmnfkqatknjrfd7q6hq,2026-09-22,MAINE DEMOCRATIC STATE COMMITTEE,Independent Expenditure,9729.01,Meta,"ONL - Social media, online ads",Digital Ads,Scott W. Cyrway,Oppose,773.25,Senator District 16,Senator,16,Republican,https://www.mainecampaignfinancedisclosure.com/public/activities/a_01m35g8rmnfkqatknjrfd7q6hq,2026-10-05 14:41,General,,16,2026-09-22 17:27
a_01m35g8rmnfkqatknjrfd7q6hq,2026-09-22,MAINE DEMOCRATIC STATE COMMITTEE,Independent Expenditure,9729.01,Meta,"ONL - Social media, online ads",Digital Ads,Michael R. Scott,Support,800.42,Senator District 20,Senator,20,Democratic,https://www.mainecampaignfinancedisclosure.com/public/activities/a_01m35g8rmnfkqatknjrfd7q6hq,2026-10-05 14:41,General,,20,2026-09-22 17:27
a_01m35fv3zsf7rs893mjbr84h6a,2026-09-22,MAINE DEMOCRATIC STATE COMMITTEE,Independent Expenditure,43000.65,Targeted Platform Media LLC,"ONL - Social media, online ads",Digital Ads,Craig Hickman,Support,7675.00,Senator District 14,Senator,14,Democratic,https://www.mainecampaignfinancedisclosure.com/public/activities/a_01m35fv3zsf7rs893mjbr84h6a,2026-10-05 14:41,General,,14,2026-09-22 17:20
a_01m35fv3zsf7rs893mjbr84h6a,2026-09-22,MAINE DEMOCRATIC STATE COMMITTEE,Independent Expenditure,43000.65,Targeted Platform Media LLC,"ONL - Social media, online ads",Digital Ads,Amanda Heath,Support,6828.83,Senator District 15,Senator,15,Democratic,https://www.mainecampaignfinancedisclosure.com/public/activities/a_01m35fv3zsf7rs893mjbr84h6a,2026-10-05 14:41,General,,15,2026-09-22 17:20
a_01m35fv3zsf7rs893mjbr84h6a,2026-09-22,MAINE DEMOCRATIC STATE COMMITTEE,Independent Expenditure,43000.65,Targeted Platform Media LLC,"ONL - Social media, online ads",Digital Ads,Patric Moore,Support,3417.75,Senator District 16,Senator,16,Democratic,https://www.mainecampaignfinancedisclosure.com/public/activities/a_01m35fv3zsf7rs893mjbr84h6a,2026-10-05 14:41,General,,16,2026-09-22 17:20
a_01m35fv3zsf7rs893mjbr84h6a,2026-09-22,MAINE DEMOCRATIC STATE COMMITTEE,Independent Expenditure,43000.65,Targeted Platform Media LLC,"ONL - Social media, online ads",Digital Ads,Scott W. Cyrway,Oppose,3417.75,Senator District 16,Senator,16,Republican,https://www.mainecampaignfinancedisclosure.com/public/activities/a_01m35fv3zsf7rs893mjbr84h6a,2026-10-05 14:41,General,,16,2026-09-22 17:20
a_01m35fv3zsf7rs893mjbr84h6a,2026-09-22,MAINE DEMOCRATIC STATE COMMITTEE,Independent Expenditure,43000.65,Targeted Platform Media LLC,"ONL - Social media, online ads",Digital Ads,Bruce Bickford,Oppose,3537.66,Senator District 20,Senator,20,Republican,https://www.mainecampaignfinancedisclosure.com/public/activities/a_01m35fv3zsf7rs893mjbr84h6a,2026-10-05 14:41,General,,20,2026-09-22 17:20
a_01m35fv3zsf7rs893mjbr84h6a,2026-09-22,MAINE DEMOCRATIC STATE COMMITTEE,Independent Expenditure,43000.65,Targeted Platform Media LLC,"ONL - Social media, online ads",Digital Ads,Kenneth Cianchette,Oppose,7566.67,Senator District 26,Senator,26,Republican,https://www.mainecampaignfinancedisclosure.com/public/activities/a_01m35fv3zsf7rs893mjbr84h6a,2026-10-05 14:41,General,,26,2026-09-22 17:20
a_01m35fv3zsf7rs893mjbr84h6a,2026-09-22,MAINE DEMOCRATIC STATE COMMITTEE,Independent Expenditure,43000.65,Targeted Platform Media LLC,"ONL - Social media, online ads",Digital Ads,Michael Tipping,Support,7019.33,Senator District 8,Senator,8,Democratic,https://www.mainecampaignfinancedisclosure.com/public/activities/a_01m35fv3zsf7rs893mjbr84h6a,2026-10-05 14:41,General,,8,2026-09-22 17:20
a_01m35fv3zsf7rs893mjbr84h6a,2026-09-22,MAINE DEMOCRATIC STATE COMMITTEE,Independent Expenditure,43000.65,Targeted Platform Media LLC,"ONL - Social media, online ads",Digital Ads,Michael R. Scott,Support,3537.66,Senator District 20,Senator,20,Democratic,https://www.mainecampaignfinancedisclosure.com/public/activities/a_01m35fv3zsf7rs893mjbr84h6a,2026-10-05 14:41,General,,20,2026-09-22 17:20
a_01m35ez3r6ftz9w9y3wp5dkfv4,2026-09-21,MAINE DEMOCRATIC STATE COMMITTEE,Independent Expenditure,40664.80,"JM2, LLC",MHS - Direct mail (all costs included),Mail Printing & Postage,Scott W. Cyrway,Oppose,5673.80,Senator District 16,Senator,16,Republican,https://www.mainecampaignfinancedisclosure.com/public/activities/a_01m35ez3r6ftz9w9y3wp5dkfv4,2026-10-05 14:42,General,,16,2026-09-22 17:04
a_01m35ez3r6ftz9w9y3wp5dkfv4,2026-09-21,MAINE DEMOCRATIC STATE COMMITTEE,Independent Expenditure,40664.80,"JM2, LLC",MHS - Direct mail (all costs included),Mail Printing & Postage,Amanda Heath,Support,3193.85,Senator District 15,Senator,15,Democratic,https://www.mainecampaignfinancedisclosure.com/public/activities/a_01m35ez3r6ftz9w9y3wp5dkfv4,2026-10-05 14:42,General,,15,2026-09-22 17:04
a_01m35ez3r6ftz9w9y3wp5dkfv4,2026-09-21,MAINE DEMOCRATIC STATE COMMITTEE,Independent Expenditure,40664.80,"JM2, LLC",MHS - Direct mail (all costs included),Mail Printing & Postage,Kati L. McCormick,Oppose,3193.85,Senator District 15,Senator,15,Republican,https://www.mainecampaignfinancedisclosure.com/public/activities/a_01m35ez3r6ftz9w9y3wp5dkfv4,2026-10-05 14:42,General,,15,2026-09-22 17:04
a_01m35ez3r6ftz9w9y3wp5dkfv4,2026-09-21,MAINE DEMOCRATIC STATE COMMITTEE,Independent Expenditure,40664.80,"JM2, LLC",MHS - Direct mail (all costs included),Mail Printing & Postage,Leo Christopher Kenney,Oppose,3069.55,Senator District 8,Senator,8,Republican,https://www.mainecampaignfinancedisclosure.com/public/activities/a_01m35ez3r6ftz9w9y3wp5dkfv4,2026-10-05 14:42,General,,8,2026-09-22 17:04
a_01m35ez3r6ftz9w9y3wp5dkfv4,2026-09-21,MAINE DEMOCRATIC STATE COMMITTEE,Independent Expenditure,40664.80,"JM2, LLC",MHS - Direct mail (all costs included),Mail Printing & Postage,Kenneth Cianchette,Oppose,8269.80,Senator District 26,Senator,26,Republican,https://www.mainecampaignfinancedisclosure.com/public/activities/a_01m35ez3r6ftz9w9y3wp5dkfv4,2026-10-05 14:42,General,,26,2026-09-22 17:04
a_01m35ez3r6ftz9w9y3wp5dkfv4,2026-09-21,MAINE DEMOCRATIC STATE COMMITTEE,Independent Expenditure,40664.80,"JM2, LLC",MHS - Direct mail (all costs included),Mail Printing & Postage,Bruce Bickford,Oppose,3561.25,Senator District 20,Senator,20,Republican,https://www.mainecampaignfinancedisclosure.com/public/activities/a_01m35ez3r6ftz9w9y3wp5dkfv4,2026-10-05 14:42,General,,20,2026-09-22 17:04
a_01m35ez3r6ftz9w9y3wp5dkfv4,2026-09-21,MAINE DEMOCRATIC STATE COMMITTEE,Independent Expenditure,40664.80,"JM2, LLC",MHS - Direct mail (all costs included),Mail Printing & Postage,Michael R. Scott,Support,3561.25,Senator District 20,Senator,20,Democratic,https://www.mainecampaignfinancedisclosure.com/public/activities/a_01m35ez3r6ftz9w9y3wp5dkfv4,2026-10-05 14:42,General,,20,2026-09-22 17:04
a_01m35ez3r6ftz9w9y3wp5dkfv4,2026-09-21,MAINE DEMOCRATIC STATE COMMITTEE,Independent Expenditure,40664.80,"JM2, LLC",MHS - Direct mail (all costs included),Mail Printing & Postage,Craig Hickman,Support,7071.90,Senator District 14,Senator,14,Democratic,https://www.mainecampaignfinancedisclosure.com/public/activities/a_01m35ez3r6ftz9w9y3wp5dkfv4,2026-10-05 14:42,General,,14,2026-09-22 17:04
a_01m35ez3r6ftz9w9y3wp5dkfv4,2026-09-21,MAINE DEMOCRATIC STATE COMMITTEE,Independent Expenditure,40664.80,"JM2, LLC",MHS - Direct mail (all costs included),Mail Printing & Postage,Michael Tipping,Support,3069.55,Senator District 8,Senator,8,Democratic,https://www.mainecampaignfinancedisclosure.com/public/activities/a_01m35ez3r6ftz9w9y3wp5dkfv4,2026-10-05 14:42,General,,8,2026-09-22 17:04
a_01m35dqxdpegfsxjy888rn20a3,2026-09-22,MAINE CONSERVATION VOTERS ACTION FUND,Independent Expenditure,6052.00,Bent Brook Media LLC,TVN - TV ads and production,Digital ad shoot production costs,Amanda Heath,Support,605.20,Senator District 15,Senator,15,Democratic,https://www.mainecampaignfinancedisclosure.com/public/activities/a_01m35dqxdpegfsxjy888rn20a3,2026-10-05 14:41,General,,15,2026-09-22 16:43
a_01m35dqxdpegfsxjy888rn20a3,2026-09-22,MAINE CONSERVATION VOTERS ACTION FUND,Independent Expenditure,6052.00,Bent Brook Media LLC,TVN - TV ads and production,Digital ad shoot production costs,Scott W. Cyrway,Oppose,1210.40,Senator District 16,Senator,16,Republican,https://www.mainecampaignfinancedisclosure.com/public/activities/a_01m35dqxdpegfsxjy888rn20a3,2026-10-05 14:41,General,,16,2026-09-22 16:43
a_01m35dqxdpegfsxjy888rn20a3,2026-09-22,MAINE CONSERVATION VOTERS ACTION FUND,Independent Expenditure,6052.00,Bent Brook Media LLC,TVN - TV ads and production,Digital ad shoot production costs,Elizabeth D. Bosworth,Support,605.20,Senator District 18,Senator,18,Democratic,https://www.mainecampaignfinancedisclosure.com/public/activities/a_01m35dqxdpegfsxjy888rn20a3,2026-10-05 14:41,General,,18,2026-09-22 16:43
a_01m35dqxdpegfsxjy888rn20a3,2026-09-22,MAINE CONSERVATION VOTERS ACTION FUND,Independent Expenditure,6052.00,Bent Brook Media LLC,TVN - TV ads and production,Digital ad shoot production costs,Joseph Edward Martin,Oppose,1210.40,Senator District 19,Senator,19,Republican,https://www.mainecampaignfinancedisclosure.com/public/activities/a_01m35dqxdpegfsxjy888rn20a3,2026-10-05 14:41,General,,19,2026-09-22 16:43
a_01m35dqxdpegfsxjy888rn20a3,2026-09-22,MAINE CONSERVATION VOTERS ACTION FUND,Independent Expenditure,6052.00,Bent Brook Media LLC,TVN - TV ads and production,Digital ad shoot production costs,Bruce Bickford,Oppose,1210.40,Senator District 20,Senator,20,Republican,https://www.mainecampaignfinancedisclosure.com/public/activities/a_01m35dqxdpegfsxjy888rn20a3,2026-10-05 14:41,General,,20,2026-09-22 16:43
a_01m35dqxdpegfsxjy888rn20a3,2026-09-22,MAINE CONSERVATION VOTERS ACTION FUND,Independent Expenditure,6052.00,Bent Brook Media LLC,TVN - TV ads and production,Digital ad shoot production costs,Matthew A. Harrington,Oppose,1210.40,Senator District 33,Senator,33,Republican,https://www.mainecampaignfinancedisclosure.com/public/activities/a_01m35dqxdpegfsxjy888rn20a3,2026-10-05 14:41,General,,33,2026-09-22 16:43
a_01m352c39febwbt838s47h5qkf,2026-09-21,Leadership for Maine's Future PAC,Independent Expenditure,439.83,Spectrum Marketing Companies,"PER - Staffing, consulting",Literature,Jantzen Stephen Craine,Support,439.83,Representative District 7,Representative,7,Republican,https://www.mainecampaignfinancedisclosure.com/public/activities/a_01m352c39febwbt838s47h5qkf,2026-10-05 14:42,General,,7,2026-09-22 13:24
a_01m32eara0fr2rtbzawygrwytv,2026-09-21,Leadership for Maine's Future PAC,Independent Expenditure,1000.00,Sandtrap Associates,"PER - Staffing, consulting",Canvassing,Roger Albert,Support,500.00,Representative District 2,Representative,2,Republican,https://www.mainecampaignfinancedisclosure.com/public/activities/a_01m32eara0fr2rtbzawygrwytv,2026-10-05 14:42,General,,2,2026-09-21 12:56
a_01m32eara0fr2rtbzawygrwytv,2026-09-21,Leadership for Maine's Future PAC,Independent Expenditure,1000.00,Sandtrap Associates,"PER - Staffing, consulting",Canvassing,Susan Bernard,Support,500.00,Representative District 3,Representative,3,Republican,https://www.mainecampaignfinancedisclosure.com/public/activities/a_01m32eara0fr2rtbzawygrwytv,2026-10-05 14:42,General,,3,2026-09-21 12:56
a_01m32e7ef8egwa2mfcrsv9jhmw,2026-09-21,Leadership for Maine's Future PAC,Independent Expenditure,750.00,Kim Brown,"PER - Staffing, consulting",Canvassing,Roger Albert,Support,750.00,Representative District 2,Representative,2,Republican,https://www.mainecampaignfinancedisclosure.com/public/activities/a_01m32e7ef8egwa2mfcrsv9jhmw,2026-10-05 14:42,General,,2,2026-09-21 12:54
a_01m32e4m1yehdv57hsezfe7nf1,2026-09-21,Leadership for Maine's Future PAC,Independent Expenditure,1500.00,Debbie Bartlett,"PER - Staffing, consulting",Canvassing,Jantzen Stephen Craine,Support,1500.00,Representative District 7,Representative,7,Republican,https://www.mainecampaignfinancedisclosure.com/public/activities/a_01m32e4m1yehdv57hsezfe7nf1,2026-10-05 14:42,General,,7,2026-09-21 12:52
a_01m32dwd9sf0e8xqp43pjs8qrz,2026-09-21,Leadership for Maine's Future PAC,Independent Expenditure,1000.00,Paul Mills,"PER - Staffing, consulting",Canvassing,Roger Albert,Support,1000.00,Representative District 2,Representative,2,Republican,https://www.mainecampaignfinancedisclosure.com/public/activities/a_01m32dwd9sf0e8xqp43pjs8qrz,2026-10-05 14:42,General,,2,2026-09-21 12:48
a_01m2y88ejverza83d5aa3y3ey5,2026-09-18,Pine Tree State Prosperity,Independent Expenditure,19500.00,Ralston Lapp Guinn Media Group,TVN - TV ads and production,Consulting Services,Robert B. Charles,Oppose,19500.00,Governor,Governor,-,Republican,https://www.mainecampaignfinancedisclosure.com/public/activities/a_01m2y88ejverza83d5aa3y3ey5,2026-10-05 14:42,General,,,2026-09-19 21:52
a_01m2y80b1efk88vk3dc3fwhgpg,2026-09-18,Pine Tree State Prosperity,Independent Expenditure,64500.00,Great American Media,TVN - TV ads and production,TV Media Buy,Robert B. Charles,Oppose,64500.00,Governor,Governor,-,Republican,https://www.mainecampaignfinancedisclosure.com/public/activities/a_01m2y80b1efk88vk3dc3fwhgpg,2026-10-05 14:42,General,,,2026-09-19 21:48
a_01m2y6h6n4e7sbpmf377gxe6mn,2026-09-18,Pine Tree State Prosperity,Independent Expenditure,104500.00,"Fairbank, Maslin, Maullin, Metz, and Associates","POL - Polling, survey research",Polling Services,Robert B. Charles,Oppose,104500.00,Governor,Governor,-,Republican,https://www.mainecampaignfinancedisclosure.com/public/activities/a_01m2y6h6n4e7sbpmf377gxe6mn,2026-10-05 14:42,General,,,2026-09-19 21:22
a_01m2y681syfxhbtfz509dcvn64,2026-09-18,Pine Tree State Prosperity,Independent Expenditure,4875.00,Great American Media,TVN - TV ads and production,Consulting Services,Robert B. Charles,Oppose,4875.00,Governor,Governor,-,Republican,https://www.mainecampaignfinancedisclosure.com/public/activities/a_01m2y681syfxhbtfz509dcvn64,2026-10-05 14:42,General,,,2026-09-19 21:17
a_01m2y5gek1f31bfqmw3k83sekb,2026-09-18,Pine Tree State Prosperity,Independent Expenditure,212500.00,Great American Media,TVN - TV ads and production,TV Media Buy,Robert B. Charles,Oppose,212500.00,Governor,Governor,-,Republican,https://www.mainecampaignfinancedisclosure.com/public/activities/a_01m2y5gek1f31bfqmw3k83sekb,2026-10-05 14:42,General,,,2026-09-19 21:04
a_01m2y5ck4jf4ma1wwvzjwkdf0b,2026-09-18,Pine Tree State Prosperity,Independent Expenditure,92000.00,"The New Media Firm, Inc.","ONL - Social media, online ads",Digital Media Production & Buy,Robert B. Charles,Oppose,92000.00,Governor,Governor,-,Republican,https://www.mainecampaignfinancedisclosure.com/public/activities/a_01m2y5ck4jf4ma1wwvzjwkdf0b,2026-10-05 14:42,General,,,2026-09-19 21:02
a_01m2wvvvz9e4cs5ehjhqwecyxr,2026-09-19,Renew the American Dream,Independent Expenditure,23706.67,FP1 Strategies,MHS - Direct mail (all costs included),Mail,Hannah Pingree,Oppose,23706.67,Governor,Governor,-,Democratic,https://www.mainecampaignfinancedisclosure.com/public/activities/a_01m2wvvvz9e4cs5ehjhqwecyxr,2026-10-05 14:42,General,,,2026-09-19 08:57
a_01m2wvsz1wfkw8kp7a84craky0,2026-09-19,Renew the American Dream,Independent Expenditure,23706.67,FP1 Strategies,MHS - Direct mail (all costs included),Mail,Hannah Pingree,Oppose,23706.67,Governor,Governor,-,Democratic,https://www.mainecampaignfinancedisclosure.com/public/activities/a_01m2wvsz1wfkw8kp7a84craky0,2026-10-05 14:42,General,,,2026-09-19 08:56
a_01m2wvr5q3fdy8xc3hmvz0kh8a,2026-09-19,Renew the American Dream,Independent Expenditure,23706.67,FP1 Strategies,MHS - Direct mail (all costs included),Mail,Hannah Pingree,Oppose,23706.67,Governor,Governor,-,Democratic,https://www.mainecampaignfinancedisclosure.com/public/activities/a_01m2wvr5q3fdy8xc3hmvz0kh8a,2026-10-05 14:42,General,,,2026-09-19 08:55
a_01m2wvmfdqfpn91yg74b6fzb4a,2026-09-21,Renew the American Dream,Independent Expenditure,152880.00,FP1 Strategies,"ONL - Social media, online ads",Digital ads,Hannah Pingree,Oppose,152880.00,Governor,Governor,-,Democratic,https://www.mainecampaignfinancedisclosure.com/public/activities/a_01m2wvmfdqfpn91yg74b6fzb4a,2026-10-05 14:42,General,,,2026-09-19 08:53
a_01m2tpv3esfydvths72j0rke1b,2026-09-18,PLANNED PARENTHOOD MAINE ACTION FUND PAC,Independent Expenditure,1730.40,"Just Yard Signs, INC.","LIT - Palmcards, signs, stickers, etc.",Yard signs,Hannah Pingree,Support,1730.40,Governor,Governor,-,Democratic,https://www.mainecampaignfinancedisclosure.com/public/activities/a_01m2tpv3esfydvths72j0rke1b,2026-10-05 14:42,General,,,2026-09-18 12:50
a_01m2tje66gedy9h37qsef1ac44,2026-09-17,MAINE DEMOCRATIC STATE COMMITTEE,Independent Expenditure,29015.01,"JM2, LLC",MHS - Direct mail (all costs included),Mail Printing & Postage,Patric Moore,Support,4248.45,Senator District 16,Senator,16,Democratic,https://www.mainecampaignfinancedisclosure.com/public/activities/a_01m2tje66gedy9h37qsef1ac44,2026-10-05 14:42,General,,16,2026-09-18 11:33
a_01m2tje66gedy9h37qsef1ac44,2026-09-17,MAINE DEMOCRATIC STATE COMMITTEE,Independent Expenditure,29015.01,"JM2, LLC",MHS - Direct mail (all costs included),Mail Printing & Postage,Amanda Heath,Support,4703.67,Senator District 15,Senator,15,Democratic,https://www.mainecampaignfinancedisclosure.com/public/activities/a_01m2tje66gedy9h37qsef1ac44,2026-10-05 14:42,General,,15,2026-09-18 11:33
a_01m2tje66gedy9h37qsef1ac44,2026-09-17,MAINE DEMOCRATIC STATE COMMITTEE,Independent Expenditure,29015.01,"JM2, LLC",MHS - Direct mail (all costs included),Mail Printing & Postage,Timothy E Nangle,Support,5090.04,Senator District 26,Senator,26,Democratic,https://www.mainecampaignfinancedisclosure.com/public/activities/a_01m2tje66gedy9h37qsef1ac44,2026-10-05 14:42,General,,26,2026-09-18 11:33
a_01m2tje66gedy9h37qsef1ac44,2026-09-17,MAINE DEMOCRATIC STATE COMMITTEE,Independent Expenditure,29015.01,"JM2, LLC",MHS - Direct mail (all costs included),Mail Printing & Postage,Bruce Bickford,Oppose,5244.75,Senator District 20,Senator,20,Republican,https://www.mainecampaignfinancedisclosure.com/public/activities/a_01m2tje66gedy9h37qsef1ac44,2026-10-05 14:42,General,,20,2026-09-18 11:33
a_01m2tje66gedy9h37qsef1ac44,2026-09-17,MAINE DEMOCRATIC STATE COMMITTEE,Independent Expenditure,29015.01,"JM2, LLC",MHS - Direct mail (all costs included),Mail Printing & Postage,Craig Hickman,Support,5207.49,Senator District 14,Senator,14,Democratic,https://www.mainecampaignfinancedisclosure.com/public/activities/a_01m2tje66gedy9h37qsef1ac44,2026-10-05 14:42,General,,14,2026-09-18 11:33
a_01m2tje66gedy9h37qsef1ac44,2026-09-17,MAINE DEMOCRATIC STATE COMMITTEE,Independent Expenditure,29015.01,"JM2, LLC",MHS - Direct mail (all costs included),Mail Printing & Postage,Michael Tipping,Support,4520.61,Senator District 8,Senator,8,Democratic,https://www.mainecampaignfinancedisclosure.com/public/activities/a_01m2tje66gedy9h37qsef1ac44,2026-10-05 14:42,General,,8,2026-09-18 11:33
a_01m2qpxx77fvj8ext3kfdmanks,2026-09-14,Mainers for Economic Opportunity,Independent Expenditure,10787.50,"LFD Strategies, LLC","ONL - Social media, online ads",Support Candidates,William J. St. Michel,Support,10787.50,Representative District 98,Representative,98,Republican,https://www.mainecampaignfinancedisclosure.com/public/activities/a_01m2qpxx77fvj8ext3kfdmanks,2026-10-05 14:42,General,,98,2026-09-17 08:54
a_01m2jrytspen2ag6dx7w12yfdf,2026-09-15,Renew the American Dream,Independent Expenditure,10000.00,ColdSpark,"ONL - Social media, online ads",Digital advertising,Hannah Pingree,Oppose,10000.00,Governor,Governor,-,Democratic,https://www.mainecampaignfinancedisclosure.com/public/activities/a_01m2jrytspen2ag6dx7w12yfdf,2026-10-05 14:42,General,,,2026-09-15 10:53
a_01m2gxrmyjf5qb10hbtny3yr3v,2026-09-14,People Over Politics PAC,Independent Expenditure,9968.53,Spectrum Marketing Companies,"ONL - Social media, online ads",Marketing,Kelly Dearborn,Support,796.83,Representative District 108,Representative,108,Republican,https://www.mainecampaignfinancedisclosure.com/public/activities/a_01m2gxrmyjf5qb10hbtny3yr3v,2026-10-05 14:42,General,,108,2026-09-14 17:39
a_01m2gxrmyjf5qb10hbtny3yr3v,2026-09-14,People Over Politics PAC,Independent Expenditure,9968.53,Spectrum Marketing Companies,"ONL - Social media, online ads",Marketing,Domingo Torres,Support,684.35,Representative District 142,Representative,142,Republican,https://www.mainecampaignfinancedisclosure.com/public/activities/a_01m2gxrmyjf5qb10hbtny3yr3v,2026-10-05 14:42,General,,142,2026-09-14 17:39
a_01m2gxrmyjf5qb10hbtny3yr3v,2026-09-14,People Over Politics PAC,Independent Expenditure,9968.53,Spectrum Marketing Companies,"ONL - Social media, online ads",Marketing,Roger Albert,Support,651.91,Representative District 2,Representative,2,Republican,https://www.mainecampaignfinancedisclosure.com/public/activities/a_01m2gxrmyjf5qb10hbtny3yr3v,2026-10-05 14:42,General,,2,2026-09-14 17:39
a_01m2gxrmyjf5qb10hbtny3yr3v,2026-09-14,People Over Politics PAC,Independent Expenditure,9968.53,Spectrum Marketing Companies,"ONL - Social media, online ads",Marketing,PATRICK JUDE,Support,807.82,Representative District 20,Representative,20,Republican,https://www.mainecampaignfinancedisclosure.com/public/activities/a_01m2gxrmyjf5qb10hbtny3yr3v,2026-10-05 14:42,General,,20,2026-09-14 17:39
a_01m2gxrmyjf5qb10hbtny3yr3v,2026-09-14,People Over Politics PAC,Independent Expenditure,9968.53,Spectrum Marketing Companies,"ONL - Social media, online ads",Marketing,Chester B. Grover III,Support,974.72,Representative District 47,Representative,47,Republican,https://www.mainecampaignfinancedisclosure.com/public/activities/a_01m2gxrmyjf5qb10hbtny3yr3v,2026-10-05 14:42,General,,47,2026-09-14 17:39
a_01m2gxrmyjf5qb10hbtny3yr3v,2026-09-14,People Over Politics PAC,Independent Expenditure,9968.53,Spectrum Marketing Companies,"ONL - Social media, online ads",Marketing,David Wayne Guilmette,Support,907.23,Representative District 52,Representative,52,Republican,https://www.mainecampaignfinancedisclosure.com/public/activities/a_01m2gxrmyjf5qb10hbtny3yr3v,2026-10-05 14:42,General,,52,2026-09-14 17:39
a_01m2gxrmyjf5qb10hbtny3yr3v,2026-09-14,People Over Politics PAC,Independent Expenditure,9968.53,Spectrum Marketing Companies,"ONL - Social media, online ads",Marketing,"Charles Hippler, IV",Support,897.81,Representative District 55,Representative,55,Republican,https://www.mainecampaignfinancedisclosure.com/public/activities/a_01m2gxrmyjf5qb10hbtny3yr3v,2026-10-05 14:42,General,,55,2026-09-14 17:39
a_01m2gxrmyjf5qb10hbtny3yr3v,2026-09-14,People Over Politics PAC,Independent Expenditure,9968.53,Spectrum Marketing Companies,"ONL - Social media, online ads",Marketing,Dexter 'Buzz' Bridges,Support,1033.84,Representative District 58,Representative,58,Republican,https://www.mainecampaignfinancedisclosure.com/public/activities/a_01m2gxrmyjf5qb10hbtny3yr3v,2026-10-05 14:42,General,,58,2026-09-14 17:39
a_01m2gxrmyjf5qb10hbtny3yr3v,2026-09-14,People Over Politics PAC,Independent Expenditure,9968.53,Spectrum Marketing Companies,"ONL - Social media, online ads",Marketing,John Reny,Support,770.67,Representative District 59,Representative,59,Republican,https://www.mainecampaignfinancedisclosure.com/public/activities/a_01m2gxrmyjf5qb10hbtny3yr3v,2026-10-05 14:42,General,,59,2026-09-14 17:39
a_01m2gxrmyjf5qb10hbtny3yr3v,2026-09-14,People Over Politics PAC,Independent Expenditure,9968.53,Spectrum Marketing Companies,"ONL - Social media, online ads",Marketing,Randall Douglas Gauvin,Support,694.29,Representative District 75,Representative,75,Republican,https://www.mainecampaignfinancedisclosure.com/public/activities/a_01m2gxrmyjf5qb10hbtny3yr3v,2026-10-05 14:42,General,,75,2026-09-14 17:39
a_01m2gxrmyjf5qb10hbtny3yr3v,2026-09-14,People Over Politics PAC,Independent Expenditure,9968.53,Spectrum Marketing Companies,"ONL - Social media, online ads",Marketing,Kerryl Lee Clement,Support,769.63,Representative District 96,Representative,96,Republican,https://www.mainecampaignfinancedisclosure.com/public/activities/a_01m2gxrmyjf5qb10hbtny3yr3v,2026-10-05 14:42,General,,96,2026-09-14 17:39
a_01m2gxrmyjf5qb10hbtny3yr3v,2026-09-14,People Over Politics PAC,Independent Expenditure,9968.53,Spectrum Marketing Companies,"ONL - Social media, online ads",Marketing,William J. St. Michel,Support,979.43,Representative District 98,Representative,98,Republican,https://www.mainecampaignfinancedisclosure.com/public/activities/a_01m2gxrmyjf5qb10hbtny3yr3v,2026-10-05 14:42,General,,98,2026-09-14 17:39
a_01m2gwtk7wfhpshj3w8pvsd4bg,2026-09-14,MAINE DEMOCRATIC STATE COMMITTEE,Independent Expenditure,29373.22,"JM2, LLC",MHS - Direct mail (all costs included),Mail Printing & Postage,Scott W. Cyrway,Oppose,4300.90,Senator District 16,Senator,16,Republican,https://www.mainecampaignfinancedisclosure.com/public/activities/a_01m2gwtk7wfhpshj3w8pvsd4bg,2026-10-05 14:42,General,,16,2026-09-14 17:23
a_01m2gwtk7wfhpshj3w8pvsd4bg,2026-09-14,MAINE DEMOCRATIC STATE COMMITTEE,Independent Expenditure,29373.22,"JM2, LLC",MHS - Direct mail (all costs included),Mail Printing & Postage,Amanda Heath,Support,4761.74,Senator District 15,Senator,15,Democratic,https://www.mainecampaignfinancedisclosure.com/public/activities/a_01m2gwtk7wfhpshj3w8pvsd4bg,2026-10-05 14:42,General,,15,2026-09-14 17:23
a_01m2gwtk7wfhpshj3w8pvsd4bg,2026-09-14,MAINE DEMOCRATIC STATE COMMITTEE,Independent Expenditure,29373.22,"JM2, LLC",MHS - Direct mail (all costs included),Mail Printing & Postage,Kenneth Cianchette,Oppose,5152.88,Senator District 26,Senator,26,Republican,https://www.mainecampaignfinancedisclosure.com/public/activities/a_01m2gwtk7wfhpshj3w8pvsd4bg,2026-10-05 14:42,General,,26,2026-09-14 17:23
a_01m2gwtk7wfhpshj3w8pvsd4bg,2026-09-14,MAINE DEMOCRATIC STATE COMMITTEE,Independent Expenditure,29373.22,"JM2, LLC",MHS - Direct mail (all costs included),Mail Printing & Postage,Bruce Bickford,Oppose,5309.50,Senator District 20,Senator,20,Republican,https://www.mainecampaignfinancedisclosure.com/public/activities/a_01m2gwtk7wfhpshj3w8pvsd4bg,2026-10-05 14:42,General,,20,2026-09-14 17:23
a_01m2gwtk7wfhpshj3w8pvsd4bg,2026-09-14,MAINE DEMOCRATIC STATE COMMITTEE,Independent Expenditure,29373.22,"JM2, LLC",MHS - Direct mail (all costs included),Mail Printing & Postage,Craig Hickman,Support,5271.78,Senator District 14,Senator,14,Democratic,https://www.mainecampaignfinancedisclosure.com/public/activities/a_01m2gwtk7wfhpshj3w8pvsd4bg,2026-10-05 14:42,General,,14,2026-09-14 17:23
a_01m2gwtk7wfhpshj3w8pvsd4bg,2026-09-14,MAINE DEMOCRATIC STATE COMMITTEE,Independent Expenditure,29373.22,"JM2, LLC",MHS - Direct mail (all costs included),Mail Printing & Postage,Leo Christopher Kenney,Oppose,4576.42,Senator District 8,Senator,8,Republican,https://www.mainecampaignfinancedisclosure.com/public/activities/a_01m2gwtk7wfhpshj3w8pvsd4bg,2026-10-05 14:42,General,,8,2026-09-14 17:23
a_01m28hss34f44rzg9j3a1d6wc8,2026-09-10,MAINE DEMOCRATIC STATE COMMITTEE,Independent Expenditure,29731.43,"JM2, LLC",MHS - Direct mail (all costs included),Mail Printing & Postage,Scott W. Cyrway,Oppose,4353.35,Senator District 16,Senator,16,Republican,https://www.mainecampaignfinancedisclosure.com/public/activities/a_01m28hss34f44rzg9j3a1d6wc8,2026-10-05 14:42,General,,16,2026-09-11 11:36
a_01m28hss34f44rzg9j3a1d6wc8,2026-09-10,MAINE DEMOCRATIC STATE COMMITTEE,Independent Expenditure,29731.43,"JM2, LLC",MHS - Direct mail (all costs included),Mail Printing & Postage,Amanda Heath,Support,4819.81,Senator District 15,Senator,15,Democratic,https://www.mainecampaignfinancedisclosure.com/public/activities/a_01m28hss34f44rzg9j3a1d6wc8,2026-10-05 14:42,General,,15,2026-09-11 11:36
a_01m28hss34f44rzg9j3a1d6wc8,2026-09-10,MAINE DEMOCRATIC STATE COMMITTEE,Independent Expenditure,29731.43,"JM2, LLC",MHS - Direct mail (all costs included),Mail Printing & Postage,Timothy E Nangle,Support,5215.72,Senator District 26,Senator,26,Democratic,https://www.mainecampaignfinancedisclosure.com/public/activities/a_01m28hss34f44rzg9j3a1d6wc8,2026-10-05 14:42,General,,26,2026-09-11 11:36
a_01m28hss34f44rzg9j3a1d6wc8,2026-09-10,MAINE DEMOCRATIC STATE COMMITTEE,Independent Expenditure,29731.43,"JM2, LLC",MHS - Direct mail (all costs included),Mail Printing & Postage,Bruce Bickford,Oppose,5374.25,Senator District 20,Senator,20,Republican,https://www.mainecampaignfinancedisclosure.com/public/activities/a_01m28hss34f44rzg9j3a1d6wc8,2026-10-05 14:42,General,,20,2026-09-11 11:36
a_01m28hss34f44rzg9j3a1d6wc8,2026-09-10,MAINE DEMOCRATIC STATE COMMITTEE,Independent Expenditure,29731.43,"JM2, LLC",MHS - Direct mail (all costs included),Mail Printing & Postage,Craig Hickman,Support,5336.07,Senator District 14,Senator,14,Democratic,https://www.mainecampaignfinancedisclosure.com/public/activities/a_01m28hss34f44rzg9j3a1d6wc8,2026-10-05 14:42,General,,14,2026-09-11 11:36
a_01m28hss34f44rzg9j3a1d6wc8,2026-09-10,MAINE DEMOCRATIC STATE COMMITTEE,Independent Expenditure,29731.43,"JM2, LLC",MHS - Direct mail (all costs included),Mail Printing & Postage,Michael Tipping,Support,4632.23,Senator District 8,Senator,8,Democratic,https://www.mainecampaignfinancedisclosure.com/public/activities/a_01m28hss34f44rzg9j3a1d6wc8,2026-10-05 14:42,General,,8,2026-09-11 11:36
a_01m25qn94yea2r724ky7fv8jev,2026-09-10,MAINE CONSERVATION VOTERS ACTION FUND,Independent Expenditure,6120.00,"Mission Control, Inc.","LIT - Palmcards, signs, stickers, etc.",Design and printing,Hannah Pingree,Support,6120.00,Governor,Governor,-,Democratic,https://www.mainecampaignfinancedisclosure.com/public/activities/a_01m25qn94yea2r724ky7fv8jev,2026-10-05 14:42,General,,,2026-09-10 09:21
a_01m241g7b0f22bq95xrmt6wns5,2026-09-09,MAINE DEMOCRATIC STATE COMMITTEE,Independent Expenditure,37157.12,"JM2, LLC",MHS - Direct mail (all costs included),Mail Printing & Postage,Patric Moore,Support,5364.32,Senator District 16,Senator,16,Democratic,https://www.mainecampaignfinancedisclosure.com/public/activities/a_01m241g7b0f22bq95xrmt6wns5,2026-10-05 14:42,General,,16,2026-09-09 17:34
a_01m241g7b0f22bq95xrmt6wns5,2026-09-09,MAINE DEMOCRATIC STATE COMMITTEE,Independent Expenditure,37157.12,"JM2, LLC",MHS - Direct mail (all costs included),Mail Printing & Postage,Amanda Heath,Support,5930.08,Senator District 15,Senator,15,Democratic,https://www.mainecampaignfinancedisclosure.com/public/activities/a_01m241g7b0f22bq95xrmt6wns5,2026-10-05 14:42,General,,15,2026-09-09 17:34
a_01m241g7b0f22bq95xrmt6wns5,2026-09-09,MAINE DEMOCRATIC STATE COMMITTEE,Independent Expenditure,37157.12,"JM2, LLC",MHS - Direct mail (all costs included),Mail Printing & Postage,Timothy E Nangle,Support,7818.72,Senator District 26,Senator,26,Democratic,https://www.mainecampaignfinancedisclosure.com/public/activities/a_01m241g7b0f22bq95xrmt6wns5,2026-10-05 14:42,General,,26,2026-09-09 17:34
a_01m241g7b0f22bq95xrmt6wns5,2026-09-09,MAINE DEMOCRATIC STATE COMMITTEE,Independent Expenditure,37157.12,"JM2, LLC",MHS - Direct mail (all costs included),Mail Printing & Postage,Michael R. Scott,Support,6222.32,Senator District 20,Senator,20,Democratic,https://www.mainecampaignfinancedisclosure.com/public/activities/a_01m241g7b0f22bq95xrmt6wns5,2026-10-05 14:42,General,,20,2026-09-09 17:34
a_01m241g7b0f22bq95xrmt6wns5,2026-09-09,MAINE DEMOCRATIC STATE COMMITTEE,Independent Expenditure,37157.12,"JM2, LLC",MHS - Direct mail (all costs included),Mail Printing & Postage,Craig Hickman,Support,6657.04,Senator District 14,Senator,14,Democratic,https://www.mainecampaignfinancedisclosure.com/public/activities/a_01m241g7b0f22bq95xrmt6wns5,2026-10-05 14:42,General,,14,2026-09-09 17:34
a_01m241g7b0f22bq95xrmt6wns5,2026-09-09,MAINE DEMOCRATIC STATE COMMITTEE,Independent Expenditure,37157.12,"JM2, LLC",MHS - Direct mail (all costs included),Mail Printing & Postage,Michael Tipping,Support,5164.64,Senator District 8,Senator,8,Democratic,https://www.mainecampaignfinancedisclosure.com/public/activities/a_01m241g7b0f22bq95xrmt6wns5,2026-10-05 14:42,General,,8,2026-09-09 17:34
a_01m23jrstffxvratvh912sfytj,2026-09-09,MAINE CONSERVATION VOTERS ACTION FUND,Independent Expenditure,768.00,Moxie Media,"LIT - Palmcards, signs, stickers, etc.",design and printing,Elizabeth D. Bosworth,Support,384.00,Senator District 18,Senator,18,Democratic,https://www.mainecampaignfinancedisclosure.com/public/activities/a_01m23jrstffxvratvh912sfytj,2026-10-05 14:42,General,,18,2026-09-09 13:17
a_01m23jrstffxvratvh912sfytj,2026-09-09,MAINE CONSERVATION VOTERS ACTION FUND,Independent Expenditure,768.00,Moxie Media,"LIT - Palmcards, signs, stickers, etc.",design and printing,Pamela Hart,Support,384.00,Representative District 90,Representative,90,Democratic,https://www.mainecampaignfinancedisclosure.com/public/activities/a_01m23jrstffxvratvh912sfytj,2026-10-05 14:42,General,,90,2026-09-09 13:17
a_01m23jpjaxejcbvvggj515fs63,2026-09-09,MAINE CONSERVATION VOTERS ACTION FUND,Independent Expenditure,1920.00,Moxie Media,"LIT - Palmcards, signs, stickers, etc.",design and printing,Elizabeth D. Bosworth,Support,960.00,Senator District 18,Senator,18,Democratic,https://www.mainecampaignfinancedisclosure.com/public/activities/a_01m23jpjaxejcbvvggj515fs63,2026-10-05 14:42,General,,18,2026-09-09 13:15
a_01m23jpjaxejcbvvggj515fs63,2026-09-09,MAINE CONSERVATION VOTERS ACTION FUND,Independent Expenditure,1920.00,Moxie Media,"LIT - Palmcards, signs, stickers, etc.",design and printing,Christopher Easton,Support,960.00,Representative District 81,Representative,81,Democratic,https://www.mainecampaignfinancedisclosure.com/public/activities/a_01m23jpjaxejcbvvggj515fs63,2026-10-05 14:42,General,,81,2026-09-09 13:15
a_01m23jktqge4sbdgac4b8pnygm,2026-09-09,MAINE CONSERVATION VOTERS ACTION FUND,Independent Expenditure,1472.00,Moxie Media,"LIT - Palmcards, signs, stickers, etc.",design and printing,Elizabeth D. Bosworth,Support,736.00,Senator District 18,Senator,18,Democratic,https://www.mainecampaignfinancedisclosure.com/public/activities/a_01m23jktqge4sbdgac4b8pnygm,2026-10-05 14:42,General,,18,2026-09-09 13:14
a_01m23jktqge4sbdgac4b8pnygm,2026-09-09,MAINE CONSERVATION VOTERS ACTION FUND,Independent Expenditure,1472.00,Moxie Media,"LIT - Palmcards, signs, stickers, etc.",design and printing,Christopher Alfred Lewey,Support,736.00,Representative District 82,Representative,82,Democratic,https://www.mainecampaignfinancedisclosure.com/public/activities/a_01m23jktqge4sbdgac4b8pnygm,2026-10-05 14:42,General,,82,2026-09-09 13:14
a_01m23jmb62e1c9z9r1prq2v7jz,2026-06-09,VoteRise,Independent Expenditure,620.51,Movement Labs,"PHO - Phone bank, robocalls/texts",Text Messaging,Shenna Bellows,Support,206.83,Governor,Governor,-,Democratic,https://www.mainecampaignfinancedisclosure.com/public/activities/a_01m23jmb62e1c9z9r1prq2v7jz,2026-10-05 14:43,Primary,,,2026-09-09 13:14
a_01m23jmb62e1c9z9r1prq2v7jz,2026-06-09,VoteRise,Independent Expenditure,620.51,Movement Labs,"PHO - Phone bank, robocalls/texts",Text Messaging,Troy Dale Jackson,Support,206.84,Governor,Governor,-,Democratic,https://www.mainecampaignfinancedisclosure.com/public/activities/a_01m23jmb62e1c9z9r1prq2v7jz,2026-10-05 14:43,Primary,Troy Jackson,,2026-09-09 13:14
a_01m23jmb62e1c9z9r1prq2v7jz,2026-06-09,VoteRise,Independent Expenditure,620.51,Movement Labs,"PHO - Phone bank, robocalls/texts",Text Messaging,Hannah Pingree,Support,206.84,Governor,Governor,-,Democratic,https://www.mainecampaignfinancedisclosure.com/public/activities/a_01m23jmb62e1c9z9r1prq2v7jz,2026-10-05 14:43,Primary,,,2026-09-09 13:14
a_01m23jfv5qfqtbpmy44j4f25tf,2026-06-08,VoteRise,Independent Expenditure,704.98,Movement Labs,"PHO - Phone bank, robocalls/texts",Text Messaging,Shenna Bellows,Support,234.99,Governor,Governor,-,Democratic,https://www.mainecampaignfinancedisclosure.com/public/activities/a_01m23jfv5qfqtbpmy44j4f25tf,2026-10-05 14:44,Primary,,,2026-09-09 13:12
a_01m23jfv5qfqtbpmy44j4f25tf,2026-06-08,VoteRise,Independent Expenditure,704.98,Movement Labs,"PHO - Phone bank, robocalls/texts",Text Messaging,Troy Dale Jackson,Support,234.99,Governor,Governor,-,Democratic,https://www.mainecampaignfinancedisclosure.com/public/activities/a_01m23jfv5qfqtbpmy44j4f25tf,2026-10-05 14:44,Primary,Troy Jackson,,2026-09-09 13:12
a_01m23jfv5qfqtbpmy44j4f25tf,2026-06-08,VoteRise,Independent Expenditure,704.98,Movement Labs,"PHO - Phone bank, robocalls/texts",Text Messaging,Hannah Pingree,Support,235.00,Governor,Governor,-,Democratic,https://www.mainecampaignfinancedisclosure.com/public/activities/a_01m23jfv5qfqtbpmy44j4f25tf,2026-10-05 14:44,Primary,,,2026-09-09 13:12
a_01m23jeyb7fsj961gh5wyfz34g,2026-09-09,MAINE CONSERVATION VOTERS ACTION FUND,Independent Expenditure,2240.00,Moxie Media,"LIT - Palmcards, signs, stickers, etc.",design and printing,Timothy Becker,Support,1120.00,Representative District 83,Representative,83,Democratic,https://www.mainecampaignfinancedisclosure.com/public/activities/a_01m23jeyb7fsj961gh5wyfz34g,2026-10-05 14:42,General,,83,2026-09-09 13:11
a_01m23jeyb7fsj961gh5wyfz34g,2026-09-09,MAINE CONSERVATION VOTERS ACTION FUND,Independent Expenditure,2240.00,Moxie Media,"LIT - Palmcards, signs, stickers, etc.",design and printing,Elizabeth D. Bosworth,Support,1120.00,Senator District 18,Senator,18,Democratic,https://www.mainecampaignfinancedisclosure.com/public/activities/a_01m23jeyb7fsj961gh5wyfz34g,2026-10-05 14:42,General,,18,2026-09-09 13:11
a_01m23j8w3xe30a29f7rccdhbzw,2026-06-06,VoteRise,Independent Expenditure,705.78,Movement Labs,"PHO - Phone bank, robocalls/texts",Text Messaging,Shenna Bellows,Support,235.26,Governor,Governor,-,Democratic,https://www.mainecampaignfinancedisclosure.com/public/activities/a_01m23j8w3xe30a29f7rccdhbzw,2026-10-05 14:45,Primary,,,2026-09-09 13:08
a_01m23j8w3xe30a29f7rccdhbzw,2026-06-06,VoteRise,Independent Expenditure,705.78,Movement Labs,"PHO - Phone bank, robocalls/texts",Text Messaging,Hannah Pingree,Support,235.26,Governor,Governor,-,Democratic,https://www.mainecampaignfinancedisclosure.com/public/activities/a_01m23j8w3xe30a29f7rccdhbzw,2026-10-05 14:45,Primary,,,2026-09-09 13:08
a_01m23j8w3xe30a29f7rccdhbzw,2026-06-06,VoteRise,Independent Expenditure,705.78,Movement Labs,"PHO - Phone bank, robocalls/texts",Text Messaging,Troy Dale Jackson,Support,235.26,Governor,Governor,-,Democratic,https://www.mainecampaignfinancedisclosure.com/public/activities/a_01m23j8w3xe30a29f7rccdhbzw,2026-10-05 14:45,Primary,Troy Jackson,,2026-09-09 13:08
a_01m1q4xqdpe98vhzqrsmnzbmrx,2026-09-04,MAINE DEMOCRATIC STATE COMMITTEE,Independent Expenditure,37952.24,"JM2, LLC",MHS - Direct mail (all costs included),Support Democrats,Patric Moore,Support,5557.58,Senator District 16,Senator,16,Democratic,https://www.mainecampaignfinancedisclosure.com/public/activities/a_01m1q4xqdpe98vhzqrsmnzbmrx,2026-10-05 14:42,General,,16,2026-09-04 17:24
a_01m1q4xqdpe98vhzqrsmnzbmrx,2026-09-04,MAINE DEMOCRATIC STATE COMMITTEE,Independent Expenditure,37952.24,"JM2, LLC",MHS - Direct mail (all costs included),Support Democrats,Amanda Heath,Support,6152.24,Senator District 15,Senator,15,Democratic,https://www.mainecampaignfinancedisclosure.com/public/activities/a_01m1q4xqdpe98vhzqrsmnzbmrx,2026-10-05 14:42,General,,15,2026-09-04 17:24
a_01m1q4xqdpe98vhzqrsmnzbmrx,2026-09-04,MAINE DEMOCRATIC STATE COMMITTEE,Independent Expenditure,37952.24,"JM2, LLC",MHS - Direct mail (all costs included),Support Democrats,Craig Hickman,Support,6811.56,Senator District 14,Senator,14,Democratic,https://www.mainecampaignfinancedisclosure.com/public/activities/a_01m1q4xqdpe98vhzqrsmnzbmrx,2026-10-05 14:42,General,,14,2026-09-04 17:24
a_01m1q4xqdpe98vhzqrsmnzbmrx,2026-09-04,MAINE DEMOCRATIC STATE COMMITTEE,Independent Expenditure,37952.24,"JM2, LLC",MHS - Direct mail (all costs included),Support Democrats,Michael Tipping,Support,5908.44,Senator District 8,Senator,8,Democratic,https://www.mainecampaignfinancedisclosure.com/public/activities/a_01m1q4xqdpe98vhzqrsmnzbmrx,2026-10-05 14:42,General,,8,2026-09-04 17:24
a_01m1q4xqdpe98vhzqrsmnzbmrx,2026-09-04,MAINE DEMOCRATIC STATE COMMITTEE,Independent Expenditure,37952.24,"JM2, LLC",MHS - Direct mail (all costs included),Support Democrats,Michael R. Scott,Support,6863.50,Senator District 20,Senator,20,Democratic,https://www.mainecampaignfinancedisclosure.com/public/activities/a_01m1q4xqdpe98vhzqrsmnzbmrx,2026-10-05 14:42,General,,20,2026-09-04 17:24
a_01m1q4xqdpe98vhzqrsmnzbmrx,2026-09-04,MAINE DEMOCRATIC STATE COMMITTEE,Independent Expenditure,37952.24,"JM2, LLC",MHS - Direct mail (all costs included),Support Democrats,Timothy E Nangle,Support,6658.92,Senator District 26,Senator,26,Democratic,https://www.mainecampaignfinancedisclosure.com/public/activities/a_01m1q4xqdpe98vhzqrsmnzbmrx,2026-10-05 14:42,General,,26,2026-09-04 17:24
a_01m1pee84xe03sn7gdbzv46sr3,2026-09-01,Maine Wins Together,Independent Expenditure,325.00,"Blue Advertising, LLC",OTH - Other,Graphic Design Services,Richard Bennett,Support,325.00,Governor,Governor,-,Unenrolled,https://www.mainecampaignfinancedisclosure.com/public/activities/a_01m1pee84xe03sn7gdbzv46sr3,2026-10-05 14:43,General,,,2026-09-04 10:51
a_01m1pcfmdrenbrgfjwgvk5b04z,2026-09-03,MPA Votes,Independent Expenditure,500.00,MAINE PEOPLE'S ALLIANCE,"LIT - Palmcards, signs, stickers, etc.",canvass lit,Shanna Cox,Support,83.33,Senator District 21,Senator,21,Democratic,https://www.mainecampaignfinancedisclosure.com/public/activities/a_01m1pcfmdrenbrgfjwgvk5b04z,2026-10-05 14:42,General,,21,2026-09-04 10:17
a_01m1pcfmdrenbrgfjwgvk5b04z,2026-09-03,MPA Votes,Independent Expenditure,500.00,MAINE PEOPLE'S ALLIANCE,"LIT - Palmcards, signs, stickers, etc.",canvass lit,Hannah Pingree,Support,83.34,Governor,Governor,-,Democratic,https://www.mainecampaignfinancedisclosure.com/public/activities/a_01m1pcfmdrenbrgfjwgvk5b04z,2026-10-05 14:42,General,,,2026-09-04 10:17
a_01m1pcfmdrenbrgfjwgvk5b04z,2026-09-03,MPA Votes,Independent Expenditure,500.00,MAINE PEOPLE'S ALLIANCE,"LIT - Palmcards, signs, stickers, etc.",canvass lit,Scott A. Harriman,Support,83.34,Representative District 94,Representative,94,Democratic,https://www.mainecampaignfinancedisclosure.com/public/activities/a_01m1pcfmdrenbrgfjwgvk5b04z,2026-10-05 14:42,General,,94,2026-09-04 10:17
a_01m1pcfmdrenbrgfjwgvk5b04z,2026-09-03,MPA Votes,Independent Expenditure,500.00,MAINE PEOPLE'S ALLIANCE,"LIT - Palmcards, signs, stickers, etc.",canvass lit,Michael Tipping,Support,83.33,Senator District 8,Senator,8,Democratic,https://www.mainecampaignfinancedisclosure.com/public/activities/a_01m1pcfmdrenbrgfjwgvk5b04z,2026-10-05 14:42,General,,8,2026-09-04 10:17
a_01m1pcfmdrenbrgfjwgvk5b04z,2026-09-03,MPA Votes,Independent Expenditure,500.00,MAINE PEOPLE'S ALLIANCE,"LIT - Palmcards, signs, stickers, etc.",canvass lit,Gordon Powell Street,Support,83.33,Representative District 28,Representative,28,Democratic,https://www.mainecampaignfinancedisclosure.com/public/activities/a_01m1pcfmdrenbrgfjwgvk5b04z,2026-10-05 14:42,General,,28,2026-09-04 10:17
a_01m1pcfmdrenbrgfjwgvk5b04z,2026-09-03,MPA Votes,Independent Expenditure,500.00,MAINE PEOPLE'S ALLIANCE,"LIT - Palmcards, signs, stickers, etc.",canvass lit,Laurie Osher,Support,83.33,Representative District 25,Representative,25,Democratic,https://www.mainecampaignfinancedisclosure.com/public/activities/a_01m1pcfmdrenbrgfjwgvk5b04z,2026-10-05 14:42,General,,25,2026-09-04 10:17
a_01m1pbw30gfczav87ges6s07zn,2026-09-03,MPA CAMPAIGN VOTE!,Independent Expenditure,2596.86,MAINE PEOPLE'S ALLIANCE,"PER - Staffing, consulting",Canvass contract,Shanna Cox,Support,432.81,Senator District 21,Senator,21,Democratic,https://www.mainecampaignfinancedisclosure.com/public/activities/a_01m1pbw30gfczav87ges6s07zn,2026-10-05 14:42,General,,21,2026-09-04 10:06
a_01m1pbw30gfczav87ges6s07zn,2026-09-03,MPA CAMPAIGN VOTE!,Independent Expenditure,2596.86,MAINE PEOPLE'S ALLIANCE,"PER - Staffing, consulting",Canvass contract,Scott A. Harriman,Support,432.81,Representative District 94,Representative,94,Democratic,https://www.mainecampaignfinancedisclosure.com/public/activities/a_01m1pbw30gfczav87ges6s07zn,2026-10-05 14:42,General,,94,2026-09-04 10:06
a_01m1pbw30gfczav87ges6s07zn,2026-09-03,MPA CAMPAIGN VOTE!,Independent Expenditure,2596.86,MAINE PEOPLE'S ALLIANCE,"PER - Staffing, consulting",Canvass contract,Laurie Osher,Support,432.81,Representative District 25,Representative,25,Democratic,https://www.mainecampaignfinancedisclosure.com/public/activities/a_01m1pbw30gfczav87ges6s07zn,2026-10-05 14:42,General,,25,2026-09-04 10:06
a_01m1pbw30gfczav87ges6s07zn,2026-09-03,MPA CAMPAIGN VOTE!,Independent Expenditure,2596.86,MAINE PEOPLE'S ALLIANCE,"PER - Staffing, consulting",Canvass contract,Gordon Powell Street,Support,432.81,Representative District 28,Representative,28,Democratic,https://www.mainecampaignfinancedisclosure.com/public/activities/a_01m1pbw30gfczav87ges6s07zn,2026-10-05 14:42,General,,28,2026-09-04 10:06
a_01m1pbw30gfczav87ges6s07zn,2026-09-03,MPA CAMPAIGN VOTE!,Independent Expenditure,2596.86,MAINE PEOPLE'S ALLIANCE,"PER - Staffing, consulting",Canvass contract,Hannah Pingree,Support,432.81,Governor,Governor,-,Democratic,https://www.mainecampaignfinancedisclosure.com/public/activities/a_01m1pbw30gfczav87ges6s07zn,2026-10-05 14:42,General,,,2026-09-04 10:06
a_01m1pbw30gfczav87ges6s07zn,2026-09-03,MPA CAMPAIGN VOTE!,Independent Expenditure,2596.86,MAINE PEOPLE'S ALLIANCE,"PER - Staffing, consulting",Canvass contract,Michael Tipping,Support,432.81,Senator District 8,Senator,8,Democratic,https://www.mainecampaignfinancedisclosure.com/public/activities/a_01m1pbw30gfczav87ges6s07zn,2026-10-05 14:42,General,Mike Tipping,8,2026-09-04 10:06
a_01m17ew116e418wzp9wdw6v3pt,2026-08-11,STILL FED UP WITH TAXES,Independent Expenditure,1200.00,TURNER PUBLISHING,NEW - Newspaper and print ads,AD FPR SEPT AND OCT IN FF,Sheila Lyman,Support,1200.00,Representative District 76,Representative,76,Republican,https://www.mainecampaignfinancedisclosure.com/public/activities/a_01m17ew116e418wzp9wdw6v3pt,2026-10-05 14:43,General,,76,2026-08-29 15:10
a_01m17ep88rfkdbs7tzha3tmmc2,2026-08-11,STILL FED UP WITH TAXES,Independent Expenditure,1300.00,TURNER PUBLISHING,NEW - Newspaper and print ads,SEPT AND OCT AD IN CC,Sheila Lyman,Support,1300.00,Representative District 76,Representative,76,Republican,https://www.mainecampaignfinancedisclosure.com/public/activities/a_01m17ep88rfkdbs7tzha3tmmc2,2026-10-05 14:43,General,,76,2026-08-29 15:07
a_01kz42jw1xerv8gtmaen2we535,2026-06-02,Working Families Party PAC,Independent Expenditure,10826.61,Facebook,"ONL - Social media, online ads",Digital ads,Jacqueline Sartoris,Support,10826.61,District Attorney District 2nd Prosecutorial District Attorney (Cumberland),District Attorney,2nd Prosecutorial District Attorney (Cumberland),Democratic,https://www.mainecampaignfinancedisclosure.com/public/activities/a_01kz42jw1xerv8gtmaen2we535,2026-10-05 14:46,Primary,,2,2026-08-03 11:06
a_01ky3j3bjtfbk9d2yj20c68gek,2026-06-02,Working Mainers First,Independent Expenditure,591.25,DS Political,"ONL - Social media, online ads",Digital Ad,Troy Dale Jackson,Support,591.25,Governor,Governor,-,Democratic,https://www.mainecampaignfinancedisclosure.com/public/activities/a_01ky3j3bjtfbk9d2yj20c68gek,2026-10-05 14:46,Primary,Troy Jackson,,2026-07-21 20:02
a_01ky3hdy4rfwwvk91ngg6q7tzx,2026-06-04,Working Mainers First,Independent Expenditure,16191.25,Frame Media Strategies,TVN - TV ads and production,Planning and Placement TV,Troy Dale Jackson,Support,16191.25,Governor,Governor,-,Democratic,https://www.mainecampaignfinancedisclosure.com/public/activities/a_01ky3hdy4rfwwvk91ngg6q7tzx,2026-10-05 14:45,Primary,Troy Jackson,,2026-07-21 19:50
a_01ky3h8gvyem6r60vwpx07nmer,2026-06-03,Working Mainers First,Independent Expenditure,4101.25,Frame Media Strategies,TVN - TV ads and production,Planning and Placement TV,Troy Dale Jackson,Support,4101.25,Governor,Governor,-,Democratic,https://www.mainecampaignfinancedisclosure.com/public/activities/a_01ky3h8gvyem6r60vwpx07nmer,2026-10-05 14:46,Primary,Troy Jackson,,2026-07-21 19:48
a_01ky3h5yatf6f9q3p7134t7drx,2026-06-03,Working Mainers First,Independent Expenditure,133.57,Meta,"ONL - Social media, online ads",Meta Video,Troy Dale Jackson,Support,133.57,Governor,Governor,-,Democratic,https://www.mainecampaignfinancedisclosure.com/public/activities/a_01ky3h5yatf6f9q3p7134t7drx,2026-10-05 14:46,Primary,Troy Jackson,,2026-07-21 19:46
a_01ky3h28swf8p9zzm4k00rgzvz,2026-06-02,Working Mainers First,Independent Expenditure,3841.25,Frame Media Strategies,TVN - TV ads and production,Planning and Placement TV,Troy Dale Jackson,Support,3841.25,Governor,Governor,-,Democratic,https://www.mainecampaignfinancedisclosure.com/public/activities/a_01ky3h28swf8p9zzm4k00rgzvz,2026-10-05 14:46,Primary,Troy Jackson,,2026-07-21 19:44
a_01ky019efqed2ahv257z6taxv2,2026-07-20,Maine Wins Together,Independent Expenditure,1900.00,Crosby Creative Company,WEB - Website costs,Website Development,Richard Bennett,Support,1900.00,Governor,Governor,-,Unenrolled,https://www.mainecampaignfinancedisclosure.com/public/activities/a_01ky019efqed2ahv257z6taxv2,2026-10-05 14:43,General,,,2026-07-20 11:11
a_01ky00xnr9fw88kt64sy8kcf44,2026-07-01,Maine Wins Together,Independent Expenditure,7496.00,Cold Harbor Creative,TVN - TV ads and production,Advertising Production/Editing/Licensing,Richard Bennett,Support,7496.00,Governor,Governor,-,Unenrolled,https://www.mainecampaignfinancedisclosure.com/public/activities/a_01ky00xnr9fw88kt64sy8kcf44,2026-10-05 14:43,General,Rick Bennett,,2026-07-20 11:04
a_01kxy13d13fgdts3cvabrqmncj,2026-06-30,Maine Wins Together,Independent Expenditure,4550.00,Pan Atlantic Research,"POL - Polling, survey research",Polling,Richard Bennett,Support,4550.00,Governor,Governor,-,Unenrolled,https://www.mainecampaignfinancedisclosure.com/public/activities/a_01kxy13d13fgdts3cvabrqmncj,2026-10-05 14:43,General,Rick Bennett,,2026-07-19 16:29
a_01kxy0ybkfeydv97dk6ahvfq1a,2026-06-10,Maine Wins Together,Independent Expenditure,30000.00,"American Digital Media Strategies, LLC",TVN - TV ads and production,Digital Consulting/Production,Richard Bennett,Support,30000.00,Governor,Governor,-,Unenrolled,https://www.mainecampaignfinancedisclosure.com/public/activities/a_01kxy0ybkfeydv97dk6ahvfq1a,2026-10-05 14:43,General,Rick Bennett,,2026-07-19 16:26
a_01kxge5qg6f7va2y158fzh7q9m,2026-06-30,MAINE CONSERVATION VOTERS ACTION FUND,Independent Expenditure,634.25,MAINE CONSERVATION VOTERS,"PER - Staffing, consulting",Staff Time - June,Hannah Pingree,Support,634.25,Governor,Governor,-,Democratic,https://www.mainecampaignfinancedisclosure.com/public/activities/a_01kxge5qg6f7va2y158fzh7q9m,2026-10-05 14:43,General,,,2026-07-14 09:48
a_01kxeb0cbpfcqafmn0eszsdj61,2026-06-19,MAINE CONSERVATION VOTERS ACTION FUND,Independent Expenditure,314.60,MAINE CONSERVATION VOTERS,WEB - Website costs,Emails,Hannah Pingree,Support,314.60,Governor,Governor,-,Democratic,https://www.mainecampaignfinancedisclosure.com/public/activities/a_01kxeb0cbpfcqafmn0eszsdj61,2026-10-05 14:43,General,,,2026-07-13 14:14
a_01kxeaxww0fgzrjvp3dahxxq9r,2026-06-08,MAINE CONSERVATION VOTERS ACTION FUND,Independent Expenditure,313.44,MAINE CONSERVATION VOTERS,WEB - Website costs,Emails,Hannah Pingree,Support,313.44,Governor,Governor,-,Democratic,https://www.mainecampaignfinancedisclosure.com/public/activities/a_01kxeaxww0fgzrjvp3dahxxq9r,2026-10-05 14:44,Primary,,,2026-07-13 14:13
a_01kxeaw0kkffk85n96a6w21vtk,2026-06-05,MAINE CONSERVATION VOTERS ACTION FUND,Independent Expenditure,313.80,MAINE CONSERVATION VOTERS,WEB - Website costs,Emails,Hannah Pingree,Support,313.80,Governor,Governor,-,Democratic,https://www.mainecampaignfinancedisclosure.com/public/activities/a_01kxeaw0kkffk85n96a6w21vtk,2026-10-05 14:45,Primary,,,2026-07-13 14:12
a_01kxe2qy8pe2dt6ngfnd1sp49w,2026-05-31,MAINE CONSERVATION VOTERS ACTION FUND,Independent Expenditure,147.50,MAINE CONSERVATION VOTERS,"PER - Staffing, consulting",Staff time - May 27-31,Hannah Pingree,Support,147.50,Governor,Governor,-,Democratic,https://www.mainecampaignfinancedisclosure.com/public/activities/a_01kxe2qy8pe2dt6ngfnd1sp49w,2026-10-05 14:46,Primary,,,2026-07-13 11:50
a_01kxdzxpyrfcmtx2pxzqz9431f,2026-06-09,MAINE CONSERVATION VOTERS ACTION FUND,Independent Expenditure,1981.52,MAINE CONSERVATION VOTERS,"PHO - Phone bank, robocalls/texts",Scale To Win - text messaging,Hannah Pingree,Support,1981.52,Governor,Governor,-,Democratic,https://www.mainecampaignfinancedisclosure.com/public/activities/a_01kxdzxpyrfcmtx2pxzqz9431f,2026-10-05 14:43,Primary,,,2026-07-13 11:00
a_01kxdzsjr9e49v5dqw6ckxkecb,2026-06-01,MAINE CONSERVATION VOTERS ACTION FUND,Independent Expenditure,103.28,MAINE CONSERVATION VOTERS,"PHO - Phone bank, robocalls/texts",Scale To Win - text messaging,Hannah Pingree,Support,103.28,Governor,Governor,-,Democratic,https://www.mainecampaignfinancedisclosure.com/public/activities/a_01kxdzsjr9e49v5dqw6ckxkecb,2026-10-05 14:46,Primary,,,2026-07-13 10:58
a_01kxdzc0f0f4nv88kvykj39zhx,2026-05-29,MAINE CONSERVATION VOTERS ACTION FUND,Independent Expenditure,116.32,Scale to Win,"PHO - Phone bank, robocalls/texts",text messaging,Hannah Pingree,Support,116.32,Governor,Governor,-,Democratic,https://www.mainecampaignfinancedisclosure.com/public/activities/a_01kxdzc0f0f4nv88kvykj39zhx,2026-10-05 14:46,Primary,,,2026-07-13 10:51
a_01kx67n79he1er1c82ww5ym0ha,2026-02-21,Franklin County Republican Committee,Independent Expenditure,347.99,Randall Gauvin,EQP - Equipment of $50 or more,To reimburse Randy for Generator for Lincoln Day social raffle,Randall Douglas Gauvin,Support,347.99,Representative District 75,Representative,75,Republican,https://www.mainecampaignfinancedisclosure.com/public/activities/a_01kx67n79he1er1c82ww5ym0ha,2026-10-05 14:49,Primary,,75,2026-07-10 10:42
a_01kx469k4bfs9b5824hma2ws04,2026-02-03,LEWISTON DEMOCRATIC CITY COMMITTEE,Independent Expenditure,36.70,Scale to Win,"PHO - Phone bank, robocalls/texts",Text for Scott Harriman HD 94 Campaign,Scott A. Harriman,Support,36.70,Representative District 94,Representative,94,Democratic,https://www.mainecampaignfinancedisclosure.com/public/activities/a_01kx469k4bfs9b5824hma2ws04,2026-10-05 14:49,Primary,Scott Harriman,94,2026-07-09 15:39
a_01kx1afgdjep8b9mvrc0be305z,2026-06-09,Safer Maine PAC,Independent Expenditure,173.81,Scale To Win,"PHO - Phone bank, robocalls/texts",Robotexts sent to Democratic primary voters in Senate District 30 in support of Ellie Sato.,Eleanor Sato,Support,173.81,Senator District 30,Senator,30,Democratic,https://www.mainecampaignfinancedisclosure.com/public/activities/a_01kx1afgdjep8b9mvrc0be305z,2026-10-05 14:43,Primary,,30,2026-07-08 12:55
a_01kx1acf6femyt37qaf4js8pgf,2026-06-06,Safer Maine PAC,Independent Expenditure,229.97,Scale To Win,"PHO - Phone bank, robocalls/texts",Robotexts sent to Democratic primary voters in Senate District 30 in support of Ellie Sato.,Eleanor Sato,Support,229.97,Senator District 30,Senator,30,Democratic,https://www.mainecampaignfinancedisclosure.com/public/activities/a_01kx1acf6femyt37qaf4js8pgf,2026-10-05 14:45,Primary,,30,2026-07-08 12:53
a_01kx19z7xfe91s3te9gg0aw477,2026-06-01,Safer Maine PAC,Independent Expenditure,32.31,Scale To Win,"PHO - Phone bank, robocalls/texts",Robotexts sent to Democratic primary voters in House District 95 in support of Kiernan Majerus-Collins.,Kiernan Innes Majerus-Collins,Support,32.31,Representative District 95,Representative,95,Democratic,https://www.mainecampaignfinancedisclosure.com/public/activities/a_01kx19z7xfe91s3te9gg0aw477,2026-10-05 14:46,Primary,,95,2026-07-08 12:46
a_01kx19wa51f6t85yaybsjvt3c7,2026-06-01,Safer Maine PAC,Independent Expenditure,64.06,Scale To Win,"PHO - Phone bank, robocalls/texts",Robotexts sent to Democratic primary voters in House District 41 in support of Josh Gerritsen.,Joshua D. Gerritsen,Support,64.06,Representative District 41,Representative,41,Democratic,https://www.mainecampaignfinancedisclosure.com/public/activities/a_01kx19wa51f6t85yaybsjvt3c7,2026-10-05 14:46,Primary,,41,2026-07-08 12:44
a_01kx19s17sffev5ee9ncwqnvz2,2026-06-01,Safer Maine PAC,Independent Expenditure,47.52,Scale To Win,"PHO - Phone bank, robocalls/texts",Robotexts sent to Democratic primary voters in House District 23 in support of Tori Kornfield.,Victoria Porter Kornfield,Support,47.52,Representative District 23,Representative,23,Democratic,https://www.mainecampaignfinancedisclosure.com/public/activities/a_01kx19s17sffev5ee9ncwqnvz2,2026-10-05 14:46,Primary,,23,2026-07-08 12:43
a_01kttazme2fhm8fnaat9sgxpgg,2026-06-09,Working Mainers First,Independent Expenditure,1500.00,Meta,"ONL - Social media, online ads",Digital Ad,Troy Dale Jackson,Support,1500.00,Governor,Governor,-,Democratic,https://www.mainecampaignfinancedisclosure.com/public/activities/a_01kttazme2fhm8fnaat9sgxpgg,2026-10-05 14:43,Primary,Troy Jackson,,2026-06-10 23:18
a_01kttb0zx8fpsa7strdttkbjk1,2026-06-09,Working Mainers First,Independent Expenditure,1250.00,Frame Media Strategies,"ONL - Social media, online ads",Digital Ad,Troy Dale Jackson,Support,1250.00,Governor,Governor,-,Democratic,https://www.mainecampaignfinancedisclosure.com/public/activities/a_01kttb0zx8fpsa7strdttkbjk1,2026-10-05 14:43,Primary,Troy Jackson,,2026-06-10 23:18
a_01kttaydppe67sekqtc5wkzrhg,2026-06-09,Working Mainers First,Independent Expenditure,3000.00,DS Political,"ONL - Social media, online ads",Digital Ad,Troy Dale Jackson,Support,3000.00,Governor,Governor,-,Democratic,https://www.mainecampaignfinancedisclosure.com/public/activities/a_01kttaydppe67sekqtc5wkzrhg,2026-10-05 14:43,Primary,Troy Jackson,,2026-06-10 23:17
a_01kttax75xfwqry1vvtzmcgyey,2026-06-09,Working Mainers First,Independent Expenditure,600.00,Frame Media Strategies,"ONL - Social media, online ads",Digital Ad,Troy Dale Jackson,Support,600.00,Governor,Governor,-,Democratic,https://www.mainecampaignfinancedisclosure.com/public/activities/a_01kttax75xfwqry1vvtzmcgyey,2026-10-05 14:43,Primary,Troy Jackson,,2026-06-10 23:16
a_01kttatjbtexpsqrhjpedcx8y4,2026-06-09,Working Mainers First,Independent Expenditure,1700.00,DS Political,"ONL - Social media, online ads",Digital Ad,Troy Dale Jackson,Support,1700.00,Governor,Governor,-,Democratic,https://www.mainecampaignfinancedisclosure.com/public/activities/a_01kttatjbtexpsqrhjpedcx8y4,2026-10-05 14:43,Primary,Troy Jackson,,2026-06-10 23:15
a_01kttavwm1e9taras4qcw77dyc,2026-06-09,Working Mainers First,Independent Expenditure,1700.00,Meta,"ONL - Social media, online ads",Digital Ad,Troy Dale Jackson,Support,1700.00,Governor,Governor,-,Democratic,https://www.mainecampaignfinancedisclosure.com/public/activities/a_01kttavwm1e9taras4qcw77dyc,2026-10-05 14:43,Primary,Troy Jackson,,2026-06-10 23:15
a_01kttarwjzea0s64f496zp3f42,2026-06-06,Working Mainers First,Independent Expenditure,1200.00,Frame Media Strategies,"ONL - Social media, online ads",Digital Ad,Troy Dale Jackson,Support,1200.00,Governor,Governor,-,Democratic,https://www.mainecampaignfinancedisclosure.com/public/activities/a_01kttarwjzea0s64f496zp3f42,2026-10-05 14:45,Primary,Troy Jackson,,2026-06-10 23:14
a_01kttapgxnfya8ytxayhzyhsdw,2026-06-09,Working Mainers First,Independent Expenditure,5610.00,DS Political,"ONL - Social media, online ads",Digital Ad,Troy Dale Jackson,Support,5610.00,Governor,Governor,-,Democratic,https://www.mainecampaignfinancedisclosure.com/public/activities/a_01kttapgxnfya8ytxayhzyhsdw,2026-10-05 14:43,Primary,Troy Jackson,,2026-06-10 23:13
a_01kttan69beht91yxnywakwzct,2026-06-09,Working Mainers First,Independent Expenditure,1190.00,Meta,"ONL - Social media, online ads",Digital Ad,Troy Dale Jackson,Support,1190.00,Governor,Governor,-,Democratic,https://www.mainecampaignfinancedisclosure.com/public/activities/a_01kttan69beht91yxnywakwzct,2026-10-05 14:43,Primary,Troy Jackson,,2026-06-10 23:12
a_01kttak9gaftxawya9qkahezr9,2026-06-09,Working Mainers First,Independent Expenditure,591.25,Frame Media Strategies,"ONL - Social media, online ads","Digital Advertising: Media buy, planning, placement, optimization, and targeting",Troy Dale Jackson,Support,591.25,Governor,Governor,-,Democratic,https://www.mainecampaignfinancedisclosure.com/public/activities/a_01kttak9gaftxawya9qkahezr9,2026-10-05 14:43,Primary,Troy Jackson,,2026-06-10 23:11
a_01kttahnpjfmtanfdm6cfw5syw,2026-06-09,Working Mainers First,Independent Expenditure,3216.83,DS Political,"ONL - Social media, online ads",Digital Ad,Troy Dale Jackson,Support,3216.83,Governor,Governor,-,Democratic,https://www.mainecampaignfinancedisclosure.com/public/activities/a_01kttahnpjfmtanfdm6cfw5syw,2026-10-05 14:43,Primary,Troy Jackson,,2026-06-10 23:10
a_01kttafpg8fm6r3a9727amtvfm,2026-06-09,Working Mainers First,Independent Expenditure,5250.00,Meta,"ONL - Social media, online ads",Digital Ad,Troy Dale Jackson,Support,5250.00,Governor,Governor,-,Democratic,https://www.mainecampaignfinancedisclosure.com/public/activities/a_01kttafpg8fm6r3a9727amtvfm,2026-10-05 14:43,Primary,Troy Jackson,,2026-06-10 23:09
a_01kttadtvtehqvexdw0hzvje1a,2026-06-09,Working Mainers First,Independent Expenditure,1300.00,Frame Media Strategies,"ONL - Social media, online ads",Planning and Placement of a TV ad,Troy Dale Jackson,Support,1300.00,Governor,Governor,-,Democratic,https://www.mainecampaignfinancedisclosure.com/public/activities/a_01kttadtvtehqvexdw0hzvje1a,2026-10-05 14:43,Primary,Troy Jackson,,2026-06-10 23:08
a_01kttac6kpfgnsebymsdc937z9,2026-06-09,Working Mainers First,Independent Expenditure,750.00,Frame Media Strategies,"ONL - Social media, online ads","Digital Advertising: Media buy, planning, placement, optimization, and targeting Second Additional CTV/meta static Spend",Troy Dale Jackson,Support,750.00,Governor,Governor,-,Democratic,https://www.mainecampaignfinancedisclosure.com/public/activities/a_01kttac6kpfgnsebymsdc937z9,2026-10-05 14:43,Primary,Troy Jackson,,2026-06-10 23:07
a_01kttaancxf099cyr3gp2gxsjz,2026-06-09,Working Mainers First,Independent Expenditure,1000.00,Meta,"ONL - Social media, online ads",Digital Advertising: Meta Second Additional static spend,Troy Dale Jackson,Support,1000.00,Governor,Governor,-,Democratic,https://www.mainecampaignfinancedisclosure.com/public/activities/a_01kttaancxf099cyr3gp2gxsjz,2026-10-05 14:43,Primary,Troy Jackson,,2026-06-10 23:06
a_01ktta95t8ebatwwx3endvd8jk,2026-06-09,Working Mainers First,Independent Expenditure,3000.00,DS Political,"ONL - Social media, online ads","""Digital Advertising: Programmatic Second Additional CTV and video spend",Troy Dale Jackson,Support,3000.00,Governor,Governor,-,Democratic,https://www.mainecampaignfinancedisclosure.com/public/activities/a_01ktta95t8ebatwwx3endvd8jk,2026-10-05 14:43,Primary,Troy Jackson,,2026-06-10 23:05
a_01ktqft1aefybrvpy2erfk5qtw,2026-06-08,Working Mainers First,Independent Expenditure,600.00,Frame Media Strategies,"ONL - Social media, online ads","planning, placement, optimization, and targeting Additional CTV/meta static Spend",Troy Dale Jackson,Support,600.00,Governor,Governor,-,Democratic,https://www.mainecampaignfinancedisclosure.com/public/activities/a_01ktqft1aefybrvpy2erfk5qtw,2026-10-05 14:44,Primary,Troy Jackson,,2026-06-09 20:44
a_01ktqfq95cekxsqdktgwwgt3xr,2026-06-08,Working Mainers First,Independent Expenditure,1700.00,DS Political,"ONL - Social media, online ads",Programmatic Additional CTV spend,Troy Dale Jackson,Support,1700.00,Governor,Governor,-,Democratic,https://www.mainecampaignfinancedisclosure.com/public/activities/a_01ktqfq95cekxsqdktgwwgt3xr,2026-10-05 14:44,Primary,Troy Jackson,,2026-06-09 20:43
a_01ktqfrq59e89snb8nfasfwwbk,2026-06-08,Working Mainers First,Independent Expenditure,1700.00,Meta,"ONL - Social media, online ads",Digital Ad,Troy Dale Jackson,Support,1700.00,Governor,Governor,-,Democratic,https://www.mainecampaignfinancedisclosure.com/public/activities/a_01ktqfrq59e89snb8nfasfwwbk,2026-10-05 14:44,Primary,Troy Jackson,,2026-06-09 20:43
a_01ktqfnx1xegx8dmg70yyp0rqc,2026-06-08,Working Mainers First,Independent Expenditure,1200.00,Frame Media Strategies,"ONL - Social media, online ads",Placing of Digital Ad,Troy Dale Jackson,Support,1200.00,Governor,Governor,-,Democratic,https://www.mainecampaignfinancedisclosure.com/public/activities/a_01ktqfnx1xegx8dmg70yyp0rqc,2026-10-05 14:44,Primary,Troy Jackson,,2026-06-09 20:42
a_01ktqfmjxmfndsh53z76f2hsgc,2026-06-08,Working Mainers First,Independent Expenditure,5610.00,DS Political,"ONL - Social media, online ads",Digital Ad,Troy Dale Jackson,Support,5610.00,Governor,Governor,-,Democratic,https://www.mainecampaignfinancedisclosure.com/public/activities/a_01ktqfmjxmfndsh53z76f2hsgc,2026-10-05 14:44,Primary,Troy Jackson,,2026-06-09 20:41
a_01ktqfjw9vfxpra19f0fhqjnek,2026-06-08,Working Mainers First,Independent Expenditure,1190.00,Meta,"ONL - Social media, online ads",Digital Ad,Troy Dale Jackson,Support,1190.00,Governor,Governor,-,Democratic,https://www.mainecampaignfinancedisclosure.com/public/activities/a_01ktqfjw9vfxpra19f0fhqjnek,2026-10-05 14:44,Primary,Troy Jackson,,2026-06-09 20:40
a_01ktqfhfkkfx09qb5gykg60pv7,2026-06-08,Working Mainers First,Independent Expenditure,591.25,Frame Media Strategies,"ONL - Social media, online ads","Media buy, planning, placement, optimization, and targeting",Troy Dale Jackson,Support,591.25,Governor,Governor,-,Democratic,https://www.mainecampaignfinancedisclosure.com/public/activities/a_01ktqfhfkkfx09qb5gykg60pv7,2026-10-05 14:44,Primary,Troy Jackson,,2026-06-09 20:39
a_01ktqffjmxe32tzt3q3x7brr76,2026-06-08,Working Mainers First,Independent Expenditure,3216.82,DS Political,"ONL - Social media, online ads",Digital Ad,Troy Dale Jackson,Support,3216.82,Governor,Governor,-,Democratic,https://www.mainecampaignfinancedisclosure.com/public/activities/a_01ktqffjmxe32tzt3q3x7brr76,2026-10-05 14:44,Primary,Troy Jackson,,2026-06-09 20:38
a_01ktqfdmhge9stytqanf7hkh6c,2026-06-08,Working Mainers First,Independent Expenditure,133.57,Meta,"ONL - Social media, online ads",Digital Ad,Troy Dale Jackson,Support,133.57,Governor,Governor,-,Democratic,https://www.mainecampaignfinancedisclosure.com/public/activities/a_01ktqfdmhge9stytqanf7hkh6c,2026-10-05 14:44,Primary,Troy Jackson,,2026-06-09 20:37
a_01ktqdh32sefp8mf9w12b5tfgz,2026-06-09,Working Mainers First,Independent Expenditure,8700.00,"Targeted Platform Media, LLC",TVN - TV ads and production,Media Buy,Troy Dale Jackson,Support,8700.00,Governor,Governor,-,Democratic,https://www.mainecampaignfinancedisclosure.com/public/activities/a_01ktqdh32sefp8mf9w12b5tfgz,2026-10-05 14:43,Primary,Troy Jackson,,2026-06-09 20:04
a_01ktqdez3deb3am5nc71re136n,2026-06-09,Working Mainers First,Independent Expenditure,8827.30,Our Revolution,"PHO - Phone bank, robocalls/texts",Texting Services,Troy Dale Jackson,Support,8827.30,Governor,Governor,-,Democratic,https://www.mainecampaignfinancedisclosure.com/public/activities/a_01ktqdez3deb3am5nc71re136n,2026-10-05 14:43,Primary,Troy Jackson,,2026-06-09 20:03
a_01ktqd8mkpf4a8rmdq76q8vqjp,2026-06-08,Working Mainers First,Independent Expenditure,1250.00,Frame Media Strategies,"ONL - Social media, online ads","Media buy, planning, placement, optimization, and targeting Second Additional CTV/meta static Spend",Troy Dale Jackson,Support,1250.00,Governor,Governor,-,Democratic,https://www.mainecampaignfinancedisclosure.com/public/activities/a_01ktqd8mkpf4a8rmdq76q8vqjp,2026-10-05 14:44,Primary,Troy Jackson,,2026-06-09 20:00
a_01ktqcnmrsefxbmp9pjy74r45m,2026-06-08,Working Mainers First,Independent Expenditure,1000.00,Meta,"ONL - Social media, online ads",Digital Ad,Troy Dale Jackson,Support,1000.00,Governor,Governor,-,Democratic,https://www.mainecampaignfinancedisclosure.com/public/activities/a_01ktqcnmrsefxbmp9pjy74r45m,2026-10-05 14:44,Primary,Troy Jackson,,2026-06-09 19:49
a_01ktqck1raezy8tqggwgby10xh,2026-06-08,Working Mainers First,Independent Expenditure,3000.00,DS Political,"ONL - Social media, online ads","""Digital Advertising: Programmatic Second Additional CTV and video spend",Troy Dale Jackson,Support,3000.00,Governor,Governor,-,Democratic,https://www.mainecampaignfinancedisclosure.com/public/activities/a_01ktqck1raezy8tqggwgby10xh,2026-10-05 14:44,Primary,Troy Jackson,,2026-06-09 19:48
a_01ktpk25zxeb5aqf2sqfxz2s0t,2026-05-27,FAM Political Action Committee,Independent Expenditure,3836.93,Print Bangor,MHS - Direct mail (all costs included),"Announcing endorsement, encourage to vote and rank Troy first",Troy Dale Jackson,Support,3836.93,Governor,Governor,-,Democratic,https://www.mainecampaignfinancedisclosure.com/public/activities/a_01ktpk25zxeb5aqf2sqfxz2s0t,2026-10-05 14:47,Primary,,,2026-06-09 12:22
a_01ktpc40g9fdmsfm404j4f6yh5,2026-06-08,Working Families Party PAC,Independent Expenditure,738.97,"Community Labor Administrative Services, Inc","PER - Staffing, consulting",Staff time,"Angus S. King, III",Oppose,147.80,Governor,Governor,-,Democratic,https://www.mainecampaignfinancedisclosure.com/public/activities/a_01ktpc40g9fdmsfm404j4f6yh5,2026-10-05 14:43,Primary,,,2026-06-09 10:20
a_01ktpc40g9fdmsfm404j4f6yh5,2026-06-08,Working Families Party PAC,Independent Expenditure,738.97,"Community Labor Administrative Services, Inc","PER - Staffing, consulting",Staff time,Nirav Shah,Oppose,147.79,Governor,Governor,-,Democratic,https://www.mainecampaignfinancedisclosure.com/public/activities/a_01ktpc40g9fdmsfm404j4f6yh5,2026-10-05 14:43,Primary,,,2026-06-09 10:20
a_01ktpc40g9fdmsfm404j4f6yh5,2026-06-08,Working Families Party PAC,Independent Expenditure,738.97,"Community Labor Administrative Services, Inc","PER - Staffing, consulting",Staff time,Shenna Bellows,Support,147.79,Governor,Governor,-,Democratic,https://www.mainecampaignfinancedisclosure.com/public/activities/a_01ktpc40g9fdmsfm404j4f6yh5,2026-10-05 14:43,Primary,,,2026-06-09 10:20
a_01ktpc40g9fdmsfm404j4f6yh5,2026-06-08,Working Families Party PAC,Independent Expenditure,738.97,"Community Labor Administrative Services, Inc","PER - Staffing, consulting",Staff time,Hannah Pingree,Support,147.80,Governor,Governor,-,Democratic,https://www.mainecampaignfinancedisclosure.com/public/activities/a_01ktpc40g9fdmsfm404j4f6yh5,2026-10-05 14:43,Primary,,,2026-06-09 10:20
a_01ktpc40g9fdmsfm404j4f6yh5,2026-06-08,Working Families Party PAC,Independent Expenditure,738.97,"Community Labor Administrative Services, Inc","PER - Staffing, consulting",Staff time,Troy Dale Jackson,Support,147.79,Governor,Governor,-,Democratic,https://www.mainecampaignfinancedisclosure.com/public/activities/a_01ktpc40g9fdmsfm404j4f6yh5,2026-10-05 14:43,Primary,,,2026-06-09 10:20
a_01ktp81qxaew39ntpa9qxzfvpn,2026-06-08,Working Families Party PAC,Independent Expenditure,4000.00,"Community Labor Administrative Services, Inc","PHO - Phone bank, robocalls/texts",Texting,"Angus S. King, III",Oppose,800.00,Governor,Governor,-,Democratic,https://www.mainecampaignfinancedisclosure.com/public/activities/a_01ktp81qxaew39ntpa9qxzfvpn,2026-10-05 14:43,Primary,,,2026-06-09 09:09
a_01ktp81qxaew39ntpa9qxzfvpn,2026-06-08,Working Families Party PAC,Independent Expenditure,4000.00,"Community Labor Administrative Services, Inc","PHO - Phone bank, robocalls/texts",Texting,Nirav Shah,Oppose,800.00,Governor,Governor,-,Democratic,https://www.mainecampaignfinancedisclosure.com/public/activities/a_01ktp81qxaew39ntpa9qxzfvpn,2026-10-05 14:43,Primary,,,2026-06-09 09:09
a_01ktp81qxaew39ntpa9qxzfvpn,2026-06-08,Working Families Party PAC,Independent Expenditure,4000.00,"Community Labor Administrative Services, Inc","PHO - Phone bank, robocalls/texts",Texting,Hannah Pingree,Support,800.00,Governor,Governor,-,Democratic,https://www.mainecampaignfinancedisclosure.com/public/activities/a_01ktp81qxaew39ntpa9qxzfvpn,2026-10-05 14:43,Primary,,,2026-06-09 09:09
a_01ktp81qxaew39ntpa9qxzfvpn,2026-06-08,Working Families Party PAC,Independent Expenditure,4000.00,"Community Labor Administrative Services, Inc","PHO - Phone bank, robocalls/texts",Texting,Troy Dale Jackson,Support,800.00,Governor,Governor,-,Democratic,https://www.mainecampaignfinancedisclosure.com/public/activities/a_01ktp81qxaew39ntpa9qxzfvpn,2026-10-05 14:43,Primary,,,2026-06-09 09:09
a_01ktp81qxaew39ntpa9qxzfvpn,2026-06-08,Working Families Party PAC,Independent Expenditure,4000.00,"Community Labor Administrative Services, Inc","PHO - Phone bank, robocalls/texts",Texting,Shenna Bellows,Support,800.00,Governor,Governor,-,Democratic,https://www.mainecampaignfinancedisclosure.com/public/activities/a_01ktp81qxaew39ntpa9qxzfvpn,2026-10-05 14:43,Primary,,,2026-06-09 09:09
a_01ktn1effaf5q8wphs94xv15n4,2026-06-07,Working Mainers First,Independent Expenditure,600.00,Frame Media Strategies,"ONL - Social media, online ads","planning, placement, optimization, and targeting Additional CTV/meta static spend",Troy Dale Jackson,Support,600.00,Governor,Governor,-,Democratic,https://www.mainecampaignfinancedisclosure.com/public/activities/a_01ktn1effaf5q8wphs94xv15n4,2026-10-05 14:44,Primary,Troy Jackson,,2026-06-08 21:55
a_01ktn1cbv5esf8ktccrte1erhg,2026-06-07,Working Mainers First,Independent Expenditure,1700.00,Meta,"ONL - Social media, online ads",Meta additionl Static spend,Troy Dale Jackson,Support,1700.00,Governor,Governor,-,Democratic,https://www.mainecampaignfinancedisclosure.com/public/activities/a_01ktn1cbv5esf8ktccrte1erhg,2026-10-05 14:44,Primary,Troy Jackson,,2026-06-08 21:54
a_01ktn1atxqedcr7vh9nsdf8avc,2026-06-07,Working Mainers First,Independent Expenditure,1700.00,DS Political,"ONL - Social media, online ads",Programmatic Additional CTV spend,Troy Dale Jackson,Support,1700.00,Governor,Governor,-,Democratic,https://www.mainecampaignfinancedisclosure.com/public/activities/a_01ktn1atxqedcr7vh9nsdf8avc,2026-10-05 14:44,Primary,Troy Jackson,,2026-06-08 21:53
a_01ktn175ydfgtr1fq251mae0qq,2026-06-07,Working Mainers First,Independent Expenditure,1200.00,Frame Media Strategies,"ONL - Social media, online ads",Digital Ad,Troy Dale Jackson,Support,1200.00,Governor,Governor,-,Democratic,https://www.mainecampaignfinancedisclosure.com/public/activities/a_01ktn175ydfgtr1fq251mae0qq,2026-10-05 14:44,Primary,Troy Jackson,,2026-06-08 21:51
a_01ktn154wtee4a8a61z3d757yg,2026-06-07,Working Mainers First,Independent Expenditure,5610.00,DS Political,"ONL - Social media, online ads",Digital Ad,Troy Dale Jackson,Support,5610.00,Governor,Governor,-,Democratic,https://www.mainecampaignfinancedisclosure.com/public/activities/a_01ktn154wtee4a8a61z3d757yg,2026-10-05 14:44,Primary,Troy Jackson,,2026-06-08 21:50
a_01ktn13g9gfghrpdqmv600dxkf,2026-06-07,Working Mainers First,Independent Expenditure,1190.00,Meta,"ONL - Social media, online ads",Digital Ad,Troy Dale Jackson,Support,1190.00,Governor,Governor,-,Democratic,https://www.mainecampaignfinancedisclosure.com/public/activities/a_01ktn13g9gfghrpdqmv600dxkf,2026-10-05 14:44,Primary,Troy Jackson,,2026-06-08 21:49
a_01ktn10h60fpvtz4h7sdz9f3w3,2026-06-07,Working Mainers First,Independent Expenditure,591.25,Frame Media Strategies,"ONL - Social media, online ads","Media buy, planning, placement, optimization, and targeting",Troy Dale Jackson,Support,591.25,Governor,Governor,-,Democratic,https://www.mainecampaignfinancedisclosure.com/public/activities/a_01ktn10h60fpvtz4h7sdz9f3w3,2026-10-05 14:44,Primary,Troy Jackson,,2026-06-08 21:47
a_01ktn0ysb3fyhvhjnz3z2z9ctv,2026-06-07,Working Mainers First,Independent Expenditure,3216.82,DS Political,"ONL - Social media, online ads",Digital Ad,Troy Dale Jackson,Support,3216.82,Governor,Governor,-,Democratic,https://www.mainecampaignfinancedisclosure.com/public/activities/a_01ktn0ysb3fyhvhjnz3z2z9ctv,2026-10-05 14:44,Primary,Troy Jackson,,2026-06-08 21:46
a_01ktn0wbe4ftavzemqk6j5jpp8,2026-06-07,Working Mainers First,Independent Expenditure,133.57,Meta,"ONL - Social media, online ads",Digital Ad,Troy Dale Jackson,Support,133.57,Governor,Governor,-,Democratic,https://www.mainecampaignfinancedisclosure.com/public/activities/a_01ktn0wbe4ftavzemqk6j5jpp8,2026-10-05 14:44,Primary,Troy Jackson,,2026-06-08 21:45
a_01ktkwty73esqtns6rjghqvxy4,2026-06-08,NRA POLITICAL VICTORY FUND,Independent Expenditure,784.75,"i360, LLC","PHO - Phone bank, robocalls/texts",SMS Messaging in Support of Candidates,Chad Richard Perkins,Support,235.35,Senator District 4,Senator,4,Republican,https://www.mainecampaignfinancedisclosure.com/public/activities/a_01ktkwty73esqtns6rjghqvxy4,2026-10-05 14:43,Primary,,4,2026-06-08 11:15
a_01ktkwty73esqtns6rjghqvxy4,2026-06-08,NRA POLITICAL VICTORY FUND,Independent Expenditure,784.75,"i360, LLC","PHO - Phone bank, robocalls/texts",SMS Messaging in Support of Candidates,Billy Bob Faulkingham,Support,170.70,Senator District 6,Senator,6,Republican,https://www.mainecampaignfinancedisclosure.com/public/activities/a_01ktkwty73esqtns6rjghqvxy4,2026-10-05 14:43,Primary,,6,2026-06-08 11:15
a_01ktkwty73esqtns6rjghqvxy4,2026-06-08,NRA POLITICAL VICTORY FUND,Independent Expenditure,784.75,"i360, LLC","PHO - Phone bank, robocalls/texts",SMS Messaging in Support of Candidates,Kenneth Cianchette,Support,68.15,Senator District 26,Senator,26,Republican,https://www.mainecampaignfinancedisclosure.com/public/activities/a_01ktkwty73esqtns6rjghqvxy4,2026-10-05 14:43,Primary,,26,2026-06-08 11:15
a_01ktkwty73esqtns6rjghqvxy4,2026-06-08,NRA POLITICAL VICTORY FUND,Independent Expenditure,784.75,"i360, LLC","PHO - Phone bank, robocalls/texts",SMS Messaging in Support of Candidates,Susan Bernard,Support,39.65,Representative District 3,Representative,3,Republican,https://www.mainecampaignfinancedisclosure.com/public/activities/a_01ktkwty73esqtns6rjghqvxy4,2026-10-05 14:43,Primary,,3,2026-06-08 11:15
a_01ktkwty73esqtns6rjghqvxy4,2026-06-08,NRA POLITICAL VICTORY FUND,Independent Expenditure,784.75,"i360, LLC","PHO - Phone bank, robocalls/texts",SMS Messaging in Support of Candidates,William R Tuell,Support,42.40,Representative District 10,Representative,10,Republican,https://www.mainecampaignfinancedisclosure.com/public/activities/a_01ktkwty73esqtns6rjghqvxy4,2026-10-05 14:43,Primary,,10,2026-06-08 11:15
a_01ktkwty73esqtns6rjghqvxy4,2026-06-08,NRA POLITICAL VICTORY FUND,Independent Expenditure,784.75,"i360, LLC","PHO - Phone bank, robocalls/texts",SMS Messaging in Support of Candidates,Nancy Jean Theriault,Support,42.10,Representative District 29,Representative,29,Republican,https://www.mainecampaignfinancedisclosure.com/public/activities/a_01ktkwty73esqtns6rjghqvxy4,2026-10-05 14:43,Primary,,29,2026-06-08 11:15
a_01ktkwty73esqtns6rjghqvxy4,2026-06-08,NRA POLITICAL VICTORY FUND,Independent Expenditure,784.75,"i360, LLC","PHO - Phone bank, robocalls/texts",SMS Messaging in Support of Candidates,Chris P Austin,Support,16.10,Representative District 43,Representative,43,Republican,https://www.mainecampaignfinancedisclosure.com/public/activities/a_01ktkwty73esqtns6rjghqvxy4,2026-10-05 14:43,Primary,,43,2026-06-08 11:15
a_01ktkwty73esqtns6rjghqvxy4,2026-06-08,NRA POLITICAL VICTORY FUND,Independent Expenditure,784.75,"i360, LLC","PHO - Phone bank, robocalls/texts",SMS Messaging in Support of Candidates,Brady Alden Clark,Support,29.90,Representative District 44,Representative,44,Republican,https://www.mainecampaignfinancedisclosure.com/public/activities/a_01ktkwty73esqtns6rjghqvxy4,2026-10-05 14:43,Primary,,44,2026-06-08 11:15
a_01ktkwty73esqtns6rjghqvxy4,2026-06-08,NRA POLITICAL VICTORY FUND,Independent Expenditure,784.75,"i360, LLC","PHO - Phone bank, robocalls/texts",SMS Messaging in Support of Candidates,Dexter 'Buzz' Bridges,Support,38.85,Representative District 58,Representative,58,Republican,https://www.mainecampaignfinancedisclosure.com/public/activities/a_01ktkwty73esqtns6rjghqvxy4,2026-10-05 14:43,Primary,,58,2026-06-08 11:15
a_01ktkwty73esqtns6rjghqvxy4,2026-06-08,NRA POLITICAL VICTORY FUND,Independent Expenditure,784.75,"i360, LLC","PHO - Phone bank, robocalls/texts",SMS Messaging in Support of Candidates,Mike Soboleski,Support,36.15,Representative District 73,Representative,73,Republican,https://www.mainecampaignfinancedisclosure.com/public/activities/a_01ktkwty73esqtns6rjghqvxy4,2026-10-05 14:43,Primary,,73,2026-06-08 11:15
a_01ktkwty73esqtns6rjghqvxy4,2026-06-08,NRA POLITICAL VICTORY FUND,Independent Expenditure,784.75,"i360, LLC","PHO - Phone bank, robocalls/texts",SMS Messaging in Support of Candidates,Tammy Schmersal-Burgess,Support,36.40,Representative District 77,Representative,77,Republican,https://www.mainecampaignfinancedisclosure.com/public/activities/a_01ktkwty73esqtns6rjghqvxy4,2026-10-05 14:43,Primary,,77,2026-06-08 11:15
a_01ktkwty73esqtns6rjghqvxy4,2026-06-08,NRA POLITICAL VICTORY FUND,Independent Expenditure,784.75,"i360, LLC","PHO - Phone bank, robocalls/texts",SMS Messaging in Support of Candidates,Adrienne Paul,Support,29.00,Representative District 85,Representative,85,Republican,https://www.mainecampaignfinancedisclosure.com/public/activities/a_01ktkwty73esqtns6rjghqvxy4,2026-10-05 14:43,Primary,,85,2026-06-08 11:15
a_01ktkwq44me0ds64q4j1srd7w5,2026-06-08,MPA CAMPAIGN VOTE!,Independent Expenditure,2701.80,MAINE PEOPLE'S ALLIANCE,"PER - Staffing, consulting",Canvass and Digital,Shenna Bellows,Support,2361.34,Governor,Governor,-,Democratic,https://www.mainecampaignfinancedisclosure.com/public/activities/a_01ktkwq44me0ds64q4j1srd7w5,2026-10-05 14:43,Primary,,,2026-06-08 11:13
a_01ktkwq44me0ds64q4j1srd7w5,2026-06-08,MPA CAMPAIGN VOTE!,Independent Expenditure,2701.80,MAINE PEOPLE'S ALLIANCE,"PER - Staffing, consulting",Canvass and Digital,Rachel Mary Phipps,Support,170.23,Representative District 135,Representative,135,Democratic,https://www.mainecampaignfinancedisclosure.com/public/activities/a_01ktkwq44me0ds64q4j1srd7w5,2026-10-05 14:43,Primary,Rachel Phipps,135,2026-06-08 11:13
a_01ktkwq44me0ds64q4j1srd7w5,2026-06-08,MPA CAMPAIGN VOTE!,Independent Expenditure,2701.80,MAINE PEOPLE'S ALLIANCE,"PER - Staffing, consulting",Canvass and Digital,Mana Hared Abdi,Support,170.23,Senator District 21,Senator,21,Democratic,https://www.mainecampaignfinancedisclosure.com/public/activities/a_01ktkwq44me0ds64q4j1srd7w5,2026-10-05 14:43,Primary,,21,2026-06-08 11:13
a_01ktjcfac6f2btb4s6cjfnhev7,2026-06-06,Working Mainers First,Independent Expenditure,600.00,Frame Media Strategies,"ONL - Social media, online ads","planning, placement, optimization, and targeting Additional CTV/meta static spend",Troy Dale Jackson,Support,600.00,Governor,Governor,-,Democratic,https://www.mainecampaignfinancedisclosure.com/public/activities/a_01ktjcfac6f2btb4s6cjfnhev7,2026-10-05 14:44,Primary,Troy Jackson,,2026-06-07 21:10
a_01ktjccpakehkvanv4n04rsxe4,2026-06-06,Working Mainers First,Independent Expenditure,1700.00,Meta,"ONL - Social media, online ads",Digital Ad,Troy Dale Jackson,Support,1700.00,Governor,Governor,-,Democratic,https://www.mainecampaignfinancedisclosure.com/public/activities/a_01ktjccpakehkvanv4n04rsxe4,2026-10-05 14:44,Primary,Troy Jackson,,2026-06-07 21:08
a_01ktjc9nm8f0j9fx6t278ys1gd,2026-06-06,Working Mainers First,Independent Expenditure,1200.00,Frame Media Strategies,"ONL - Social media, online ads",Digital Ad,Troy Dale Jackson,Support,1200.00,Governor,Governor,-,Democratic,https://www.mainecampaignfinancedisclosure.com/public/activities/a_01ktjc9nm8f0j9fx6t278ys1gd,2026-10-05 14:44,Primary,Troy Jackson,,2026-06-07 21:07
a_01ktjcb2r2fwrrpdah9tz009cp,2026-06-06,Working Mainers First,Independent Expenditure,1700.00,DS Political,"ONL - Social media, online ads",Programmatic Additional CTV spend,Troy Dale Jackson,Support,1700.00,Governor,Governor,-,Democratic,https://www.mainecampaignfinancedisclosure.com/public/activities/a_01ktjcb2r2fwrrpdah9tz009cp,2026-10-05 14:44,Primary,Troy Jackson,,2026-06-07 21:07
a_01ktjc84g5exgavczyhjvc65w8,2026-06-06,Working Mainers First,Independent Expenditure,5610.00,DS Political,"ONL - Social media, online ads",Digital Ad,Troy Dale Jackson,Support,5610.00,Governor,Governor,-,Democratic,https://www.mainecampaignfinancedisclosure.com/public/activities/a_01ktjc84g5exgavczyhjvc65w8,2026-10-05 14:44,Primary,Troy Jackson,,2026-06-07 21:06
a_01ktjc6jdqfxbvfrmkwmygr2ym,2026-06-06,Working Mainers First,Independent Expenditure,1190.00,Meta,"ONL - Social media, online ads",Digital Ad,Troy Dale Jackson,Support,1190.00,Governor,Governor,-,Democratic,https://www.mainecampaignfinancedisclosure.com/public/activities/a_01ktjc6jdqfxbvfrmkwmygr2ym,2026-10-05 14:44,Primary,Troy Jackson,,2026-06-07 21:05
a_01ktjc50fxf26sqrsraf4xtv5x,2026-06-06,Working Mainers First,Independent Expenditure,591.25,Frame Media Strategies,"ONL - Social media, online ads","Media buy, planning, placement, optimization, and targeting",Troy Dale Jackson,Support,591.25,Governor,Governor,-,Democratic,https://www.mainecampaignfinancedisclosure.com/public/activities/a_01ktjc50fxf26sqrsraf4xtv5x,2026-10-05 14:44,Primary,Troy Jackson,,2026-06-07 21:04
a_01ktjc2s0qesh9jy0tmp9pz86w,2026-06-06,Working Mainers First,Independent Expenditure,3216.82,DS Political,"ONL - Social media, online ads",Digital Ad,Troy Dale Jackson,Support,3216.82,Governor,Governor,-,Democratic,https://www.mainecampaignfinancedisclosure.com/public/activities/a_01ktjc2s0qesh9jy0tmp9pz86w,2026-10-05 14:44,Primary,Troy Jackson,,2026-06-07 21:03
a_01ktjc13ebfjxvxycrt2b1xqyq,2026-06-06,Working Mainers First,Independent Expenditure,133.57,Meta,"ONL - Social media, online ads",Digital Ad,Troy Dale Jackson,Support,133.57,Governor,Governor,-,Democratic,https://www.mainecampaignfinancedisclosure.com/public/activities/a_01ktjc13ebfjxvxycrt2b1xqyq,2026-10-05 14:44,Primary,Troy Jackson,,2026-06-07 21:02
a_01ktjbz19he2evw80n9ch0n6jk,2026-06-06,Working Mainers First,Independent Expenditure,5200.00,Frame Media Strategies,"ONL - Social media, online ads",Planning and Placement,Troy Dale Jackson,Support,5200.00,Governor,Governor,-,Democratic,https://www.mainecampaignfinancedisclosure.com/public/activities/a_01ktjbz19he2evw80n9ch0n6jk,2026-10-05 14:44,Primary,Troy Jackson,,2026-06-07 21:01
a_01ktjbx5mgfd6rswmz9qfpbmsh,2026-06-06,Working Mainers First,Independent Expenditure,34800.00,"Targeted Platform Media, LLC","ONL - Social media, online ads",Media Buy,Troy Dale Jackson,Support,34800.00,Governor,Governor,-,Democratic,https://www.mainecampaignfinancedisclosure.com/public/activities/a_01ktjbx5mgfd6rswmz9qfpbmsh,2026-10-05 14:44,Primary,Troy Jackson,,2026-06-07 21:00
a_01ktfrksxxek88erj7cx8jcy9z,2026-06-05,Working Mainers First,Independent Expenditure,600.00,Frame Media Strategies,TVN - TV ads and production,"planning, placement, optimization, and targeting Additional CTV/meta static spend",Troy Dale Jackson,Support,600.00,Governor,Governor,-,Democratic,https://www.mainecampaignfinancedisclosure.com/public/activities/a_01ktfrksxxek88erj7cx8jcy9z,2026-10-05 14:45,Primary,Troy Jackson,,2026-06-06 20:44
a_01ktfrfv3aegsrj56x75d6f3wy,2026-06-05,Working Mainers First,Independent Expenditure,1700.00,Meta,"ONL - Social media, online ads",Meta additional Static spend,Troy Dale Jackson,Support,1700.00,Governor,Governor,-,Democratic,https://www.mainecampaignfinancedisclosure.com/public/activities/a_01ktfrfv3aegsrj56x75d6f3wy,2026-10-05 14:45,Primary,Troy Jackson,,2026-06-06 20:42
a_01ktfrctymf5zt4nnvf35pwtf3,2026-06-05,Working Mainers First,Independent Expenditure,1700.00,DS Political,TVN - TV ads and production,Programmatic Additional CTV spend,Troy Dale Jackson,Support,1700.00,Governor,Governor,-,Democratic,https://www.mainecampaignfinancedisclosure.com/public/activities/a_01ktfrctymf5zt4nnvf35pwtf3,2026-10-05 14:45,Primary,Troy Jackson,,2026-06-06 20:40
a_01ktfr802bfxpr4ra4c41hwxwy,2026-06-05,Working Mainers First,Independent Expenditure,1200.00,Frame Media Strategies,"ONL - Social media, online ads",Placing of Digital Ad,Troy Dale Jackson,Support,1200.00,Governor,Governor,-,Democratic,https://www.mainecampaignfinancedisclosure.com/public/activities/a_01ktfr802bfxpr4ra4c41hwxwy,2026-10-05 14:45,Primary,Troy Jackson,,2026-06-06 20:38
a_01ktfr61d5ekbv1nhbwvt3f86j,2026-06-05,Working Mainers First,Independent Expenditure,5610.00,DS Political,"ONL - Social media, online ads",Placing of Digital Ad,Troy Dale Jackson,Support,5610.00,Governor,Governor,-,Democratic,https://www.mainecampaignfinancedisclosure.com/public/activities/a_01ktfr61d5ekbv1nhbwvt3f86j,2026-10-05 14:45,Primary,Troy Jackson,,2026-06-06 20:37
a_01ktfr3yzef159xw810ey5jtbc,2026-06-05,Working Mainers First,Independent Expenditure,1190.00,Meta,"ONL - Social media, online ads",Placing of Digital Ad,Troy Dale Jackson,Support,1190.00,Governor,Governor,-,Democratic,https://www.mainecampaignfinancedisclosure.com/public/activities/a_01ktfr3yzef159xw810ey5jtbc,2026-10-05 14:45,Primary,Troy Jackson,,2026-06-06 20:35
a_01ktfr0hpkfnr8h8r76w88wqjt,2026-06-05,Working Mainers First,Independent Expenditure,591.25,Frame Media Strategies,"ONL - Social media, online ads","Media buy, planning, placement, optimization, and targeting",Troy Dale Jackson,Support,591.25,Governor,Governor,-,Democratic,https://www.mainecampaignfinancedisclosure.com/public/activities/a_01ktfr0hpkfnr8h8r76w88wqjt,2026-10-05 14:45,Primary,Troy Jackson,,2026-06-06 20:34
a_01ktfqmt6ee389k6q4gq6z5519,2026-06-05,Working Mainers First,Independent Expenditure,3216.82,DS Political,"ONL - Social media, online ads",Placing of Digital Ad,Troy Dale Jackson,Support,3216.82,Governor,Governor,-,Democratic,https://www.mainecampaignfinancedisclosure.com/public/activities/a_01ktfqmt6ee389k6q4gq6z5519,2026-10-05 14:45,Primary,Troy Jackson,,2026-06-06 20:27
a_01ktfqhxdhe0jahsesj0bav43s,2026-06-05,Working Mainers First,Independent Expenditure,133.57,Meta,"ONL - Social media, online ads",Placing of Digital Ad,Troy Dale Jackson,Support,133.57,Governor,Governor,-,Democratic,https://www.mainecampaignfinancedisclosure.com/public/activities/a_01ktfqhxdhe0jahsesj0bav43s,2026-10-05 14:45,Primary,Troy Jackson,,2026-06-06 20:26
a_01ktfq39d4eczbs0mzfnk5pbc8,2026-06-05,Working Mainers First,Independent Expenditure,20000.00,Frame Media Strategies,"ONL - Social media, online ads",Video Production,Troy Dale Jackson,Support,20000.00,Governor,Governor,-,Democratic,https://www.mainecampaignfinancedisclosure.com/public/activities/a_01ktfq39d4eczbs0mzfnk5pbc8,2026-10-05 14:45,Primary,Troy Jackson,,2026-06-06 20:18
a_01kte9awgqe2j8y132jwfyen2v,2026-06-05,Working Families Party PAC,Independent Expenditure,325.70,"Community Labor Administrative Services, Inc","PER - Staffing, consulting",Staff time,"Angus S. King, III",Oppose,65.14,Governor,Governor,-,Democratic,https://www.mainecampaignfinancedisclosure.com/public/activities/a_01kte9awgqe2j8y132jwfyen2v,2026-10-05 14:45,Primary,,,2026-06-06 06:58
a_01kte9awgqe2j8y132jwfyen2v,2026-06-05,Working Families Party PAC,Independent Expenditure,325.70,"Community Labor Administrative Services, Inc","PER - Staffing, consulting",Staff time,Nirav Shah,Oppose,65.14,Governor,Governor,-,Democratic,https://www.mainecampaignfinancedisclosure.com/public/activities/a_01kte9awgqe2j8y132jwfyen2v,2026-10-05 14:45,Primary,,,2026-06-06 06:58
a_01kte9awgqe2j8y132jwfyen2v,2026-06-05,Working Families Party PAC,Independent Expenditure,325.70,"Community Labor Administrative Services, Inc","PER - Staffing, consulting",Staff time,Troy Dale Jackson,Support,65.14,Governor,Governor,-,Democratic,https://www.mainecampaignfinancedisclosure.com/public/activities/a_01kte9awgqe2j8y132jwfyen2v,2026-10-05 14:45,Primary,,,2026-06-06 06:58
a_01kte9awgqe2j8y132jwfyen2v,2026-06-05,Working Families Party PAC,Independent Expenditure,325.70,"Community Labor Administrative Services, Inc","PER - Staffing, consulting",Staff time,Hannah Pingree,Support,65.14,Governor,Governor,-,Democratic,https://www.mainecampaignfinancedisclosure.com/public/activities/a_01kte9awgqe2j8y132jwfyen2v,2026-10-05 14:45,Primary,,,2026-06-06 06:58
a_01kte9awgqe2j8y132jwfyen2v,2026-06-05,Working Families Party PAC,Independent Expenditure,325.70,"Community Labor Administrative Services, Inc","PER - Staffing, consulting",Staff time,Shenna Bellows,Support,65.14,Governor,Governor,-,Democratic,https://www.mainecampaignfinancedisclosure.com/public/activities/a_01kte9awgqe2j8y132jwfyen2v,2026-10-05 14:45,Primary,,,2026-06-06 06:58
a_01kte989dhfzpa8z7d0chhytct,2026-06-05,Working Families Party PAC,Independent Expenditure,12000.00,Red Horse Strategies,"ONL - Social media, online ads",Digital ads,"Angus S. King, III",Oppose,2400.00,Governor,Governor,-,Democratic,https://www.mainecampaignfinancedisclosure.com/public/activities/a_01kte989dhfzpa8z7d0chhytct,2026-10-05 14:45,Primary,,,2026-06-06 06:56
a_01kte989dhfzpa8z7d0chhytct,2026-06-05,Working Families Party PAC,Independent Expenditure,12000.00,Red Horse Strategies,"ONL - Social media, online ads",Digital ads,Nirav Shah,Oppose,2400.00,Governor,Governor,-,Democratic,https://www.mainecampaignfinancedisclosure.com/public/activities/a_01kte989dhfzpa8z7d0chhytct,2026-10-05 14:45,Primary,,,2026-06-06 06:56
a_01kte989dhfzpa8z7d0chhytct,2026-06-05,Working Families Party PAC,Independent Expenditure,12000.00,Red Horse Strategies,"ONL - Social media, online ads",Digital ads,Hannah Pingree,Support,2400.00,Governor,Governor,-,Democratic,https://www.mainecampaignfinancedisclosure.com/public/activities/a_01kte989dhfzpa8z7d0chhytct,2026-10-05 14:45,Primary,,,2026-06-06 06:56
a_01kte989dhfzpa8z7d0chhytct,2026-06-05,Working Families Party PAC,Independent Expenditure,12000.00,Red Horse Strategies,"ONL - Social media, online ads",Digital ads,Shenna Bellows,Support,2400.00,Governor,Governor,-,Democratic,https://www.mainecampaignfinancedisclosure.com/public/activities/a_01kte989dhfzpa8z7d0chhytct,2026-10-05 14:45,Primary,,,2026-06-06 06:56
a_01kte989dhfzpa8z7d0chhytct,2026-06-05,Working Families Party PAC,Independent Expenditure,12000.00,Red Horse Strategies,"ONL - Social media, online ads",Digital ads,Troy Dale Jackson,Support,2400.00,Governor,Governor,-,Democratic,https://www.mainecampaignfinancedisclosure.com/public/activities/a_01kte989dhfzpa8z7d0chhytct,2026-10-05 14:45,Primary,,,2026-06-06 06:56
a_01ktcw2h31epkr5s2bmkdpn34b,2026-06-05,MAINE CONSERVATION VOTERS ACTION FUND,Independent Expenditure,44674.00,SKDKnickerbocker LLC,TVN - TV ads and production,TV ads,Hannah Pingree,Support,44674.00,Governor,Governor,-,Democratic,https://www.mainecampaignfinancedisclosure.com/public/activities/a_01ktcw2h31epkr5s2bmkdpn34b,2026-10-05 14:45,Primary,,,2026-06-05 17:47
a_01ktcts495fxn9e75bk1jzma6b,2026-06-04,Working Mainers First,Independent Expenditure,837.40,Interface Media Group,TVN - TV ads and production,Media Buying: Trafficking and Close Captioning,Troy Dale Jackson,Support,837.40,Governor,Governor,-,Democratic,https://www.mainecampaignfinancedisclosure.com/public/activities/a_01ktcts495fxn9e75bk1jzma6b,2026-10-05 14:45,Primary,Troy Jackson,,2026-06-05 17:24
a_01ktctpb3dfs79vm9zedr6b3zc,2026-06-04,Working Mainers First,Independent Expenditure,104400.00,"Targeted Platform Media, LLC",TVN - TV ads and production,Media Buy,Troy Dale Jackson,Support,104400.00,Governor,Governor,-,Democratic,https://www.mainecampaignfinancedisclosure.com/public/activities/a_01ktctpb3dfs79vm9zedr6b3zc,2026-10-05 14:45,Primary,Troy Jackson,,2026-06-05 17:23
a_01ktceryy7fpvscwd2pv44wr2b,2026-06-05,Maine Wins Together,Independent Expenditure,1938.32,Crosby Creative Company,WEB - Website costs,Web Development,Richard Bennett,Support,1938.32,Governor,Governor,-,Unenrolled,https://www.mainecampaignfinancedisclosure.com/public/activities/a_01ktceryy7fpvscwd2pv44wr2b,2026-10-05 14:45,Primary,,,2026-06-05 13:54
a_01ktc4kjx7eeg8mt8vxe2756ns,2026-06-05,MPA CAMPAIGN VOTE!,Independent Expenditure,18222.45,MAINE PEOPLE'S ALLIANCE,"PER - Staffing, consulting",Canvass and Digital contract,Shenna Bellows,Support,18222.45,Governor,Governor,-,Democratic,https://www.mainecampaignfinancedisclosure.com/public/activities/a_01ktc4kjx7eeg8mt8vxe2756ns,2026-10-05 14:45,Primary,,,2026-06-05 10:57
a_01ktawy7dxfc7s348wf64b4nj5,2026-06-03,Working Mainers First,Independent Expenditure,23490.00,"Targeted Platform Media, LLC",TVN - TV ads and production,Media Buy,Troy Dale Jackson,Support,23490.00,Governor,Governor,-,Democratic,https://www.mainecampaignfinancedisclosure.com/public/activities/a_01ktawy7dxfc7s348wf64b4nj5,2026-10-05 14:46,Primary,Troy Jackson,,2026-06-04 23:23
a_01ktaww486edbsc6tzmqkcqyz6,2026-06-03,Working Mainers First,Independent Expenditure,837.40,Interface Media Group,TVN - TV ads and production,Media Buying: Trafficking and Close Captioning,Troy Dale Jackson,Support,837.40,Governor,Governor,-,Democratic,https://www.mainecampaignfinancedisclosure.com/public/activities/a_01ktaww486edbsc6tzmqkcqyz6,2026-10-05 14:45,Primary,Troy Jackson,,2026-06-04 23:22
a_01kta625h3fwfv18432bxy930z,2026-06-04,"Maine Dream, Inc.",Independent Expenditure,6964.00,"1892, LLC","PHO - Phone bank, robocalls/texts",Text Messages,Robert B. Charles,Oppose,6964.00,Governor,Governor,-,Republican,https://www.mainecampaignfinancedisclosure.com/public/activities/a_01kta625h3fwfv18432bxy930z,2026-10-05 14:45,Primary,,,2026-06-04 16:44
a_01kt9sm23mf1wv2q37zr8ws4d0,2026-06-04,HARDWORKING MAINE FAMILIES PAC INC.,Independent Expenditure,2420.00,Voter Connect LLC,"PHO - Phone bank, robocalls/texts",TEXT MESSAGES,OWEN MCCARTHY,Support,2420.00,Governor,Governor,-,Republican,https://www.mainecampaignfinancedisclosure.com/public/activities/a_01kt9sm23mf1wv2q37zr8ws4d0,2026-10-05 14:45,Primary,,,2026-06-04 13:06
a_01kt9sb16gf8x9a1q1ccn27qz4,2026-06-04,HARDWORKING MAINE FAMILIES PAC INC.,Independent Expenditure,9580.00,Voter Connect LLC,"PHO - Phone bank, robocalls/texts",GOTV VOTER PHONE CALLS,OWEN MCCARTHY,Support,9580.00,Governor,Governor,-,Republican,https://www.mainecampaignfinancedisclosure.com/public/activities/a_01kt9sb16gf8x9a1q1ccn27qz4,2026-10-05 14:45,Primary,,,2026-06-04 13:01
a_01kt9jts22ees8r1brrdpbd37d,2026-05-29,Safer Maine PAC,Independent Expenditure,250.91,Scale To Win,"PHO - Phone bank, robocalls/texts",Robotexts sent to Democratic primary voters in Senate District 30 in support of Ellie Sato.,Eleanor Sato,Support,250.91,Senator District 30,Senator,30,Democratic,https://www.mainecampaignfinancedisclosure.com/public/activities/a_01kt9jts22ees8r1brrdpbd37d,2026-10-05 14:46,Primary,,30,2026-06-04 11:08
a_01kt9es4pjfzv9bv7g6qt9d0k2,2026-06-03,Working Families Party PAC,Independent Expenditure,807.50,"Community Labor Administrative Services, Inc","PER - Staffing, consulting",Staff time,Nirav Shah,Oppose,807.50,Governor,Governor,-,Democratic,https://www.mainecampaignfinancedisclosure.com/public/activities/a_01kt9es4pjfzv9bv7g6qt9d0k2,2026-10-05 14:45,Primary,,,2026-06-04 09:57
a_01kt9d2e1ee70rrwh54pd1z6sx,2026-06-03,Working Families Party PAC,Independent Expenditure,150000.00,Red Horse Strategies,"ONL - Social media, online ads",Digital ads,Nirav Shah,Oppose,150000.00,Governor,Governor,-,Democratic,https://www.mainecampaignfinancedisclosure.com/public/activities/a_01kt9d2e1ee70rrwh54pd1z6sx,2026-10-05 14:45,Primary,,,2026-06-04 09:27
a_01kt7x9j5yetst9zx1cyg5349m,2026-06-02,Working Mainers First,Independent Expenditure,20000.00,Frame Media Strategies,TVN - TV ads and production,Video Production,Troy Dale Jackson,Support,20000.00,Governor,Governor,-,Democratic,https://www.mainecampaignfinancedisclosure.com/public/activities/a_01kt7x9j5yetst9zx1cyg5349m,2026-10-05 14:46,Primary,Troy Jackson,,2026-06-03 19:32
a_01kt7x6rh6f899812qwnrpendq,2026-06-02,Working Mainers First,Independent Expenditure,21750.00,"Targeted Platform Media, LLC",TVN - TV ads and production,Media Buy,Troy Dale Jackson,Support,21750.00,Governor,Governor,-,Democratic,https://www.mainecampaignfinancedisclosure.com/public/activities/a_01kt7x6rh6f899812qwnrpendq,2026-10-05 14:46,Primary,Troy Jackson,,2026-06-03 19:30
a_01kt7n0skwfcp9jdcymsvb0f2c,2026-06-03,"Maine Dream, Inc.",Independent Expenditure,14840.00,Firewall Placement,OTH - Other,Digital Advertising,Robert B. Charles,Oppose,14840.00,Governor,Governor,-,Republican,https://www.mainecampaignfinancedisclosure.com/public/activities/a_01kt7n0skwfcp9jdcymsvb0f2c,2026-10-05 14:45,Primary,,,2026-06-03 17:07
a_01kt7g3nere92ap1gqedrwqwg9,2026-06-03,314 Action Victory Fund - Maine,Independent Expenditure,10000.00,Novel Messaging LLC,TVN - TV ads and production,Advertising and Media Production,Troy Dale Jackson,Oppose,10000.00,Governor,Governor,-,Democratic,https://www.mainecampaignfinancedisclosure.com/public/activities/a_01kt7g3nere92ap1gqedrwqwg9,2026-10-05 14:45,Primary,,,2026-06-03 15:42
a_01kt7c092ye5jrd2s5nanx354p,2026-06-03,Maine AFLCIO PAC,Independent Expenditure,1107.75,Dale Rand Printing,"LIT - Palmcards, signs, stickers, etc.",Flyers to support Troy Jackson,Troy Dale Jackson,Support,1107.75,Governor,Governor,-,Democratic,https://www.mainecampaignfinancedisclosure.com/public/activities/a_01kt7c092ye5jrd2s5nanx354p,2026-10-05 14:45,Primary,Troy Jackson for Governor,,2026-06-03 14:30
a_01kt7as3c7e9a9jcda5qenjnk3,2026-06-03,Maine AFLCIO PAC,Independent Expenditure,7913.62,Resonance Campaigns,"LIT - Palmcards, signs, stickers, etc.",Pro Troy Jackson lit,Troy Dale Jackson,Support,7913.62,Governor,Governor,-,Democratic,https://www.mainecampaignfinancedisclosure.com/public/activities/a_01kt7as3c7e9a9jcda5qenjnk3,2026-10-05 14:45,Primary,Troy Jackson for Governor,,2026-06-03 14:08
a_01kt77mp8kfn6rapa8dfvr6c6g,2026-06-03,314 Action Victory Fund - Maine,Independent Expenditure,90000.00,LC Media,TVN - TV ads and production,Advertising and Media Production,Troy Dale Jackson,Oppose,90000.00,Governor,Governor,-,Democratic,https://www.mainecampaignfinancedisclosure.com/public/activities/a_01kt77mp8kfn6rapa8dfvr6c6g,2026-10-05 14:45,Primary,,,2026-06-03 13:14
a_01kt57hqnef0htcvmz95rbzzx9,2026-06-01,Working Families Party PAC,Independent Expenditure,2000.00,"Community Labor Administrative Services, Inc","PHO - Phone bank, robocalls/texts",Texting,Jacqueline Sartoris,Support,2000.00,District Attorney District 2nd Prosecutorial District Attorney (Cumberland),District Attorney,2nd Prosecutorial District Attorney (Cumberland),Democratic,https://www.mainecampaignfinancedisclosure.com/public/activities/a_01kt57hqnef0htcvmz95rbzzx9,2026-10-05 14:46,Primary,,2,2026-06-02 18:33
a_01kt4z3t46epy9d4xm1h11zq34,2026-06-03,"Maine Dream, Inc.",Independent Expenditure,50230.30,Firewall Placement,RAD - Radio ads and production,Radio Ads / Placement,Robert B. Charles,Oppose,30138.18,Governor,Governor,-,Republican,https://www.mainecampaignfinancedisclosure.com/public/activities/a_01kt4z3t46epy9d4xm1h11zq34,2026-10-05 14:45,Primary,,,2026-06-02 16:06
a_01kt4z3t46epy9d4xm1h11zq34,2026-06-03,"Maine Dream, Inc.",Independent Expenditure,50230.30,Firewall Placement,RAD - Radio ads and production,Radio Ads / Placement,Jonathan Bush,Support,20092.12,Governor,Governor,-,Republican,https://www.mainecampaignfinancedisclosure.com/public/activities/a_01kt4z3t46epy9d4xm1h11zq34,2026-10-05 14:45,Primary,,,2026-06-02 16:06
a_01kt4t1vy4ft08w0h8hkft7pra,2026-05-28,Working Families Party PAC,Independent Expenditure,524.20,"Community Labor Administrative Services, Inc","PER - Staffing, consulting",Staff time,Shenna Bellows,Support,104.84,Governor,Governor,-,Democratic,https://www.mainecampaignfinancedisclosure.com/public/activities/a_01kt4t1vy4ft08w0h8hkft7pra,2026-10-05 14:47,Primary,,,2026-06-02 14:38
a_01kt4t1vy4ft08w0h8hkft7pra,2026-05-28,Working Families Party PAC,Independent Expenditure,524.20,"Community Labor Administrative Services, Inc","PER - Staffing, consulting",Staff time,Troy Dale Jackson,Support,104.84,Governor,Governor,-,Democratic,https://www.mainecampaignfinancedisclosure.com/public/activities/a_01kt4t1vy4ft08w0h8hkft7pra,2026-10-05 14:47,Primary,,,2026-06-02 14:38
a_01kt4t1vy4ft08w0h8hkft7pra,2026-05-28,Working Families Party PAC,Independent Expenditure,524.20,"Community Labor Administrative Services, Inc","PER - Staffing, consulting",Staff time,Hannah Pingree,Support,104.84,Governor,Governor,-,Democratic,https://www.mainecampaignfinancedisclosure.com/public/activities/a_01kt4t1vy4ft08w0h8hkft7pra,2026-10-05 14:47,Primary,,,2026-06-02 14:38
a_01kt4t1vy4ft08w0h8hkft7pra,2026-05-28,Working Families Party PAC,Independent Expenditure,524.20,"Community Labor Administrative Services, Inc","PER - Staffing, consulting",Staff time,Nirav Shah,Oppose,104.84,Governor,Governor,-,Democratic,https://www.mainecampaignfinancedisclosure.com/public/activities/a_01kt4t1vy4ft08w0h8hkft7pra,2026-10-05 14:47,Primary,,,2026-06-02 14:38
a_01kt4t1vy4ft08w0h8hkft7pra,2026-05-28,Working Families Party PAC,Independent Expenditure,524.20,"Community Labor Administrative Services, Inc","PER - Staffing, consulting",Staff time,"Angus S. King, III",Oppose,104.84,Governor,Governor,-,Democratic,https://www.mainecampaignfinancedisclosure.com/public/activities/a_01kt4t1vy4ft08w0h8hkft7pra,2026-10-05 14:47,Primary,,,2026-06-02 14:38
a_01kt4sz6ehfwjvr7750bbyks22,2026-05-27,Working Families Party PAC,Independent Expenditure,1180.74,"Community Labor Administrative Services, Inc","PER - Staffing, consulting",Staff time,Shenna Bellows,Support,236.15,Governor,Governor,-,Democratic,https://www.mainecampaignfinancedisclosure.com/public/activities/a_01kt4sz6ehfwjvr7750bbyks22,2026-10-05 14:47,Primary,,,2026-06-02 14:36
a_01kt4sz6ehfwjvr7750bbyks22,2026-05-27,Working Families Party PAC,Independent Expenditure,1180.74,"Community Labor Administrative Services, Inc","PER - Staffing, consulting",Staff time,Hannah Pingree,Support,236.14,Governor,Governor,-,Democratic,https://www.mainecampaignfinancedisclosure.com/public/activities/a_01kt4sz6ehfwjvr7750bbyks22,2026-10-05 14:47,Primary,,,2026-06-02 14:36
a_01kt4sz6ehfwjvr7750bbyks22,2026-05-27,Working Families Party PAC,Independent Expenditure,1180.74,"Community Labor Administrative Services, Inc","PER - Staffing, consulting",Staff time,Nirav Shah,Oppose,236.15,Governor,Governor,-,Democratic,https://www.mainecampaignfinancedisclosure.com/public/activities/a_01kt4sz6ehfwjvr7750bbyks22,2026-10-05 14:47,Primary,,,2026-06-02 14:36
a_01kt4sz6ehfwjvr7750bbyks22,2026-05-27,Working Families Party PAC,Independent Expenditure,1180.74,"Community Labor Administrative Services, Inc","PER - Staffing, consulting",Staff time,Troy Dale Jackson,Support,236.15,Governor,Governor,-,Democratic,https://www.mainecampaignfinancedisclosure.com/public/activities/a_01kt4sz6ehfwjvr7750bbyks22,2026-10-05 14:47,Primary,,,2026-06-02 14:36
a_01kt4sz6ehfwjvr7750bbyks22,2026-05-27,Working Families Party PAC,Independent Expenditure,1180.74,"Community Labor Administrative Services, Inc","PER - Staffing, consulting",Staff time,"Angus S. King, III",Oppose,236.15,Governor,Governor,-,Democratic,https://www.mainecampaignfinancedisclosure.com/public/activities/a_01kt4sz6ehfwjvr7750bbyks22,2026-10-05 14:47,Primary,,,2026-06-02 14:36
a_01kt4sqmrkeyksakap2hembeep,2026-05-28,Working Families Party PAC,Independent Expenditure,40212.34,Red Horse Strategies,MHS - Direct mail (all costs included),Direct mail,Nirav Shah,Oppose,8042.47,Governor,Governor,-,Democratic,https://www.mainecampaignfinancedisclosure.com/public/activities/a_01kt4sqmrkeyksakap2hembeep,2026-10-05 14:47,Primary,,,2026-06-02 14:32
a_01kt4sqmrkeyksakap2hembeep,2026-05-28,Working Families Party PAC,Independent Expenditure,40212.34,Red Horse Strategies,MHS - Direct mail (all costs included),Direct mail,"Angus S. King, III",Oppose,8042.47,Governor,Governor,-,Democratic,https://www.mainecampaignfinancedisclosure.com/public/activities/a_01kt4sqmrkeyksakap2hembeep,2026-10-05 14:47,Primary,,,2026-06-02 14:32
a_01kt4sqmrkeyksakap2hembeep,2026-05-28,Working Families Party PAC,Independent Expenditure,40212.34,Red Horse Strategies,MHS - Direct mail (all costs included),Direct mail,Hannah Pingree,Support,8042.47,Governor,Governor,-,Democratic,https://www.mainecampaignfinancedisclosure.com/public/activities/a_01kt4sqmrkeyksakap2hembeep,2026-10-05 14:47,Primary,,,2026-06-02 14:32
a_01kt4sqmrkeyksakap2hembeep,2026-05-28,Working Families Party PAC,Independent Expenditure,40212.34,Red Horse Strategies,MHS - Direct mail (all costs included),Direct mail,Troy Dale Jackson,Support,8042.47,Governor,Governor,-,Democratic,https://www.mainecampaignfinancedisclosure.com/public/activities/a_01kt4sqmrkeyksakap2hembeep,2026-10-05 14:47,Primary,,,2026-06-02 14:32
a_01kt4sqmrkeyksakap2hembeep,2026-05-28,Working Families Party PAC,Independent Expenditure,40212.34,Red Horse Strategies,MHS - Direct mail (all costs included),Direct mail,Shenna Bellows,Support,8042.46,Governor,Governor,-,Democratic,https://www.mainecampaignfinancedisclosure.com/public/activities/a_01kt4sqmrkeyksakap2hembeep,2026-10-05 14:47,Primary,,,2026-06-02 14:32
a_01kt4sjrkbe5hbxhzwdqbahh1a,2026-05-28,Working Families Party PAC,Independent Expenditure,51000.00,Red Horse Strategies,"ONL - Social media, online ads",Digital ads,Nirav Shah,Oppose,51000.00,Governor,Governor,-,Democratic,https://www.mainecampaignfinancedisclosure.com/public/activities/a_01kt4sjrkbe5hbxhzwdqbahh1a,2026-10-05 14:47,Primary,,,2026-06-02 14:29
a_01kt4sh2gzfm6syy2zgxtvp7rd,2026-05-28,Working Families Party PAC,Independent Expenditure,49455.00,Red Horse Strategies,TVN - TV ads and production,TV ads,Nirav Shah,Oppose,49455.00,Governor,Governor,-,Democratic,https://www.mainecampaignfinancedisclosure.com/public/activities/a_01kt4sh2gzfm6syy2zgxtvp7rd,2026-10-05 14:47,Primary,,,2026-06-02 14:28
a_01kt4sc0m3ekxbgwjay19tdgc4,2026-05-27,Working Families Party PAC,Independent Expenditure,5000.00,Red Horse Strategies,"ONL - Social media, online ads",Website,Nirav Shah,Oppose,1000.00,Governor,Governor,-,Democratic,https://www.mainecampaignfinancedisclosure.com/public/activities/a_01kt4sc0m3ekxbgwjay19tdgc4,2026-10-05 14:47,Primary,,,2026-06-02 14:26
a_01kt4sc0m3ekxbgwjay19tdgc4,2026-05-27,Working Families Party PAC,Independent Expenditure,5000.00,Red Horse Strategies,"ONL - Social media, online ads",Website,"Angus S. King, III",Oppose,1000.00,Governor,Governor,-,Democratic,https://www.mainecampaignfinancedisclosure.com/public/activities/a_01kt4sc0m3ekxbgwjay19tdgc4,2026-10-05 14:47,Primary,,,2026-06-02 14:26
a_01kt4sc0m3ekxbgwjay19tdgc4,2026-05-27,Working Families Party PAC,Independent Expenditure,5000.00,Red Horse Strategies,"ONL - Social media, online ads",Website,Shenna Bellows,Support,1000.00,Governor,Governor,-,Democratic,https://www.mainecampaignfinancedisclosure.com/public/activities/a_01kt4sc0m3ekxbgwjay19tdgc4,2026-10-05 14:47,Primary,,,2026-06-02 14:26
a_01kt4sc0m3ekxbgwjay19tdgc4,2026-05-27,Working Families Party PAC,Independent Expenditure,5000.00,Red Horse Strategies,"ONL - Social media, online ads",Website,Troy Dale Jackson,Support,1000.00,Governor,Governor,-,Democratic,https://www.mainecampaignfinancedisclosure.com/public/activities/a_01kt4sc0m3ekxbgwjay19tdgc4,2026-10-05 14:47,Primary,,,2026-06-02 14:26
a_01kt4sc0m3ekxbgwjay19tdgc4,2026-05-27,Working Families Party PAC,Independent Expenditure,5000.00,Red Horse Strategies,"ONL - Social media, online ads",Website,Hannah Pingree,Support,1000.00,Governor,Governor,-,Democratic,https://www.mainecampaignfinancedisclosure.com/public/activities/a_01kt4sc0m3ekxbgwjay19tdgc4,2026-10-05 14:47,Primary,,,2026-06-02 14:26
a_01kt4s93gwfe38vmzssb8qrfw2,2026-05-27,Working Families Party PAC,Independent Expenditure,20000.00,Red Horse Strategies,"ONL - Social media, online ads",Digital ads,Nirav Shah,Oppose,4000.00,Governor,Governor,-,Democratic,https://www.mainecampaignfinancedisclosure.com/public/activities/a_01kt4s93gwfe38vmzssb8qrfw2,2026-10-05 14:47,Primary,,,2026-06-02 14:24
a_01kt4s93gwfe38vmzssb8qrfw2,2026-05-27,Working Families Party PAC,Independent Expenditure,20000.00,Red Horse Strategies,"ONL - Social media, online ads",Digital ads,"Angus S. King, III",Oppose,4000.00,Governor,Governor,-,Democratic,https://www.mainecampaignfinancedisclosure.com/public/activities/a_01kt4s93gwfe38vmzssb8qrfw2,2026-10-05 14:47,Primary,,,2026-06-02 14:24
a_01kt4s93gwfe38vmzssb8qrfw2,2026-05-27,Working Families Party PAC,Independent Expenditure,20000.00,Red Horse Strategies,"ONL - Social media, online ads",Digital ads,Shenna Bellows,Support,4000.00,Governor,Governor,-,Democratic,https://www.mainecampaignfinancedisclosure.com/public/activities/a_01kt4s93gwfe38vmzssb8qrfw2,2026-10-05 14:47,Primary,,,2026-06-02 14:24
a_01kt4s93gwfe38vmzssb8qrfw2,2026-05-27,Working Families Party PAC,Independent Expenditure,20000.00,Red Horse Strategies,"ONL - Social media, online ads",Digital ads,Troy Dale Jackson,Support,4000.00,Governor,Governor,-,Democratic,https://www.mainecampaignfinancedisclosure.com/public/activities/a_01kt4s93gwfe38vmzssb8qrfw2,2026-10-05 14:47,Primary,,,2026-06-02 14:24
a_01kt4s93gwfe38vmzssb8qrfw2,2026-05-27,Working Families Party PAC,Independent Expenditure,20000.00,Red Horse Strategies,"ONL - Social media, online ads",Digital ads,Hannah Pingree,Support,4000.00,Governor,Governor,-,Democratic,https://www.mainecampaignfinancedisclosure.com/public/activities/a_01kt4s93gwfe38vmzssb8qrfw2,2026-10-05 14:47,Primary,,,2026-06-02 14:24
a_01kt4s2d4zfbzr757zhx3yhb4p,2026-05-27,Working Families Party PAC,Independent Expenditure,10000.00,Red Horse Strategies,"ONL - Social media, online ads",Digital ads,Nirav Shah,Oppose,10000.00,Governor,Governor,-,Democratic,https://www.mainecampaignfinancedisclosure.com/public/activities/a_01kt4s2d4zfbzr757zhx3yhb4p,2026-10-05 14:47,Primary,,,2026-06-02 14:20
a_01kt4esgwgfkx9sjjb7hcvbr9s,2026-06-02,MAINE CONSERVATION VOTERS ACTION FUND,Independent Expenditure,31000.00,SKDKnickerbocker LLC,"ONL - Social media, online ads","social media, online ads",Hannah Pingree,Support,31000.00,Governor,Governor,-,Democratic,https://www.mainecampaignfinancedisclosure.com/public/activities/a_01kt4esgwgfkx9sjjb7hcvbr9s,2026-10-05 14:46,Primary,,,2026-06-02 11:21
a_01kt4b2s5jes0vcgchb3havfph,2026-06-02,RECLAIM MAINE,Independent Expenditure,10000.00,Lariat Strategies LLC,"ONL - Social media, online ads",Digital Media,Robert B. Charles,Support,10000.00,Governor,Governor,-,Republican,https://www.mainecampaignfinancedisclosure.com/public/activities/a_01kt4b2s5jes0vcgchb3havfph,2026-10-05 14:46,Primary,Bobby Charles,,2026-06-02 10:16
a_01kt2n4nkpeacv6dat1f4p3g85,2026-05-31,Strong Maine Communities PAC,Independent Expenditure,13363.88,Convergence Targeted Communication,MHS - Direct mail (all costs included),Mail,Lisa Pratt,Support,8886.06,Representative District 135,Representative,135,Democratic,https://www.mainecampaignfinancedisclosure.com/public/activities/a_01kt2n4nkpeacv6dat1f4p3g85,2026-10-05 14:46,Primary,,135,2026-06-01 18:33
a_01kt2n4nkpeacv6dat1f4p3g85,2026-05-31,Strong Maine Communities PAC,Independent Expenditure,13363.88,Convergence Targeted Communication,MHS - Direct mail (all costs included),Mail,Matthew Kershaw,Support,4477.82,Representative District 95,Representative,95,Democratic,https://www.mainecampaignfinancedisclosure.com/public/activities/a_01kt2n4nkpeacv6dat1f4p3g85,2026-10-05 14:46,Primary,,95,2026-06-01 18:33
a_01kt20jt9vf0bsf0c2fb3jvkxb,2026-06-01,RECLAIM MAINE,Independent Expenditure,15406.33,Spectrum Monthly LLC,MHS - Direct mail (all costs included),Printing/Postage,Jonathan Bush,Oppose,15406.33,Governor,Governor,-,Republican,https://www.mainecampaignfinancedisclosure.com/public/activities/a_01kt20jt9vf0bsf0c2fb3jvkxb,2026-10-05 14:46,Primary,,,2026-06-01 12:34
a_01ksxqxbg6fbgvm13yq1bam5h5,2026-05-29,Working Mainers First,Independent Expenditure,95700.00,"Targeted Platform Media, LLC",TVN - TV ads and production,TV Media Buy,Troy Dale Jackson,Support,95700.00,Governor,Governor,-,Democratic,https://www.mainecampaignfinancedisclosure.com/public/activities/a_01ksxqxbg6fbgvm13yq1bam5h5,2026-10-05 14:46,Primary,Troy Jackson,,2026-05-30 20:46
a_01ksxqrv04fd3t00e1r16447z2,2026-05-29,Working Mainers First,Independent Expenditure,14300.00,Frame Media Strategies,TVN - TV ads and production,Planning and Placement TV,Troy Dale Jackson,Support,14300.00,Governor,Governor,-,Democratic,https://www.mainecampaignfinancedisclosure.com/public/activities/a_01ksxqrv04fd3t00e1r16447z2,2026-10-05 14:46,Primary,Troy Jackson,,2026-05-30 20:43
a_01ksty2f65evnsn9rstpepvb46,2026-05-28,Working Mainers First,Independent Expenditure,3547.47,Frame Media Strategies,TVN - TV ads and production,"Planning and Placement: media buy, planning, optimization, targeting",Troy Dale Jackson,Support,3547.47,Governor,Governor,-,Democratic,https://www.mainecampaignfinancedisclosure.com/public/activities/a_01ksty2f65evnsn9rstpepvb46,2026-10-05 14:47,Primary,Troy Jackson,,2026-05-29 18:35
a_01kstxhmvffc2v31zsrtyz3qbt,2026-05-28,Working Mainers First,Independent Expenditure,19300.95,DS Political,"ONL - Social media, online ads",Placing of Digital Ad,Digital Buy: Programmatic,Support,19300.95,,,,,https://www.mainecampaignfinancedisclosure.com/public/activities/a_01kstxhmvffc2v31zsrtyz3qbt,2026-10-05 14:47,Primary,,,2026-05-29 18:26
a_01kstxetp9ectbygwfw8m40c7g,2026-05-28,Working Mainers First,Independent Expenditure,6500.00,Frame Media Strategies,TVN - TV ads and production,Planning and Placement TV,Troy Dale Jackson,Support,6500.00,Governor,Governor,-,Democratic,https://www.mainecampaignfinancedisclosure.com/public/activities/a_01kstxetp9ectbygwfw8m40c7g,2026-10-05 14:46,Primary,Troy Jackson,,2026-05-29 18:25
a_01kstxg6q3ej7vv1tbc3bae6xe,2026-05-28,Working Mainers First,Independent Expenditure,801.43,Meta,"ONL - Social media, online ads",Digital Buy: Meta Video,Troy Dale Jackson,Support,801.43,Governor,Governor,-,Democratic,https://www.mainecampaignfinancedisclosure.com/public/activities/a_01kstxg6q3ej7vv1tbc3bae6xe,2026-10-05 14:46,Primary,Troy Jackson,,2026-05-29 18:25
a_01kstxd31gf0yaqfg97rcr7s4r,2026-05-28,Working Mainers First,Independent Expenditure,43500.00,"Targeted Platform Media, LLC",TVN - TV ads and production,Media Buy,Troy Dale Jackson,Support,43500.00,Governor,Governor,-,Democratic,https://www.mainecampaignfinancedisclosure.com/public/activities/a_01kstxd31gf0yaqfg97rcr7s4r,2026-10-05 14:46,Primary,Troy Jackson,,2026-05-29 18:24
a_01kstx00yzftwtaaq0ewnm7gc9,2026-05-28,Working Mainers First,Independent Expenditure,3244.84,Meta,"ONL - Social media, online ads",Digital Buy: Meta Video,Troy Dale Jackson,Support,3244.84,Governor,Governor,-,Democratic,https://www.mainecampaignfinancedisclosure.com/public/activities/a_01kstx00yzftwtaaq0ewnm7gc9,2026-10-05 14:46,Primary,Troy Jackson,,2026-05-29 18:17
a_01kstwxxbefzptqa4s3vn18kd6,2026-05-28,Working Mainers First,Independent Expenditure,572.63,Frame Media Strategies,"ONL - Social media, online ads","Planning and Placement: media buy, planning, optimization, targeting",Troy Dale Jackson,Support,572.63,Governor,Governor,-,Democratic,https://www.mainecampaignfinancedisclosure.com/public/activities/a_01kstwxxbefzptqa4s3vn18kd6,2026-10-05 14:46,Primary,Troy Jackson,,2026-05-29 18:15
a_01kstscepmegz86kpae2a8bcn3,2026-06-03,"Maine Dream, Inc.",Independent Expenditure,199124.67,Firewall Placement,TVN - TV ads and production,TV Placement,Robert B. Charles,Oppose,199124.67,Governor,Governor,-,Republican,https://www.mainecampaignfinancedisclosure.com/public/activities/a_01kstscepmegz86kpae2a8bcn3,2026-10-05 14:45,Primary,,,2026-05-29 17:14
a_01ksth8ppbfmybs7b6vv8m7avw,2026-05-29,Maine AFLCIO PAC,Independent Expenditure,33146.25,Resonance Campaigns,MHS - Direct mail (all costs included),Mailing in support of Troy Jackson for Governor,Troy Dale Jackson,Support,33146.25,Governor,Governor,-,Democratic,https://www.mainecampaignfinancedisclosure.com/public/activities/a_01ksth8ppbfmybs7b6vv8m7avw,2026-10-05 14:46,Primary,Troy Jackson for Governor,,2026-05-29 14:52
a_01kst5jmnaf46sp9y28q7bxfa6,2026-05-24,Maine Youth Power PAC,Independent Expenditure,8.31,R DuBois,"LIT - Palmcards, signs, stickers, etc.","Printed lit in support of Shenna Bellows, Hannah Pingree and Troy Jackson",Shenna Bellows,Support,2.77,Governor,Governor,-,Democratic,https://www.mainecampaignfinancedisclosure.com/public/activities/a_01kst5jmnaf46sp9y28q7bxfa6,2026-10-05 14:47,Primary,,,2026-05-29 11:27
a_01kst5jmnaf46sp9y28q7bxfa6,2026-05-24,Maine Youth Power PAC,Independent Expenditure,8.31,R DuBois,"LIT - Palmcards, signs, stickers, etc.","Printed lit in support of Shenna Bellows, Hannah Pingree and Troy Jackson",Hannah Pingree,Support,2.77,Governor,Governor,-,Democratic,https://www.mainecampaignfinancedisclosure.com/public/activities/a_01kst5jmnaf46sp9y28q7bxfa6,2026-10-05 14:47,Primary,,,2026-05-29 11:27
a_01kst5jmnaf46sp9y28q7bxfa6,2026-05-24,Maine Youth Power PAC,Independent Expenditure,8.31,R DuBois,"LIT - Palmcards, signs, stickers, etc.","Printed lit in support of Shenna Bellows, Hannah Pingree and Troy Jackson",Troy Dale Jackson,Support,2.77,Governor,Governor,-,Democratic,https://www.mainecampaignfinancedisclosure.com/public/activities/a_01kst5jmnaf46sp9y28q7bxfa6,2026-10-05 14:47,Primary,,,2026-05-29 11:27
a_01kst2872nf34s06e7c9ys7az4,2026-05-29,Safer Maine PAC,Independent Expenditure,8351.55,North Star Strategies,MHS - Direct mail (all costs included),"Direct Mail, Pro Ellie Sato",Eleanor Sato,Support,8351.55,Senator District 30,Senator,30,Democratic,https://www.mainecampaignfinancedisclosure.com/public/activities/a_01kst2872nf34s06e7c9ys7az4,2026-10-05 14:46,Primary,,30,2026-05-29 10:29
a_01ksszzhqzf8dat3x8wkt60kbq,2026-05-29,MAINE CONSERVATION VOTERS ACTION FUND,Independent Expenditure,60000.00,SKDKnickerbocker LLC,TVN - TV ads and production,TV ads and production,Hannah Pingree,Support,60000.00,Governor,Governor,-,Democratic,https://www.mainecampaignfinancedisclosure.com/public/activities/a_01ksszzhqzf8dat3x8wkt60kbq,2026-10-05 14:46,Primary,,,2026-05-29 09:50
a_01kssy5anhewhabff93tvgyzz1,2026-05-29,MPA CAMPAIGN VOTE!,Independent Expenditure,37842.50,MAINE PEOPLE'S ALLIANCE,"PER - Staffing, consulting",Canvass and Digital,Shenna Bellows,Support,37842.50,Governor,Governor,-,Democratic,https://www.mainecampaignfinancedisclosure.com/public/activities/a_01kssy5anhewhabff93tvgyzz1,2026-10-05 14:46,Primary,,,2026-05-29 09:18
a_01kssxgf5xfm9tpe4zva2pxena,2026-05-29,314 Action Victory Fund - Maine,Independent Expenditure,9000.00,Novel Messaging LLC,TVN - TV ads and production,Advertising and Media Production,Nirav Shah,Support,9000.00,Governor,Governor,-,Democratic,https://www.mainecampaignfinancedisclosure.com/public/activities/a_01kssxgf5xfm9tpe4zva2pxena,2026-10-05 14:46,Primary,,,2026-05-29 09:06
a_01kssqw48wfq28rrg9h1b9tzrt,2026-05-29,Gun Owners of Maine PAC,Independent Expenditure,2884.05,Spectrum Marketing Compaines,MHS - Direct mail (all costs included),direct mail,Chad Richard Perkins,Support,2884.05,Senator District 4,Senator,4,Republican,https://www.mainecampaignfinancedisclosure.com/public/activities/a_01kssqw48wfq28rrg9h1b9tzrt,2026-10-05 14:46,Primary,,4,2026-05-29 07:28
a_01ksqwpqy0e07ave740f0mwcwj,2026-05-22,MAINE CONSERVATION VOTERS ACTION FUND,Independent Expenditure,24199.82,Moxie Media,"POS - Postage, mailbox fees",postage for direct mail piece,Hannah Pingree,Support,24199.82,Governor,Governor,-,Democratic,https://www.mainecampaignfinancedisclosure.com/public/activities/a_01ksqwpqy0e07ave740f0mwcwj,2026-10-05 14:47,Primary,,,2026-05-28 14:14
a_01ksqv48akeen8tgnkt7z4send,2026-05-28,MPA Votes,Independent Expenditure,194.67,MAINE PEOPLE'S ALLIANCE,"LIT - Palmcards, signs, stickers, etc.",Lit creation and copy,Shenna Bellows,Support,97.34,Governor,Governor,-,Democratic,https://www.mainecampaignfinancedisclosure.com/public/activities/a_01ksqv48akeen8tgnkt7z4send,2026-10-05 14:46,Primary,,,2026-05-28 13:46
a_01ksqv48akeen8tgnkt7z4send,2026-05-28,MPA Votes,Independent Expenditure,194.67,MAINE PEOPLE'S ALLIANCE,"LIT - Palmcards, signs, stickers, etc.",Lit creation and copy,Rachel Mary Phipps,Support,48.67,Representative District 135,Representative,135,Democratic,https://www.mainecampaignfinancedisclosure.com/public/activities/a_01ksqv48akeen8tgnkt7z4send,2026-10-05 14:46,Primary,Rachel Phipps,135,2026-05-28 13:46
a_01ksqv48akeen8tgnkt7z4send,2026-05-28,MPA Votes,Independent Expenditure,194.67,MAINE PEOPLE'S ALLIANCE,"LIT - Palmcards, signs, stickers, etc.",Lit creation and copy,Maureen AuCoin,Support,48.66,Representative District 55,Representative,55,Democratic,https://www.mainecampaignfinancedisclosure.com/public/activities/a_01ksqv48akeen8tgnkt7z4send,2026-10-05 14:46,Primary,,55,2026-05-28 13:46
a_01ksnkm03wf4xv9jbeeb7xb6k9,2026-05-26,Restoration of America PAC Maine,Independent Expenditure,33861.10,Majority Strategies LLC,MHS - Direct mail (all costs included),Production and shipment of mailer,Garrett Paul Mason,Support,33861.10,Governor,Governor,-,Republican,https://www.mainecampaignfinancedisclosure.com/public/activities/a_01ksnkm03wf4xv9jbeeb7xb6k9,2026-10-05 14:47,Primary,,,2026-05-27 16:57
a_01ksndsfw6faca0401392ndwat,2026-05-26,"Maine Dream, Inc.",Independent Expenditure,151126.54,Firewall Placement,TVN - TV ads and production,TV Placement,Robert B. Charles,Oppose,151126.54,Governor,Governor,-,Republican,https://www.mainecampaignfinancedisclosure.com/public/activities/a_01ksndsfw6faca0401392ndwat,2026-10-05 14:47,Primary,,,2026-05-27 15:15
a_01ksk28781fdxrs1g1fnzz5tqf,2026-05-26,MAINE CONSERVATION VOTERS ACTION FUND,Independent Expenditure,60.14,Scale to Win,"PHO - Phone bank, robocalls/texts",text messaging,Hannah Pingree,Support,60.14,Governor,Governor,-,Democratic,https://www.mainecampaignfinancedisclosure.com/public/activities/a_01ksk28781fdxrs1g1fnzz5tqf,2026-10-05 14:47,Primary,,,2026-05-26 17:15
a_01ksjwmqv5f20s5wmsg3r19mgq,2026-05-26,MAINE CONSERVATION VOTERS ACTION FUND,Independent Expenditure,325.98,MAINE CONSERVATION VOTERS,"PER - Staffing, consulting",Staff time,Hannah Pingree,Support,325.98,Governor,Governor,-,Democratic,https://www.mainecampaignfinancedisclosure.com/public/activities/a_01ksjwmqv5f20s5wmsg3r19mgq,2026-10-05 14:47,Primary,,,2026-05-26 15:37
a_01ksjwkarpfgrag3cah3cqy2yc,2026-04-30,MAINE CONSERVATION VOTERS ACTION FUND,Independent Expenditure,516.25,MAINE CONSERVATION VOTERS,"PER - Staffing, consulting",Staff time,Hannah Pingree,Support,516.25,Governor,Governor,-,Democratic,https://www.mainecampaignfinancedisclosure.com/public/activities/a_01ksjwkarpfgrag3cah3cqy2yc,2026-10-05 14:48,Primary,,,2026-05-26 15:36
a_01ksje50y8fj5ss5jkp98y36wj,2026-05-21,MAINE CONSERVATION VOTERS ACTION FUND,Independent Expenditure,308.65,Scale to Win,"PHO - Phone bank, robocalls/texts",text messaging,Hannah Pingree,Support,308.65,Governor,Governor,-,Democratic,https://www.mainecampaignfinancedisclosure.com/public/activities/a_01ksje50y8fj5ss5jkp98y36wj,2026-10-05 14:47,Primary,,,2026-05-26 11:23
a_01ksja97ptetjbw3wgzn97nj7g,2026-05-26,RECLAIM MAINE,Independent Expenditure,10083.72,Spectrum Monthly LLC,MHS - Direct mail (all costs included),Printing/Postage,Robert B. Charles,Support,10083.72,Governor,Governor,-,Republican,https://www.mainecampaignfinancedisclosure.com/public/activities/a_01ksja97ptetjbw3wgzn97nj7g,2026-10-05 14:47,Primary,Bobby Charles,,2026-05-26 10:16
a_01ksja7fqjfa9976zfep9rdk1s,2026-05-26,RECLAIM MAINE,Independent Expenditure,12040.76,Spectrum Monthly LLC,MHS - Direct mail (all costs included),Printing/Postage,Robert B. Charles,Support,12040.76,Governor,Governor,-,Republican,https://www.mainecampaignfinancedisclosure.com/public/activities/a_01ksja7fqjfa9976zfep9rdk1s,2026-10-05 14:47,Primary,Bobby Charles,,2026-05-26 10:15
a_01ks8r6te9e2zravye8knmx9nb,2026-05-20,Restoration of America PAC Maine,Independent Expenditure,33861.10,Majority Strategies LLC,MHS - Direct mail (all costs included),Production and delivery of mailers,Garrett Paul Mason,Support,16930.55,Governor,Governor,-,Republican,https://www.mainecampaignfinancedisclosure.com/public/activities/a_01ks8r6te9e2zravye8knmx9nb,2026-10-05 14:47,Primary,,,2026-05-22 17:07
a_01ks8r6te9e2zravye8knmx9nb,2026-05-20,Restoration of America PAC Maine,Independent Expenditure,33861.10,Majority Strategies LLC,MHS - Direct mail (all costs included),Production and delivery of mailers,Robert B. Charles,Oppose,16930.55,Governor,Governor,-,Republican,https://www.mainecampaignfinancedisclosure.com/public/activities/a_01ks8r6te9e2zravye8knmx9nb,2026-10-05 14:47,Primary,,,2026-05-22 17:07
a_01ks8hetr1e8ys34mc5njrerht,2026-05-22,MPA Votes,Independent Expenditure,783.84,MAINE PEOPLE'S ALLIANCE,MHS - Direct mail (all costs included),mailer,Mana Hared Abdi,Support,249.67,Senator District 21,Senator,21,Democratic,https://www.mainecampaignfinancedisclosure.com/public/activities/a_01ks8hetr1e8ys34mc5njrerht,2026-10-05 14:47,Primary,,21,2026-05-22 15:09
a_01ks8hetr1e8ys34mc5njrerht,2026-05-22,MPA Votes,Independent Expenditure,783.84,MAINE PEOPLE'S ALLIANCE,MHS - Direct mail (all costs included),mailer,Rachel Mary Phipps,Support,192.25,Representative District 135,Representative,135,Democratic,https://www.mainecampaignfinancedisclosure.com/public/activities/a_01ks8hetr1e8ys34mc5njrerht,2026-10-05 14:47,Primary,Rachel Phipps,135,2026-05-22 15:09
a_01ks8hetr1e8ys34mc5njrerht,2026-05-22,MPA Votes,Independent Expenditure,783.84,MAINE PEOPLE'S ALLIANCE,MHS - Direct mail (all costs included),mailer,Shenna Bellows,Support,341.92,Governor,Governor,-,Democratic,https://www.mainecampaignfinancedisclosure.com/public/activities/a_01ks8hetr1e8ys34mc5njrerht,2026-10-05 14:47,Primary,,,2026-05-22 15:09
a_01ks88srpfej481hvhhtawynrg,2026-05-22,MAINE CONSERVATION VOTERS ACTION FUND,Independent Expenditure,21890.00,Moxie Media,MHS - Direct mail (all costs included),direct mail piece,Hannah Pingree,Support,21890.00,Governor,Governor,-,Democratic,https://www.mainecampaignfinancedisclosure.com/public/activities/a_01ks88srpfej481hvhhtawynrg,2026-10-05 14:47,Primary,,,2026-05-22 12:37
a_01ks84pgsdfe6v3n4b5kpa1dd9,2026-05-22,MAINE CONSERVATION VOTERS ACTION FUND,Independent Expenditure,4313.80,SKDKnickerbocker LLC,"ONL - Social media, online ads",online ad production,Hannah Pingree,Support,4313.80,Governor,Governor,-,Democratic,https://www.mainecampaignfinancedisclosure.com/public/activities/a_01ks84pgsdfe6v3n4b5kpa1dd9,2026-10-05 14:47,Primary,,,2026-05-22 11:26
a_01ks84m6srfag9cc7wmz7bjr7x,2026-05-22,MAINE CONSERVATION VOTERS ACTION FUND,Independent Expenditure,3886.20,SKDKnickerbocker LLC,TVN - TV ads and production,OTT production,Hannah Pingree,Support,3886.20,Governor,Governor,-,Democratic,https://www.mainecampaignfinancedisclosure.com/public/activities/a_01ks84m6srfag9cc7wmz7bjr7x,2026-10-05 14:47,Primary,,,2026-05-22 11:24
a_01ks815brve8s949yv221rj9mx,2026-05-19,MAINE CONSERVATION VOTERS ACTION FUND,Independent Expenditure,48.88,MAINE CONSERVATION VOTERS,WEB - Website costs,Email,Hannah Pingree,Support,48.88,Governor,Governor,-,Democratic,https://www.mainecampaignfinancedisclosure.com/public/activities/a_01ks815brve8s949yv221rj9mx,2026-10-05 14:47,Primary,,,2026-05-22 10:24
a_01ks677361ebw9p9hqyne8prsw,2026-05-20,Working Mainers First,Independent Expenditure,2300.00,Meta,"ONL - Social media, online ads",Digital Buy: Meta Video,Troy Dale Jackson,Support,2300.00,Governor,Governor,-,Democratic,https://www.mainecampaignfinancedisclosure.com/public/activities/a_01ks677361ebw9p9hqyne8prsw,2026-10-05 14:47,Primary,Troy Jackson,,2026-05-21 17:31
a_01ks674annf5evk1n5xd2t6xbw,2026-05-20,Working Mainers First,Independent Expenditure,12700.00,DS Political,TVN - TV ads and production,Digital Buy: CTV,Troy Dale Jackson,Support,12700.00,Governor,Governor,-,Democratic,https://www.mainecampaignfinancedisclosure.com/public/activities/a_01ks674annf5evk1n5xd2t6xbw,2026-10-05 14:47,Primary,Troy Jackson,,2026-05-21 17:30
a_01ks5segqpetk8yzh2sawq4vdm,2026-05-21,MPA Votes,Independent Expenditure,977.72,MAINE PEOPLE'S ALLIANCE,MHS - Direct mail (all costs included),mailer,Shenna Bellows,Support,977.72,Governor,Governor,-,Democratic,https://www.mainecampaignfinancedisclosure.com/public/activities/a_01ks5segqpetk8yzh2sawq4vdm,2026-10-05 14:47,Primary,,,2026-05-21 13:31
a_01ks39hst2frttkx5zsd3pwmpx,2026-05-18,Restoration of America PAC Maine,Independent Expenditure,739777.75,Gen2 Solutions LLC,TVN - TV ads and production,Production and placement of TV and radio advertisements,Garrett Paul Mason,Support,369888.88,Governor,Governor,-,Republican,https://www.mainecampaignfinancedisclosure.com/public/activities/a_01ks39hst2frttkx5zsd3pwmpx,2026-10-05 14:47,Primary,,,2026-05-20 14:14
a_01ks39hst2frttkx5zsd3pwmpx,2026-05-18,Restoration of America PAC Maine,Independent Expenditure,739777.75,Gen2 Solutions LLC,TVN - TV ads and production,Production and placement of TV and radio advertisements,Robert B. Charles,Oppose,369888.87,Governor,Governor,-,Republican,https://www.mainecampaignfinancedisclosure.com/public/activities/a_01ks39hst2frttkx5zsd3pwmpx,2026-10-05 14:47,Primary,,,2026-05-20 14:14
a_01ks363a71e8w907hn6c6qr00h,2026-05-19,314 Action Victory Fund - Maine,Independent Expenditure,100000.00,Novel Messaging LLC,"ONL - Social media, online ads",Advertising and Media Production,Nirav Shah,Support,100000.00,Governor,Governor,-,Democratic,https://www.mainecampaignfinancedisclosure.com/public/activities/a_01ks363a71e8w907hn6c6qr00h,2026-10-05 14:47,Primary,,,2026-05-20 13:14
a_01ks361bsrec1s5pn0p5kgxd9h,2026-05-19,314 Action Victory Fund - Maine,Independent Expenditure,530755.00,LC Media,TVN - TV ads and production,Advertising and Media Production,Nirav Shah,Support,530755.00,Governor,Governor,-,Democratic,https://www.mainecampaignfinancedisclosure.com/public/activities/a_01ks361bsrec1s5pn0p5kgxd9h,2026-10-05 14:47,Primary,,,2026-05-20 13:13
a_01ks106jcteayvqwfj9xmj22ht,2026-05-20,"Maine Dream, Inc.",Independent Expenditure,203612.80,Firewall Placement,TVN - TV ads and production,Media Placement,Robert B. Charles,Oppose,203612.80,Governor,Governor,-,Republican,https://www.mainecampaignfinancedisclosure.com/public/activities/a_01ks106jcteayvqwfj9xmj22ht,2026-10-05 14:47,Primary,,,2026-05-19 16:52
a_01kryajad2fdb8en5a08f409vq,2026-05-17,MPA CAMPAIGN VOTE!,Independent Expenditure,25000.00,MAINE PEOPLE'S ALLIANCE,"PER - Staffing, consulting",Canvass and Digital,Shenna Bellows,Support,25000.00,Governor,Governor,-,Democratic,https://www.mainecampaignfinancedisclosure.com/public/activities/a_01kryajad2fdb8en5a08f409vq,2026-10-05 14:48,Primary,,,2026-05-18 15:56
a_01krrgda4xfpt84wmq4xr2pn7n,2026-05-15,Working Mainers First,Independent Expenditure,837.40,Interface Media Group,TVN - TV ads and production,Media Buying: Trafficking and Close Captioning,Troy Dale Jackson,Support,837.40,Governor,Governor,-,Democratic,https://www.mainecampaignfinancedisclosure.com/public/activities/a_01krrgda4xfpt84wmq4xr2pn7n,2026-10-05 14:48,Primary,Troy Jackson,,2026-05-16 09:43
a_01krrf9aske5kre37papdms9v2,2026-05-15,Working Mainers First,Independent Expenditure,20000.00,Frame Media Strategies,TVN - TV ads and production,Video Production,Troy Dale Jackson,Support,20000.00,Governor,Governor,-,Democratic,https://www.mainecampaignfinancedisclosure.com/public/activities/a_01krrf9aske5kre37papdms9v2,2026-10-05 14:48,Primary,Troy Jackson,,2026-05-16 09:23
a_01krraxwbmfsws1k9wkwf6ja8r,2026-05-15,Working Mainers First,Independent Expenditure,100000.00,Interface Media Group,TVN - TV ads and production,Broadcast Cable: Portland,Troy Dale Jackson,Support,100000.00,Governor,Governor,-,Democratic,https://www.mainecampaignfinancedisclosure.com/public/activities/a_01krraxwbmfsws1k9wkwf6ja8r,2026-10-05 14:48,Primary,Troy Jackson,,2026-05-16 08:07
a_01krp4hxzhfw0rz315p2vqd8a2,2026-05-15,MAINE CONSERVATION VOTERS ACTION FUND,Independent Expenditure,33765.64,Moxie Media,"POS - Postage, mailbox fees",postage for direct mail,Hannah Pingree,Support,33765.64,Governor,Governor,-,Democratic,https://www.mainecampaignfinancedisclosure.com/public/activities/a_01krp4hxzhfw0rz315p2vqd8a2,2026-10-05 14:48,Primary,,,2026-05-15 11:37
a_01krp4e616fs3benq7wn5pw2jm,2026-05-15,MAINE CONSERVATION VOTERS ACTION FUND,Independent Expenditure,25719.00,Moxie Media,MHS - Direct mail (all costs included),direct mail piece,Hannah Pingree,Support,25719.00,Governor,Governor,-,Democratic,https://www.mainecampaignfinancedisclosure.com/public/activities/a_01krp4e616fs3benq7wn5pw2jm,2026-10-05 14:48,Primary,,,2026-05-15 11:35
a_01krnyd9mrfmq8ag8mfh86j44z,2026-05-15,MAINE CONSERVATION VOTERS ACTION FUND,Independent Expenditure,78543.00,SKDKnickerbocker LLC,TVN - TV ads and production,TV/OTT ads and production,Hannah Pingree,Support,78543.00,Governor,Governor,-,Democratic,https://www.mainecampaignfinancedisclosure.com/public/activities/a_01krnyd9mrfmq8ag8mfh86j44z,2026-10-05 14:48,Primary,,,2026-05-15 09:49
a_01krnxn182ewqbzfjtxnq6ctm6,2026-05-15,MAINE CONSERVATION VOTERS ACTION FUND,Independent Expenditure,96457.00,SKDKnickerbocker LLC,"ONL - Social media, online ads",social media/online ads and production,Hannah Pingree,Support,96457.00,Governor,Governor,-,Democratic,https://www.mainecampaignfinancedisclosure.com/public/activities/a_01krnxn182ewqbzfjtxnq6ctm6,2026-10-05 14:48,Primary,,,2026-05-15 09:36
a_01krhfew3yeg79jj0nftkbb3ds,2026-05-13,"Maine Dream, Inc.",Independent Expenditure,221112.80,Firewall Placement,TVN - TV ads and production,TV Placement & Production,Robert B. Charles,Oppose,221112.80,Governor,Governor,-,Republican,https://www.mainecampaignfinancedisclosure.com/public/activities/a_01krhfew3yeg79jj0nftkbb3ds,2026-10-05 14:48,Primary,,,2026-05-13 16:11
a_01kr4sd6qnecfs12mk4m7xys2w,2026-05-07,Working Mainers First,Independent Expenditure,18000.00,DS Political,"ONL - Social media, online ads",Placing of Digital ad,Troy Dale Jackson,Support,18000.00,Governor,Governor,-,Democratic,https://www.mainecampaignfinancedisclosure.com/public/activities/a_01kr4sd6qnecfs12mk4m7xys2w,2026-10-05 14:48,Primary,Troy Jackson,,2026-05-08 17:55
a_01kr4j5h37fvdsnmvrgykt2pyn,2026-05-07,Working Mainers First,Independent Expenditure,116850.00,"Targeted Platform Media, LLC",TVN - TV ads and production,Broadcast Cable: Portland,Troy Dale Jackson,Support,116850.00,Governor,Governor,-,Democratic,https://www.mainecampaignfinancedisclosure.com/public/activities/a_01kr4j5h37fvdsnmvrgykt2pyn,2026-10-05 14:48,Primary,Troy Jackson,,2026-05-08 15:48
a_01kr3sa9pze278972q4brbn602,2026-05-07,MPA Votes,Independent Expenditure,625.00,MAINE PEOPLE'S ALLIANCE,MHS - Direct mail (all costs included),Mailer,Shenna Bellows,Support,625.00,Governor,Governor,-,Democratic,https://www.mainecampaignfinancedisclosure.com/public/activities/a_01kr3sa9pze278972q4brbn602,2026-10-05 14:48,Primary,,,2026-05-08 08:34
a_01kr1fxdf6f2ftybr4rzh08jjw,2026-04-23,MAINE CONSERVATION VOTERS ACTION FUND,Independent Expenditure,2672.15,Mailings Unlimited,OTH - Other,Mailing,Hannah Pingree,Support,2672.15,Governor,Governor,-,Democratic,https://www.mainecampaignfinancedisclosure.com/public/activities/a_01kr1fxdf6f2ftybr4rzh08jjw,2026-10-05 14:48,Primary,,,2026-05-07 11:11
a_01kqzhtjvpew7rts598wr5xts0,2026-05-06,"Maine Dream, Inc.",Independent Expenditure,200161.62,Firewall Placement,TVN - TV ads and production,TV / Radio ad placement & production,Robert B. Charles,Oppose,200161.62,Governor,Governor,-,Republican,https://www.mainecampaignfinancedisclosure.com/public/activities/a_01kqzhtjvpew7rts598wr5xts0,2026-10-05 14:48,Primary,,,2026-05-06 17:06
a_01kqx3c3d8fvrv3wmxrxcsr8ay,2026-05-05,MAINE CONSERVATION VOTERS ACTION FUND,Independent Expenditure,27312.61,Moxie Media,"POS - Postage, mailbox fees",postage for mailer,Hannah Pingree,Support,27312.61,Governor,Governor,-,Democratic,https://www.mainecampaignfinancedisclosure.com/public/activities/a_01kqx3c3d8fvrv3wmxrxcsr8ay,2026-10-05 14:48,Primary,,,2026-05-05 18:15
a_01kqx399b9e5y86y9qkgjn79c5,2026-05-05,MAINE CONSERVATION VOTERS ACTION FUND,Independent Expenditure,22602.00,Moxie Media,MHS - Direct mail (all costs included),Mail,Hannah Pingree,Support,22602.00,Governor,Governor,-,Democratic,https://www.mainecampaignfinancedisclosure.com/public/activities/a_01kqx399b9e5y86y9qkgjn79c5,2026-10-05 14:48,Primary,,,2026-05-05 18:14
a_01kqh7vttbe9btf088wwf8q703,2026-04-29,Working Mainers First,Independent Expenditure,837.40,Interface Media Group,TVN - TV ads and production,Media Buying: Trafficking and Close Captioning,Trafficking and Close Captioning,Support,837.40,,,,,https://www.mainecampaignfinancedisclosure.com/public/activities/a_01kqh7vttbe9btf088wwf8q703,2026-10-05 14:48,Primary,,,2026-05-01 03:43
a_01kqh7qh0mecjtfhy2r8rn21gj,2026-04-29,Working Mainers First,Independent Expenditure,51351.20,Frame Media Strategies,TVN - TV ads and production,Video Production Planning and Placement TV,Troy Dale Jackson,Support,51351.20,Governor,Governor,-,Democratic,https://www.mainecampaignfinancedisclosure.com/public/activities/a_01kqh7qh0mecjtfhy2r8rn21gj,2026-10-05 14:48,Primary,Troy Jackson,,2026-05-01 03:40
a_01kqh7gjwtehq8vxjc43wbhh4r,2026-04-29,Working Mainers First,Independent Expenditure,241164.00,"Targeted Platform Media, LLC",TVN - TV ads and production,"Broadcast Cable: Portland, Bangor, Presque Isle",Troy Dale Jackson,Support,241164.00,Governor,Governor,-,Democratic,https://www.mainecampaignfinancedisclosure.com/public/activities/a_01kqh7gjwtehq8vxjc43wbhh4r,2026-10-05 14:48,Primary,Troy Jackson,,2026-05-01 03:37
a_01kqf4817ce7wrf8mkztv3nbhs,2026-04-29,MPA CAMPAIGN VOTE!,Independent Expenditure,20000.00,MAINE PEOPLE'S ALLIANCE,"PER - Staffing, consulting",Canvass and Digital,Shenna Bellows,Support,20000.00,Governor,Governor,-,Democratic,https://www.mainecampaignfinancedisclosure.com/public/activities/a_01kqf4817ce7wrf8mkztv3nbhs,2026-10-05 14:48,Primary,,,2026-04-30 08:01
a_01kqdewtqkfxsb7c8j8b9r02vn,2026-04-27,Restoration of America PAC Maine,Independent Expenditure,33292.00,Majority Strategies LLC,MHS - Direct mail (all costs included),Production and delivery of mailers,Garrett Paul Mason,Support,33292.00,Governor,Governor,-,Republican,https://www.mainecampaignfinancedisclosure.com/public/activities/a_01kqdewtqkfxsb7c8j8b9r02vn,2026-10-05 14:48,Primary,,,2026-04-29 16:29
a_01kqd5q9geehwbswyt8edt8kg1,2026-04-24,MAINE CONSERVATION VOTERS ACTION FUND,Independent Expenditure,27312.61,Moxie Media,"POS - Postage, mailbox fees","mail postage - revised with actual amount from $27,278.65 estimate",Hannah Pingree,Support,27312.61,Governor,Governor,-,Democratic,https://www.mainecampaignfinancedisclosure.com/public/activities/a_01kqd5q9geehwbswyt8edt8kg1,2026-10-05 14:48,Primary,,,2026-04-29 13:48
a_01kq0b63pyfeetj0rxqc4s7rmc,2026-04-24,MAINE CONSERVATION VOTERS ACTION FUND,Independent Expenditure,22602.00,Moxie Media,MHS - Direct mail (all costs included),mail,Hannah Pingree,Support,22602.00,Governor,Governor,-,Democratic,https://www.mainecampaignfinancedisclosure.com/public/activities/a_01kq0b63pyfeetj0rxqc4s7rmc,2026-10-05 14:48,Primary,,,2026-04-24 14:14
a_01kpy3cnr6ejwv7x8z7m65z36g,2026-04-21,Restoration of America PAC Maine,Independent Expenditure,30128.00,Majority Strategies LLC,MHS - Direct mail (all costs included),Production and delivery of mailers,Garrett Paul Mason,Support,30128.00,Governor,Governor,-,Republican,https://www.mainecampaignfinancedisclosure.com/public/activities/a_01kpy3cnr6ejwv7x8z7m65z36g,2026-10-05 14:48,Primary,,,2026-04-23 17:19
a_01kpx8e22hejks5m9chdynyr1h,2026-04-23,MAINE CONSERVATION VOTERS ACTION FUND,Independent Expenditure,1885.00,Dale Rand Printing,OTH - Other,Branded letterhead and envelopes,Hannah Pingree,Support,1885.00,Governor,Governor,-,Democratic,https://www.mainecampaignfinancedisclosure.com/public/activities/a_01kpx8e22hejks5m9chdynyr1h,2026-10-05 14:48,Primary,,,2026-04-23 09:28
a_01kpef8tyyeysb3dq0jweve0tv,2026-04-16,Restoration of America PAC Maine,Independent Expenditure,890567.40,Gen2 Solutions LLC,TVN - TV ads and production,Production and placement of TV and radio advertisements,Garrett Paul Mason,Support,890567.40,Governor,Governor,-,Republican,https://www.mainecampaignfinancedisclosure.com/public/activities/a_01kpef8tyyeysb3dq0jweve0tv,2026-10-05 14:48,Primary,,,2026-04-17 15:39
a_01kpef4tmxehhssetvrhcw1n92,2026-04-16,Restoration of America PAC Maine,Independent Expenditure,38038.05,Majority Strategies LLC,MHS - Direct mail (all costs included),Production and delivery of mailers,Garrett Paul Mason,Support,38038.05,Governor,Governor,-,Republican,https://www.mainecampaignfinancedisclosure.com/public/activities/a_01kpef4tmxehhssetvrhcw1n92,2026-10-05 14:48,Primary,,,2026-04-17 15:37
a_01kp971kj2ev9sjfsewyjp1mgf,2026-03-06,RECLAIM MAINE,Independent Expenditure,12493.38,Lariat Strategies LLC,"ONL - Social media, online ads",Digital ads in support of Bobby Charles,Robert B. Charles,Support,12493.38,Governor,Governor,-,Republican,https://www.mainecampaignfinancedisclosure.com/public/activities/a_01kp971kj2ev9sjfsewyjp1mgf,2026-10-05 14:49,Primary,Bobby Charles,,2026-04-15 14:39
a_01kp8xz4kqfjbrw3817sjfvmtj,2026-04-15,MPA CAMPAIGN VOTE!,Independent Expenditure,15000.00,MAINE PEOPLE'S ALLIANCE,"PER - Staffing, consulting",Canvass and Digital,Shenna Bellows,Support,15000.00,Governor,Governor,-,Democratic,https://www.mainecampaignfinancedisclosure.com/public/activities/a_01kp8xz4kqfjbrw3817sjfvmtj,2026-10-05 14:48,Primary,,,2026-04-15 12:00
a_01knvy0zfveaer24w1egpkez9e,2026-04-15,"Maine Dream, Inc.",Independent Expenditure,51134.00,Storytellers Group LLC,MHS - Direct mail (all costs included),Mail Production/Postage,Jonathan Bush,Support,51134.00,Governor,Governor,-,Republican,https://www.mainecampaignfinancedisclosure.com/public/activities/a_01knvy0zfveaer24w1egpkez9e,2026-10-05 14:48,Primary,,,2026-04-10 10:51
a_01kntryvtxep5b11906he53aag,2026-02-26,Restoration of America PAC Maine,Independent Expenditure,1367865.65,Gen2 Solutions LLC,TVN - TV ads and production,Production and placement of TV advertisements,Garrett Paul Mason,Support,1367865.65,Governor,Governor,-,Republican,https://www.mainecampaignfinancedisclosure.com/public/activities/a_01kntryvtxep5b11906he53aag,2026-10-05 14:49,Primary,,,2026-04-10 00:03
a_01kntrezd5fw7vfy845gwp3c1y,2026-01-28,Restoration of America PAC Maine,Independent Expenditure,799403.40,Gen2 Solutions LLC,TVN - TV ads and production,Production and placement of TV advertisements,Garrett Paul Mason,Support,799403.40,Governor,Governor,-,Republican,https://www.mainecampaignfinancedisclosure.com/public/activities/a_01kntrezd5fw7vfy845gwp3c1y,2026-10-05 14:49,Primary,,,2026-04-09 23:55
a_01knt5g2sxfc68s10v1f7gsrrh,2026-04-08,MAINE CONSERVATION VOTERS ACTION FUND,Independent Expenditure,38780.00,SKDKnickerbocker LLC,TVN - TV ads and production,TV/OTT ads and production,Hannah Pingree,Support,38780.00,Governor,Governor,-,Democratic,https://www.mainecampaignfinancedisclosure.com/public/activities/a_01knt5g2sxfc68s10v1f7gsrrh,2026-10-05 14:48,Primary,,,2026-04-09 18:23
a_01knt5b952evf9tny3jakvmbha,2026-04-08,MAINE CONSERVATION VOTERS ACTION FUND,Independent Expenditure,36220.00,SKDKnickerbocker LLC,"ONL - Social media, online ads",social media/online ads and production,Hannah Pingree,Support,36220.00,Governor,Governor,-,Democratic,https://www.mainecampaignfinancedisclosure.com/public/activities/a_01knt5b952evf9tny3jakvmbha,2026-10-05 14:48,Primary,,,2026-04-09 18:21
a_01knsyh755f2995jwxpw3yb9gd,2026-04-09,MAINE CONSERVATION VOTERS ACTION FUND,Independent Expenditure,730.13,MAINE CONSERVATION VOTERS,"PER - Staffing, consulting",Staff Time April 1-9,Hannah Pingree,Support,730.13,Governor,Governor,-,Democratic,https://www.mainecampaignfinancedisclosure.com/public/activities/a_01knsyh755f2995jwxpw3yb9gd,2026-10-05 14:48,Primary,,,2026-04-09 16:21
a_01knq7bb2rfcnb60fz55v8p3q4,2026-02-09,MAINE DEMOCRATIC STATE COMMITTEE,Independent Expenditure,2231.96,Convergence Targeted Communication,MHS - Direct mail (all costs included),mail,Scott A. Harriman,Oppose,2231.96,Representative District 94,Representative,94,Democratic,https://www.mainecampaignfinancedisclosure.com/public/activities/a_01knq7bb2rfcnb60fz55v8p3q4,2026-10-05 14:49,Primary,Scott Harriman,94,2026-04-08 14:58
a_01knq79yz3f1wtn1xten674dyz,2026-01-31,MAINE DEMOCRATIC STATE COMMITTEE,Independent Expenditure,5875.00,Convergence Targeted Communication,"ONL - Social media, online ads",online ads,Scott A. Harriman,Support,5875.00,Representative District 94,Representative,94,Democratic,https://www.mainecampaignfinancedisclosure.com/public/activities/a_01knq79yz3f1wtn1xten674dyz,2026-10-05 14:49,Primary,Scott Harriman,94,2026-04-08 14:57
a_01knq77jreezstqqgfsxe2ns0v,2026-01-27,MAINE DEMOCRATIC STATE COMMITTEE,Independent Expenditure,1115.98,Convergence Targeted Communication,MHS - Direct mail (all costs included),mail,Janet Beaudoin,Oppose,1115.98,,,,,https://www.mainecampaignfinancedisclosure.com/public/activities/a_01knq77jreezstqqgfsxe2ns0v,2026-10-05 14:49,Primary,,,2026-04-08 14:56
a_01knq754f0e8h9kj24w0vcdqwy,2026-01-27,MAINE DEMOCRATIC STATE COMMITTEE,Independent Expenditure,7691.30,Convergence Targeted Communication,MHS - Direct mail (all costs included),Mail,Scott A. Harriman,Support,7691.30,Representative District 94,Representative,94,Democratic,https://www.mainecampaignfinancedisclosure.com/public/activities/a_01knq754f0e8h9kj24w0vcdqwy,2026-10-05 14:49,Primary,Scott Harriman,94,2026-04-08 14:54
a_01knq406csfq6stmy7htd51dej,2026-02-24,Maine Republican Party,Independent Expenditure,150.20,Numinar Inc,"PHO - Phone bank, robocalls/texts",SMS Advertising,Janet Inger Beaudoin,Support,150.20,Representative District 94,Representative,94,Republican,https://www.mainecampaignfinancedisclosure.com/public/activities/a_01knq406csfq6stmy7htd51dej,2026-10-05 14:49,Primary,,94,2026-04-08 13:59
a_01knpsraf9ese82b8wspjqp6z3,2026-04-07,MAINE CONSERVATION VOTERS ACTION FUND,Independent Expenditure,500.00,Northeast Media Collective,WEB - Website costs,Website Page,Hannah Pingree,Support,500.00,Governor,Governor,-,Democratic,https://www.mainecampaignfinancedisclosure.com/public/activities/a_01knpsraf9ese82b8wspjqp6z3,2026-10-05 14:48,Primary,,,2026-04-08 11:00
a_01knjcn4y2e23t229tkcthcb5d,2026-04-03,"Maine Dream, Inc.",Independent Expenditure,338191.82,Firewall Placement,TVN - TV ads and production,Ad Production/Placement,Jonathan Bush,Support,338191.82,Governor,Governor,-,Republican,https://www.mainecampaignfinancedisclosure.com/public/activities/a_01knjcn4y2e23t229tkcthcb5d,2026-10-05 14:49,Primary,,,2026-04-06 17:54
a_01kn9sykz4fs6tg7spyffnvx2f,2026-03-31,MAINE CONSERVATION VOTERS ACTION FUND,Independent Expenditure,23.24,MAINE CONSERVATION VOTERS,"ONL - Social media, online ads",Social media post,Hannah Pingree,Support,23.24,Governor,Governor,-,Democratic,https://www.mainecampaignfinancedisclosure.com/public/activities/a_01kn9sykz4fs6tg7spyffnvx2f,2026-10-05 14:49,Primary,,,2026-04-03 09:54
a_01kn5dk4vmejrrrta5h7a1ztnw,2026-03-31,MAINE CONSERVATION VOTERS ACTION FUND,Independent Expenditure,548.70,MAINE CONSERVATION VOTERS,"PER - Staffing, consulting",Staff time - March,Hannah Pingree,Support,548.70,Governor,Governor,-,Democratic,https://www.mainecampaignfinancedisclosure.com/public/activities/a_01kn5dk4vmejrrrta5h7a1ztnw,2026-10-05 14:49,Primary,,,2026-04-01 17:01
a_01kn2t4b13ff9tddpcw3dek0gx,2026-03-31,MAINE CONSERVATION VOTERS ACTION FUND,Independent Expenditure,60500.00,SKDKnickerbocker LLC,"ONL - Social media, online ads",social media/online ads and production,Hannah Pingree,Support,60500.00,Governor,Governor,-,Democratic,https://www.mainecampaignfinancedisclosure.com/public/activities/a_01kn2t4b13ff9tddpcw3dek0gx,2026-10-05 14:49,Primary,,,2026-03-31 16:42
a_01kn2sz36ef0gtkqm00f6qd8sd,2026-03-31,MAINE CONSERVATION VOTERS ACTION FUND,Independent Expenditure,64500.00,SKDKnickerbocker LLC,TVN - TV ads and production,TV/OTT ads and production,Hannah Pingree,Support,64500.00,Governor,Governor,-,Democratic,https://www.mainecampaignfinancedisclosure.com/public/activities/a_01kn2sz36ef0gtkqm00f6qd8sd,2026-10-05 14:49,Primary,,,2026-03-31 16:39
a_01kn2b6nvnf1ytzqedn42ehgtm,2026-02-12,MAINE CONSERVATION VOTERS ACTION FUND,Independent Expenditure,53.61,MAINE CONSERVATION VOTERS,"PER - Staffing, consulting",Staff time to produce Email endorsing Scott Harriman in DH 94 special election,Scott A. Harriman,Support,53.61,Representative District 94,Representative,94,Democratic,https://www.mainecampaignfinancedisclosure.com/public/activities/a_01kn2b6nvnf1ytzqedn42ehgtm,2026-10-05 14:49,Primary,Scott Harriman,94,2026-03-31 12:21
a_01kn26s2c7e23tpzsw74dhp54e,2026-03-02,MAINE CONSERVATION VOTERS ACTION FUND,Independent Expenditure,1236.80,MAINE CONSERVATION VOTERS,WEB - Website costs,Email endorsing Hannah Pingree,Hannah Pingree,Support,1236.80,Governor,Governor,-,Democratic,https://www.mainecampaignfinancedisclosure.com/public/activities/a_01kn26s2c7e23tpzsw74dhp54e,2026-10-05 14:49,Primary,,,2026-03-31 11:04
a_01kn26pc10fe2rqbmj17my725a,2026-02-12,MAINE CONSERVATION VOTERS ACTION FUND,Independent Expenditure,4.32,MAINE CONSERVATION VOTERS,WEB - Website costs,Email endorsing Scott Harriman in DH 94 special election,Scott A. Harriman,Support,4.32,Representative District 94,Representative,94,Democratic,https://www.mainecampaignfinancedisclosure.com/public/activities/a_01kn26pc10fe2rqbmj17my725a,2026-10-05 14:49,Primary,Scott Harriman,94,2026-03-31 11:02
a_01kn266gyqe3er8nj1tdp8qjv8,2026-03-12,MAINE CONSERVATION VOTERS ACTION FUND,Independent Expenditure,12500.00,Tavern Research Inc.,"POL - Polling, survey research","Unrelated to special election, Survey of likely Maine democratic primary voters",Hannah Pingree,Support,12500.00,Governor,Governor,-,Democratic,https://www.mainecampaignfinancedisclosure.com/public/activities/a_01kn266gyqe3er8nj1tdp8qjv8,2026-10-05 14:49,Primary,,,2026-03-31 10:54
a_01kme13nj1ec3rmhza7sxrg51q,2026-02-16,MAINE DEMOCRATIC STATE COMMITTEE,Independent Expenditure,700.00,Convergence Targeted Communication,"PHO - Phone bank, robocalls/texts",phones,Scott A. Harriman,Support,700.00,Representative District 94,Representative,94,Democratic,https://www.mainecampaignfinancedisclosure.com/public/activities/a_01kme13nj1ec3rmhza7sxrg51q,2026-10-05 14:49,Primary,Scott Harriman,94,2026-03-23 15:00
a_01kme0z4dkeh3ajrmpfsw7s36w,2026-02-16,MAINE DEMOCRATIC STATE COMMITTEE,Independent Expenditure,6434.28,Convergence Targeted Communication,MHS - Direct mail (all costs included),Mail,Scott A. Harriman,Support,4334.28,Representative District 94,Representative,94,Democratic,https://www.mainecampaignfinancedisclosure.com/public/activities/a_01kme0z4dkeh3ajrmpfsw7s36w,2026-10-05 14:49,Primary,Scott Harriman,94,2026-03-23 14:57
a_01kme0z4dkeh3ajrmpfsw7s36w,2026-02-16,MAINE DEMOCRATIC STATE COMMITTEE,Independent Expenditure,6434.28,Convergence Targeted Communication,MHS - Direct mail (all costs included),Mail,Janet Beaudoin,Oppose,2100.00,,,,,https://www.mainecampaignfinancedisclosure.com/public/activities/a_01kme0z4dkeh3ajrmpfsw7s36w,2026-10-05 14:49,Primary,,,2026-03-23 14:57
a_01kme0vzqre4xsb12em8bmqt9m,2026-02-11,MPA CAMPAIGN VOTE!,Independent Expenditure,325.00,Maine People's Alliance,"PER - Staffing, consulting",canvass and organizing contract,Scott A. Harriman,Support,325.00,Representative District 94,Representative,94,Democratic,https://www.mainecampaignfinancedisclosure.com/public/activities/a_01kme0vzqre4xsb12em8bmqt9m,2026-10-05 14:49,Primary,Scott Harriman,94,2026-03-23 14:56
a_01kme0qryqekctjzyqwxvade90,2026-02-09,MAINE DEMOCRATIC STATE COMMITTEE,Independent Expenditure,2231.96,Convergence Targeted Communication,MHS - Direct mail (all costs included),Mail,Scott A. Harriman,Support,2231.96,Representative District 94,Representative,94,Democratic,https://www.mainecampaignfinancedisclosure.com/public/activities/a_01kme0qryqekctjzyqwxvade90,2026-10-05 14:49,Primary,Scott Harriman,94,2026-03-23 14:53
a_01kme0n46feg599s80xrz6h2e1,2026-01-31,MAINE DEMOCRATIC STATE COMMITTEE,Independent Expenditure,5875.00,Convergence Targeted Communication,"ONL - Social media, online ads",digital ads,Scott A. Harriman,Support,5875.00,Representative District 94,Representative,94,Democratic,https://www.mainecampaignfinancedisclosure.com/public/activities/a_01kme0n46feg599s80xrz6h2e1,2026-10-05 14:49,Primary,Scott Harriman,94,2026-03-23 14:52
a_01kme0hmccfq1v6pzwtgm4wpzc,2026-01-28,LEWISTON DEMOCRATIC CITY COMMITTEE,Independent Expenditure,550.00,Lincoln County Publishing,MHS - Direct mail (all costs included),postcard,Scott A. Harriman,Support,550.00,Representative District 94,Representative,94,Democratic,https://www.mainecampaignfinancedisclosure.com/public/activities/a_01kme0hmccfq1v6pzwtgm4wpzc,2026-10-05 14:49,Primary,Scott Harriman,94,2026-03-23 14:50
a_01kmdxed82fjbba5664qbfsbm2,2026-01-27,MAINE DEMOCRATIC STATE COMMITTEE,Independent Expenditure,8807.28,Convergence Targeted Communication,MHS - Direct mail (all costs included),direct mail,Scott A. Harriman,Support,7691.30,Representative District 94,Representative,94,Democratic,https://www.mainecampaignfinancedisclosure.com/public/activities/a_01kmdxed82fjbba5664qbfsbm2,2026-10-05 14:49,Primary,Scott Harriman,94,2026-03-23 13:56
a_01kmdxed82fjbba5664qbfsbm2,2026-01-27,MAINE DEMOCRATIC STATE COMMITTEE,Independent Expenditure,8807.28,Convergence Targeted Communication,MHS - Direct mail (all costs included),direct mail,Janet Beaudoin,Oppose,1115.98,,,,,https://www.mainecampaignfinancedisclosure.com/public/activities/a_01kmdxed82fjbba5664qbfsbm2,2026-10-05 14:49,Primary,,,2026-03-23 13:56
a_01kf4es7eces5946c0a9htd02v,2025-02-25,Maine Republican Party,Independent Expenditure,792.80,SPECTRUM MARKETING COMPANIES,MHS - Direct mail (all costs included),GOTV MAILERS,"Fish, Carolyn",Support,792.80,,,,,https://www.mainecampaignfinancedisclosure.com/public/activities/a_01kf4es7eces5946c0a9htd02v,2026-10-05 14:49,2025 Special,,,2025-02-25 00:00
a_06ffhwpgy2e01r001t86dqq3t0,2025-02-21,RSLC PAC,Independent Expenditure,555.50,Foundation Strategies LLC,"PHO - Phone bank, robocalls/texts",Text messages,"Fish, Carolyn",Support,555.50,,,,,https://www.mainecampaignfinancedisclosure.com/public/activities/a_06ffhwpgy2e01r001t86dqq3t0,2026-10-05 14:49,2025 Special,,,2025-02-21 00:00
a_01kg8y35ypeg2v4kgccaa7anvw,2025-02-20,MAINE DEMOCRATIC STATE COMMITTEE,Independent Expenditure,450.00,Convergence Targeted Communications,"PHO - Phone bank, robocalls/texts",Phones/Texts,Sean Faircloth,Support,450.00,Representative District 24,Representative,24,Democratic,https://www.mainecampaignfinancedisclosure.com/public/activities/a_01kg8y35ypeg2v4kgccaa7anvw,2026-10-05 14:49,2025 Special,Sean F. Faircloth,24,2025-02-20 00:00
a_06ffhwpgy1fezr006x3zqr6k6r,2025-02-20,MAINE DEMOCRATIC STATE COMMITTEE,Independent Expenditure,450.00,Convergence Targeted Communications,"PHO - Phone bank, robocalls/texts",Phones/Texts,Sean Faircloth,Support,450.00,Representative District 24,Representative,24,Democratic,https://www.mainecampaignfinancedisclosure.com/public/activities/a_06ffhwpgy1fezr006x3zqr6k6r,2026-10-05 14:49,2025 Special,"Faircloth, Sean F.",24,2025-02-20 00:00
a_06ffhwpgy1fx580009aevtgc24,2025-02-20,Maine Republican Party,Independent Expenditure,594.60,Spectrum Marketing,MHS - Direct mail (all costs included),GOTV MAILERS,"Fish, Carolyn",Support,594.60,,,,,https://www.mainecampaignfinancedisclosure.com/public/activities/a_06ffhwpgy1fx580009aevtgc24,2026-10-05 14:49,2025 Special,,,2025-02-20 00:00
a_06ffhwpgy1fyyr0002wbme4t22,2025-02-18,Maine First PAC,Independent Expenditure,528.31,Bangor Letter Shop,MHS - Direct mail (all costs included),Direct Mailing,"Fish, Carolyn",Support,528.31,,,,,https://www.mainecampaignfinancedisclosure.com/public/activities/a_06ffhwpgy1fyyr0002wbme4t22,2026-10-05 14:49,2025 Special,,,2025-02-18 00:00
a_06ffhwpgy1fxgr001rymv751b8,2025-02-17,Maine Republican Party,Independent Expenditure,1020.19,SPECTRUM MARKETING COMPANIES,MHS - Direct mail (all costs included),GOTV Mailers,"Fish, Carolyn",Support,1020.19,,,,,https://www.mainecampaignfinancedisclosure.com/public/activities/a_06ffhwpgy1fxgr001rymv751b8,2026-10-05 14:49,2025 Special,,,2025-02-17 00:00
a_06ffhwpgy1fy880015wmesgf3a,2025-02-12,Maine Republican Party,Independent Expenditure,1963.42,SPECTRUM MARKETING COMPANIES,MHS - Direct mail (all costs included),Mailers,"Fish, Carolyn",Support,1963.42,,,,,https://www.mainecampaignfinancedisclosure.com/public/activities/a_06ffhwpgy1fy880015wmesgf3a,2026-10-05 14:49,2025 Special,,,2025-02-12 00:00
a_06ffhwpgy1fzar004kv2ydsdmx,2025-02-12,Maine First PAC,Independent Expenditure,733.00,Bangor Letter Shop,MHS - Direct mail (all costs included),Direct Mailing,"Fish, Carolyn",Support,733.00,,,,,https://www.mainecampaignfinancedisclosure.com/public/activities/a_06ffhwpgy1fzar004kv2ydsdmx,2026-10-05 14:50,2025 Special,,,2025-02-12 00:00
a_06ffhwpgy1ffb80001qvkafc6w,2025-02-11,MAINE DEMOCRATIC STATE COMMITTEE,Independent Expenditure,5318.46,Convergence Targeted Communications,MHS - Direct mail (all costs included),Mail,Sean Faircloth,Support,5318.46,Representative District 24,Representative,24,Democratic,https://www.mainecampaignfinancedisclosure.com/public/activities/a_06ffhwpgy1ffb80001qvkafc6w,2026-10-05 14:50,2025 Special,"Faircloth, Sean F.",24,2025-02-11 00:00
a_06ffhwpgy1fxwr002bsdck4f5n,2025-02-10,Maine Republican Party,Independent Expenditure,1275.31,SPECTRUM MARKETING COMPANIES,MHS - Direct mail (all costs included),Mailers,"Fish, Carolyn",Support,1275.31,,,,,https://www.mainecampaignfinancedisclosure.com/public/activities/a_06ffhwpgy1fxwr002bsdck4f5n,2026-10-05 14:50,2025 Special,,,2025-02-10 00:00
